relative_path,bytes,sha256
prisoners_dilemma_punishment/080401_claude-opus-4-6-three/data/agent_states1.json,103222,677604175e448d8ec2738f27607dc9d92a5687236cbd0c6357d82a9ee27cc35d
prisoners_dilemma_punishment/080401_claude-opus-4-6-three/data/agent_states2.json,100312,f45f65044ef46a782ea5966ea0c3c528e6c2bb2bc91980032740804bf96d379c
prisoners_dilemma_punishment/080401_claude-opus-4-6-three/data/experiment_config.json,128,905d9abae42d8f40dcfd682cf517a5769b84b932e1e028e1b2f20b90c504efcc
prisoners_dilemma_punishment/080401_claude-opus-4-6-three/data/game_log1.json,102091,3ace09ea2a768e5898a6c087ff4ed7fc7ee05e9f18efaf859d3c1a720725f746
prisoners_dilemma_punishment/080401_claude-opus-4-6-three/data/game_log2.json,104754,773dcd87934b490392ba393336dbbf41692921e885c5e80ca72887d2bf5bb4e2
prisoners_dilemma_punishment/080401_claude-opus-4-6-three/data/game_log3.json,108836,04df15a5baa3fd878b7cbc71a8297e2f0f7aafa658a4d6534fb1fb9534608feb
prisoners_dilemma_punishment/080401_claude-opus-4-6-three/data/game_stats1.json,318,7f54f2f2334d197fdd235f1dc439ca513c92f1c02e0fe110a6b2584028ad9845
prisoners_dilemma_punishment/080401_claude-opus-4-6-three/data/game_stats2.json,318,7f54f2f2334d197fdd235f1dc439ca513c92f1c02e0fe110a6b2584028ad9845
prisoners_dilemma_punishment/080402_gemini-3.1-pro-preview-three/data/agent_states1.json,102314,f452aca83d163f01e10ffbb55ba40613aa693cd7ae387ce2e270ffbe46e87d6a
prisoners_dilemma_punishment/080402_gemini-3.1-pro-preview-three/data/agent_states2.json,99428,95c822a6fb1dfec2b964a311e554dc3c1bdeb5abf670ae4d50114be35943922d
prisoners_dilemma_punishment/080402_gemini-3.1-pro-preview-three/data/experiment_config.json,128,905d9abae42d8f40dcfd682cf517a5769b84b932e1e028e1b2f20b90c504efcc
prisoners_dilemma_punishment/080402_gemini-3.1-pro-preview-three/data/game_log1.json,96483,7f87aef0eeb7f817b46da0e2b67b3fe2da7f19fb9242330cd2328d7a31cfc1e7
prisoners_dilemma_punishment/080402_gemini-3.1-pro-preview-three/data/game_log2.json,96132,500361b2fa01a77d54b8024d0e8e4d3496d39f0770d8d1cd68d3be24a26e6b21
prisoners_dilemma_punishment/080402_gemini-3.1-pro-preview-three/data/game_log3.json,96456,297c06ebbf8d84e7e10614f59112a9866d3ef8e14ff7880ece10a8299f66ae9b
prisoners_dilemma_punishment/080402_gemini-3.1-pro-preview-three/data/game_stats1.json,348,399a11adb2c003fa45c8aa5d1693ea6304d215d1148238b0127f5cf6786cbc67
prisoners_dilemma_punishment/080402_gemini-3.1-pro-preview-three/data/game_stats2.json,350,56c552f15d190dafca87a28b8ad6d0279516e90f00cf724e8729ae61928a4ce2
prisoners_dilemma_punishment/080403_gpt-5.4-three/data/agent_states1.json,102262,10bc60567723689f1e3976e5bfc569573c24ca492afbf76d4e05b6ce5813f2d5
prisoners_dilemma_punishment/080403_gpt-5.4-three/data/agent_states2.json,98772,e2b74487428f168884f3a08f23c0693f8cfab3f0ea650c325453bf2c9edc8713
prisoners_dilemma_punishment/080403_gpt-5.4-three/data/experiment_config.json,128,905d9abae42d8f40dcfd682cf517a5769b84b932e1e028e1b2f20b90c504efcc
prisoners_dilemma_punishment/080403_gpt-5.4-three/data/game_log1.json,115022,b2ffb5e11569fbea00f2675a28778ddf45d20f809c2a4a099119205f1adcd89a
prisoners_dilemma_punishment/080403_gpt-5.4-three/data/game_log2.json,115397,a7379273fa9ed58d855b7459ae7c6a5bf39ffee3ccfe3178ffb0469450c600a4
prisoners_dilemma_punishment/080403_gpt-5.4-three/data/game_log3.json,115645,c2dcbe7029fd5473a093c0eace3586ab241ec5fa8fc023f704aebf0eda246a70
prisoners_dilemma_punishment/080403_gpt-5.4-three/data/game_stats1.json,316,d9577e784b5ca0043601b21068d690775bd2391752b902b1a95eeba89adf173e
prisoners_dilemma_punishment/080403_gpt-5.4-three/data/game_stats2.json,316,d9577e784b5ca0043601b21068d690775bd2391752b902b1a95eeba89adf173e
prisoners_dilemma_punishment/080404_kimi-k2.6-three/data/agent_states1.json,102292,8d5ed89b9419ca9a73abe5fd07d205ffa06ccaaab8a054078f688dc1747bb649
prisoners_dilemma_punishment/080404_kimi-k2.6-three/data/agent_states2.json,99364,7b77a29e590ebfb399154b078aa8316349043fe8ea4133d35e1f53d243a05d61
prisoners_dilemma_punishment/080404_kimi-k2.6-three/data/experiment_config.json,128,905d9abae42d8f40dcfd682cf517a5769b84b932e1e028e1b2f20b90c504efcc
prisoners_dilemma_punishment/080404_kimi-k2.6-three/data/game_log1.json,155409,7caa479f172ff9841bd5b0c00440b2bc4e339ea9496ab3caec06fbe7ce2f644d
prisoners_dilemma_punishment/080404_kimi-k2.6-three/data/game_log2.json,156289,837eea355b314bf4045a2de6434444e1f911bf2682f6619d23632cf8be081325
prisoners_dilemma_punishment/080404_kimi-k2.6-three/data/game_log3.json,151269,d314a0bee2ed803fc6ce17a03fcccbde58e99bea1192cb70378d23c982540825
prisoners_dilemma_punishment/080404_kimi-k2.6-three/data/game_stats1.json,353,5a9186256e5fcd16ffb910ccad0fc1340aa9d071cd6b1b3ffdf32ab528d36182
prisoners_dilemma_punishment/080404_kimi-k2.6-three/data/game_stats2.json,322,457599b2334707bb9514ce04734a0085de50898e2f3e7dda79605300306225b2
prisoners_dilemma_punishment/080405_grok-4.3-three/data/agent_states1.json,102688,3f2a4c9435d5afb0702f0982d19507e1a5010c5fe952b07655091a9bddad57bc
prisoners_dilemma_punishment/080405_grok-4.3-three/data/agent_states2.json,99686,2f49ec074d8661f7e3b711cd110f81eea80ae5ca9bd3d8ccb16694f1a576b6e9
prisoners_dilemma_punishment/080405_grok-4.3-three/data/experiment_config.json,128,905d9abae42d8f40dcfd682cf517a5769b84b932e1e028e1b2f20b90c504efcc
prisoners_dilemma_punishment/080405_grok-4.3-three/data/game_log1.json,103001,f3a7c7e9b4758ba15e19ad4170203df59a76942f79074f948ec6b69e849cef65
prisoners_dilemma_punishment/080405_grok-4.3-three/data/game_log2.json,102405,67ebecfce0b32b2eea6c36e7adeadb6f72f1f6dd56c65267dca3285b844b762c
prisoners_dilemma_punishment/080405_grok-4.3-three/data/game_log3.json,102455,52d430cba4af299b45e2aaddb35fcbd1b946f143d8c1ce0ec019a5a9ac84c8cf
prisoners_dilemma_punishment/080405_grok-4.3-three/data/game_stats1.json,328,67964108a62c70a5141526266cbde0203767937acf892883a071eb12fd08534e
prisoners_dilemma_punishment/080405_grok-4.3-three/data/game_stats2.json,368,1488f161d58f779e21a93d3d5400372a5eb7f81393e11bbf41c8d949ad27909a
prisoners_dilemma_punishment/080408_glm-5.1-three/data/agent_states1.json,102278,c5d91c166958fdbf24adf9b1939d27dbadf32bc82b898f1b3c849641159e901f
prisoners_dilemma_punishment/080408_glm-5.1-three/data/agent_states2.json,98788,46ba036557c72e32454b9b32adfd0c934af47a5200af50e4c98ac584a002e2d0
prisoners_dilemma_punishment/080408_glm-5.1-three/data/experiment_config.json,128,905d9abae42d8f40dcfd682cf517a5769b84b932e1e028e1b2f20b90c504efcc
prisoners_dilemma_punishment/080408_glm-5.1-three/data/game_log1.json,116153,5d7dba756453c0c4d0e33fad65ca0b5e48eef49fd1b1ea40cbe9d06c11a5db01
prisoners_dilemma_punishment/080408_glm-5.1-three/data/game_log2.json,115642,0ce32452a6693005c056823c68f58a3ab54d0ba84c84307d7e7150798b678500
prisoners_dilemma_punishment/080408_glm-5.1-three/data/game_log3.json,114865,2ace1e89f74a07a4291fa88193312ebaa304096d5275b3ae9063e055a5c8be3e
prisoners_dilemma_punishment/080408_glm-5.1-three/data/game_stats1.json,348,d98b6d212e3ffb6e33048e56791df0c7d26599219bdb8891857606b331db03bd
prisoners_dilemma_punishment/080408_glm-5.1-three/data/game_stats2.json,348,d98b6d212e3ffb6e33048e56791df0c7d26599219bdb8891857606b331db03bd
prisoners_dilemma_reputation/072801_gpt-5.4_three/data/agent_states1.json,102262,10bc60567723689f1e3976e5bfc569573c24ca492afbf76d4e05b6ce5813f2d5
prisoners_dilemma_reputation/072801_gpt-5.4_three/data/agent_states2.json,99356,0a10727fc09589ce8a21f7ead834e9afcb187c4edc11a7277ed97ba561567326
prisoners_dilemma_reputation/072801_gpt-5.4_three/data/experiment_config.json,461,aac9936353b2d4837f3e1850830e0829ba9b7b9ad20b9acac13ff1629ce95f1a
prisoners_dilemma_reputation/072801_gpt-5.4_three/data/game_log1.json,128144,27f2e9bfc3aba67805db010423b845dd6aa02ba89ce49e4cbf518b926a66df71
prisoners_dilemma_reputation/072801_gpt-5.4_three/data/game_log2.json,128205,041cdaa9a18de01d963101173fe7ac41be215c2fd71f1cdb9d19c83fd7fb7b7d
prisoners_dilemma_reputation/072801_gpt-5.4_three/data/game_log3.json,127470,7b4d17dbdd0903bc22aa37dc8085325f5856edc129ac7b4b2966217574b4426a
prisoners_dilemma_reputation/072801_gpt-5.4_three/data/game_stats1.json,64,a76b82a85c7f28e6298db523abbbed23220ee0f66edc646b44a882bf6a129945
prisoners_dilemma_reputation/072801_gpt-5.4_three/data/game_stats2.json,64,a76b82a85c7f28e6298db523abbbed23220ee0f66edc646b44a882bf6a129945
prisoners_dilemma_reputation/072801_gpt-5.4_three/data/reputation_audit1.json,78250,46cff4397718a07a498228bdd3750af7d75774dcd5daf8dde010ba215a8d799e
prisoners_dilemma_reputation/072801_gpt-5.4_three/data/reputation_audit2.json,78247,8d3559285e5e0f7768e1700ab624fefe2dfd6026bca111252ee732a4bfc45575
prisoners_dilemma_reputation/072802_gemini-3.1-pro-preview-three/data/agent_states1.json,103222,677604175e448d8ec2738f27607dc9d92a5687236cbd0c6357d82a9ee27cc35d
prisoners_dilemma_reputation/072802_gemini-3.1-pro-preview-three/data/agent_states2.json,100267,e2466290b537eeb8a1d2d563f7190b69a4a740adb6bebdc9a8455428846a879d
prisoners_dilemma_reputation/072802_gemini-3.1-pro-preview-three/data/experiment_config.json,461,aac9936353b2d4837f3e1850830e0829ba9b7b9ad20b9acac13ff1629ce95f1a
prisoners_dilemma_reputation/072802_gemini-3.1-pro-preview-three/data/game_log1.json,127173,fdfb30166b3ab438f4a42acb46d2771e43c970d2148a6b69eb5caa9ff358b5cc
prisoners_dilemma_reputation/072802_gemini-3.1-pro-preview-three/data/game_log2.json,126745,64692b28a92bfe9e74a0f3ca44efab2b9eb40c00f4b1b7be2db9df58301cb8bb
prisoners_dilemma_reputation/072802_gemini-3.1-pro-preview-three/data/game_log3.json,126413,faa9b63a4e713faaa2124092cc4595ddbf544cf4e37d996c1c654155cbefaf86
prisoners_dilemma_reputation/072802_gemini-3.1-pro-preview-three/data/game_stats1.json,66,f3af6ab245198cb230e5d9ed12cf92feb60f22a08b21fe2b0f5a45db724ef29d
prisoners_dilemma_reputation/072802_gemini-3.1-pro-preview-three/data/game_stats2.json,66,3908971d469ba574a07aeb07d4afd00b13965a00924d773457eb47c8d1d391fc
prisoners_dilemma_reputation/072802_gemini-3.1-pro-preview-three/data/reputation_audit1.json,79277,b71a2fc1e3ffca40ee75a22d27cfe052a67096a5a9eff942b4ba7cfc90cb899e
prisoners_dilemma_reputation/072802_gemini-3.1-pro-preview-three/data/reputation_audit2.json,79238,15cbfc718fd86f1d697e0d07f11277618c4292e90573d30f59de35063027847c
prisoners_dilemma_reputation/072803_claude-opus-4-6-three/data/agent_states1.json,103222,677604175e448d8ec2738f27607dc9d92a5687236cbd0c6357d82a9ee27cc35d
prisoners_dilemma_reputation/072803_claude-opus-4-6-three/data/agent_states2.json,100312,f45f65044ef46a782ea5966ea0c3c528e6c2bb2bc91980032740804bf96d379c
prisoners_dilemma_reputation/072803_claude-opus-4-6-three/data/experiment_config.json,461,aac9936353b2d4837f3e1850830e0829ba9b7b9ad20b9acac13ff1629ce95f1a
prisoners_dilemma_reputation/072803_claude-opus-4-6-three/data/game_log1.json,135979,6cffcc53e6b92b59602e2574f6adfb2e1a9cdb1a8a5fbeb105d2c5d246a959d2
prisoners_dilemma_reputation/072803_claude-opus-4-6-three/data/game_log2.json,135349,07ff115ee421aabbe6bf70d3fe3141a5dba4b2a2576d882cbf39a66f08c27b23
prisoners_dilemma_reputation/072803_claude-opus-4-6-three/data/game_log3.json,131962,b73acd85e7150c6089869bd4ef0af549f13f580cefbd31bdea6e82c12ba12fac
prisoners_dilemma_reputation/072803_claude-opus-4-6-three/data/game_stats1.json,66,f3af6ab245198cb230e5d9ed12cf92feb60f22a08b21fe2b0f5a45db724ef29d
prisoners_dilemma_reputation/072803_claude-opus-4-6-three/data/game_stats2.json,66,f3af6ab245198cb230e5d9ed12cf92feb60f22a08b21fe2b0f5a45db724ef29d
prisoners_dilemma_reputation/072803_claude-opus-4-6-three/data/reputation_audit1.json,79277,b71a2fc1e3ffca40ee75a22d27cfe052a67096a5a9eff942b4ba7cfc90cb899e
prisoners_dilemma_reputation/072803_claude-opus-4-6-three/data/reputation_audit2.json,79270,5f206c59286bc41fff30e131a83c29c6a557d15391747cab686f60bcfe1927ca
prisoners_dilemma_reputation/072804_kimi-k2.6-three/data/agent_states1.json,102274,b168316e063e717c30066814a17d8c2955dcbfcab6a31ea6c1426abd435d5773
prisoners_dilemma_reputation/072804_kimi-k2.6-three/data/agent_states2.json,98784,f1b815ba7dcd93a9ebfea739011632f0db078e1fef689d01ec78b6843e805a0a
prisoners_dilemma_reputation/072804_kimi-k2.6-three/data/experiment_config.json,461,aac9936353b2d4837f3e1850830e0829ba9b7b9ad20b9acac13ff1629ce95f1a
prisoners_dilemma_reputation/072804_kimi-k2.6-three/data/game_log1.json,142261,91d2f7af9e90167b6149a4f7b3de14a62fc8899aac81c93b756795545eb37673
prisoners_dilemma_reputation/072804_kimi-k2.6-three/data/game_log2.json,141940,a1760d0a0cc9f781817e4245e26221c11e7311aa754f65b6ce270a4f0e7ce7db
prisoners_dilemma_reputation/072804_kimi-k2.6-three/data/game_log3.json,141892,5358b733555a50609b853e9ce2f56e53fe94794d2a5aa605c754c2c957a7cac0
prisoners_dilemma_reputation/072804_kimi-k2.6-three/data/game_stats1.json,64,c114c7eb8db54b957c2e090a553242972df14b28d5dd7d4c6aaf133bf061ce0a
prisoners_dilemma_reputation/072804_kimi-k2.6-three/data/game_stats2.json,64,a76b82a85c7f28e6298db523abbbed23220ee0f66edc646b44a882bf6a129945
prisoners_dilemma_reputation/072804_kimi-k2.6-three/data/reputation_audit1.json,78270,994c3a1b3a02b509cb3ea33f3b2bbdd06349fb020747ee0ddd70af7f8e04743e
prisoners_dilemma_reputation/072804_kimi-k2.6-three/data/reputation_audit2.json,78099,6f8549d5bba78f839ba4097f857b38ca8d68ea519305e519cf0d8168946e4f88
prisoners_dilemma_reputation/072805_grok-4.3-three/data/agent_states1.json,102262,10bc60567723689f1e3976e5bfc569573c24ca492afbf76d4e05b6ce5813f2d5
prisoners_dilemma_reputation/072805_grok-4.3-three/data/agent_states2.json,99352,e5a7d25228ee4267e8f9cf2f00ea6f7a39ccd707d59de52192fcdc9bbed45021
prisoners_dilemma_reputation/072805_grok-4.3-three/data/experiment_config.json,461,aac9936353b2d4837f3e1850830e0829ba9b7b9ad20b9acac13ff1629ce95f1a
prisoners_dilemma_reputation/072805_grok-4.3-three/data/game_log1.json,108463,44bfa1c2af507a51aed9b2fce347b4e5d1f019e522f25454a9b191f5c230f1dc
prisoners_dilemma_reputation/072805_grok-4.3-three/data/game_log2.json,109190,4e62f17754104974ac1cbb705cb07f897c6310f4e389098c4525ca7e46eaa6d7
prisoners_dilemma_reputation/072805_grok-4.3-three/data/game_log3.json,114520,80296174ce6e225bb94d2a50760f4ee335e4ce1b0b874648ac3727a8a1b6e03c
prisoners_dilemma_reputation/072805_grok-4.3-three/data/game_stats1.json,64,a76b82a85c7f28e6298db523abbbed23220ee0f66edc646b44a882bf6a129945
prisoners_dilemma_reputation/072805_grok-4.3-three/data/game_stats2.json,64,a76b82a85c7f28e6298db523abbbed23220ee0f66edc646b44a882bf6a129945
prisoners_dilemma_reputation/072805_grok-4.3-three/data/reputation_audit1.json,78250,46cff4397718a07a498228bdd3750af7d75774dcd5daf8dde010ba215a8d799e
prisoners_dilemma_reputation/072805_grok-4.3-three/data/reputation_audit2.json,78243,6816cca56d795188779b807c2c96588eca3042f31c94dd2cf9e1762d6786d86e
prisoners_dilemma_reputation/072806_glm-5.1-three/data/agent_states1.json,102302,ff047e909f2242087a5bbf5c4649985e6c42d788c5801aab275f0936b6b435f1
prisoners_dilemma_reputation/072806_glm-5.1-three/data/agent_states2.json,98267,e0126371dd46f0a4a4103ba4d034f5b4906225de4b2ff9c123c2fbfa5cdbc5a3
prisoners_dilemma_reputation/072806_glm-5.1-three/data/experiment_config.json,461,aac9936353b2d4837f3e1850830e0829ba9b7b9ad20b9acac13ff1629ce95f1a
prisoners_dilemma_reputation/072806_glm-5.1-three/data/game_log1.json,139350,582fba7d651eb2097be66823ccc82fe73989151b54c90f6a657389664be70cd3
prisoners_dilemma_reputation/072806_glm-5.1-three/data/game_log2.json,138876,aacd12a501de8349e97a7b0b6ac67d883c923668b9f605a5baebfe3d720dc553
prisoners_dilemma_reputation/072806_glm-5.1-three/data/game_log3.json,140125,a25d6ed11b3a4156b0a6a4c666535f0950ef0da85ab4eacac2e3f755ab6abc6d
prisoners_dilemma_reputation/072806_glm-5.1-three/data/game_stats1.json,64,a76b82a85c7f28e6298db523abbbed23220ee0f66edc646b44a882bf6a129945
prisoners_dilemma_reputation/072806_glm-5.1-three/data/game_stats2.json,64,54638eed9dbd8dd185f98a941c8b762fdd9616c7f0b858ad8adad04879cc1a48
prisoners_dilemma_reputation/072806_glm-5.1-three/data/reputation_audit1.json,78305,9ef30314d9e6d1810cd0b603b346689e5743d625e0cf66b2eb79946714ee4ea3
prisoners_dilemma_reputation/072806_glm-5.1-three/data/reputation_audit2.json,78267,d9aac8b35eee07f3fa7c093afc3fd2c94f4f883ecc5565e4a5f3f7cd2ca38f71
prisoners_dilemma_reward/082602_gemini-3.1-pro-preview-three/data/agent_states1.json,148768,7a72bb00a6f3710c815627d8d409f56d9edcaa5dfde491c800197901e29df064
prisoners_dilemma_reward/082602_gemini-3.1-pro-preview-three/data/agent_states2.json,144676,f7830a6ba17ac47a31aac23cca5096e371c57a289181c5a6f4ba5cb44cbb22af
prisoners_dilemma_reward/082602_gemini-3.1-pro-preview-three/data/agent_states3.json,147129,f7b97f43aaf04380575bae54b7a3b1d5da6cdab8b96850906c053815fe1cdcf2
prisoners_dilemma_reward/082602_gemini-3.1-pro-preview-three/data/experiment_config.json,281,8629ea2b6930902e062614c73fcf4f9e23875211f5f45fd6fc22f07569de9b2d
prisoners_dilemma_reward/082602_gemini-3.1-pro-preview-three/data/game_log1.json,165682,600f9d99ac9f4d80087493c3d2b9f86c64431aaafc1bcd22fb6ad8269e7fb619
prisoners_dilemma_reward/082602_gemini-3.1-pro-preview-three/data/game_log2.json,166193,e681e043e2f605931985391e967d99681afd02c65d91af96c0c4aa38ee915e9e
prisoners_dilemma_reward/082602_gemini-3.1-pro-preview-three/data/game_log3.json,165229,e18b9340997c38dcad387a74cf1596f6a000ae5508aa42be4f644127a0f85216
prisoners_dilemma_reward/082602_gemini-3.1-pro-preview-three/data/game_stats1.json,65,8e6381eed246721582f22199c05b874655686071df57f911db79c70dcdbb6ed7
prisoners_dilemma_reward/082602_gemini-3.1-pro-preview-three/data/game_stats2.json,65,f6ead4a8479456b5c82977ee375432037f8b2ca644cba36b3cbdc8c3c672e4ec
prisoners_dilemma_reward/082602_gemini-3.1-pro-preview-three/data/game_stats3.json,65,73be4d68bf16608d6183ab37c208b8caa9977a006fed442a7cd9b235e2ae6b06
prisoners_dilemma_reward/082603_gpt-5.4-three/data/agent_states1.json,147924,1dacf7f6a5922ee9716ea45ddb8a0a9190800ff3b4540bea59258f201188514d
prisoners_dilemma_reward/082603_gpt-5.4-three/data/agent_states2.json,143824,6b1e1bfb2579f36596915df8d47e5235f06c48f3a2ed97c1d55e8683a59f46a3
prisoners_dilemma_reward/082603_gpt-5.4-three/data/agent_states3.json,143838,13dd00ed4941cfbc9b041fe73f66b90bc7fb6cae1dbf6f5807f69e5c45233202
prisoners_dilemma_reward/082603_gpt-5.4-three/data/experiment_config.json,281,8629ea2b6930902e062614c73fcf4f9e23875211f5f45fd6fc22f07569de9b2d
prisoners_dilemma_reward/082603_gpt-5.4-three/data/game_log1.json,190202,56b7ebcb7ec66b8da378e055efefb9cc846bf157c05a247bc6c5fa6ab5dd8dd2
prisoners_dilemma_reward/082603_gpt-5.4-three/data/game_log2.json,190844,ab7550728e9647d7e2d0667cdf009caacbbdd89724b52a8654bdc81887da2e2c
prisoners_dilemma_reward/082603_gpt-5.4-three/data/game_log3.json,190623,34c2f0d083618d46c91f845370890bf2ded942b9469de4694dd9337eacbbedcc
prisoners_dilemma_reward/082603_gpt-5.4-three/data/game_stats1.json,64,a76b82a85c7f28e6298db523abbbed23220ee0f66edc646b44a882bf6a129945
prisoners_dilemma_reward/082603_gpt-5.4-three/data/game_stats2.json,64,a76b82a85c7f28e6298db523abbbed23220ee0f66edc646b44a882bf6a129945
prisoners_dilemma_reward/082603_gpt-5.4-three/data/game_stats3.json,64,a76b82a85c7f28e6298db523abbbed23220ee0f66edc646b44a882bf6a129945
prisoners_dilemma_reward/082604_claude-opus-4-6-three/data/agent_states1.json,148884,f2db1e379a7db9192d8efc24ddd926d217fd5f3cb92e4d7fbd7f5dbd93c1359e
prisoners_dilemma_reward/082604_claude-opus-4-6-three/data/agent_states2.json,143962,5c1f5081be375ca84c842735603cdabe86107a9b5dd7ad30cf8c88ffde83fe4a
prisoners_dilemma_reward/082604_claude-opus-4-6-three/data/agent_states3.json,142340,0c14c5cd1fb1418f53d7094759fcd5a50df5ada94ea5a98f2e8d0935ae6302da
prisoners_dilemma_reward/082604_claude-opus-4-6-three/data/experiment_config.json,281,8629ea2b6930902e062614c73fcf4f9e23875211f5f45fd6fc22f07569de9b2d
prisoners_dilemma_reward/082604_claude-opus-4-6-three/data/game_log1.json,207473,def23fd2d696a3707f731ebd83efc6b5ab494463a10199e7d89a2a6a2f93caec
prisoners_dilemma_reward/082604_claude-opus-4-6-three/data/game_log2.json,206713,9635c18c476857fed409172325485adeaad703ac7ec663665dde1a4c040d9f8e
prisoners_dilemma_reward/082604_claude-opus-4-6-three/data/game_log3.json,215852,32fe1e10c12d0c2a39b3dbd93418f4496d5eb6f941fa59e70b24673223e63810
prisoners_dilemma_reward/082604_claude-opus-4-6-three/data/game_stats1.json,66,f3af6ab245198cb230e5d9ed12cf92feb60f22a08b21fe2b0f5a45db724ef29d
prisoners_dilemma_reward/082604_claude-opus-4-6-three/data/game_stats2.json,66,40ba30ed7d92775faa0ba461eeba6c70934be9300faecda71c05034690d1bf4b
prisoners_dilemma_reward/082604_claude-opus-4-6-three/data/game_stats3.json,66,f3af6ab245198cb230e5d9ed12cf92feb60f22a08b21fe2b0f5a45db724ef29d
prisoners_dilemma_reward/082605_kimi-k2.6-three/data/agent_states1.json,148568,5fef4c59711e77ca59c92d6200a741905ac5cf8f226adc4554917eb7f0f86557
prisoners_dilemma_reward/082605_kimi-k2.6-three/data/agent_states2.json,143690,361d2b9ea1268a3b0aa8f1560e9bd07ecbc0660892e932c88b2fe038c0a7ce6a
prisoners_dilemma_reward/082605_kimi-k2.6-three/data/agent_states3.json,144530,14d9720a19c8f609e574850dd9c571175b574ad06f755224ab4cae003f5764b4
prisoners_dilemma_reward/082605_kimi-k2.6-three/data/experiment_config.json,281,8629ea2b6930902e062614c73fcf4f9e23875211f5f45fd6fc22f07569de9b2d
prisoners_dilemma_reward/082605_kimi-k2.6-three/data/game_log1.json,347261,b5c462ad88522124c1263e7885f1c06088b048387cff76335645d75e55480bbc
prisoners_dilemma_reward/082605_kimi-k2.6-three/data/game_log2.json,360635,61e3fa5e4d6e3e7df830dc89b47a18850a02e796ea57c8693680f6109291ee81
prisoners_dilemma_reward/082605_kimi-k2.6-three/data/game_log3.json,324252,c9abc51b012c89e287f5f9028a59c0ba86b542f408fa8f1a3880c63b71ea1a13
prisoners_dilemma_reward/082605_kimi-k2.6-three/data/game_stats1.json,65,fe3cb35c50a37621cba5ddd102fbef6bca378c8758ac00417072e9158d27777c
prisoners_dilemma_reward/082605_kimi-k2.6-three/data/game_stats2.json,65,9291f0b04b5499dc55c7b99e694358c7bbe859a8188dae364b904b9d80ecb0a6
prisoners_dilemma_reward/082605_kimi-k2.6-three/data/game_stats3.json,65,2ec50531af8cd8e25a5f5502df8bce5770689a73cd8d40eda606e099a151e36c
prisoners_dilemma_reward/082606_glm-5.1-three/data/agent_states1.json,148016,f74b7bfefb4c47f84f759c919ff91bfee36643bd032c7627d6baf2d8b329cce5
prisoners_dilemma_reward/082606_glm-5.1-three/data/agent_states2.json,143094,dfb244977806a1558200fa8051df57632cc35690ce442c989a2ef9d4082d7615
prisoners_dilemma_reward/082606_glm-5.1-three/data/agent_states3.json,143898,3f09b595c3c279d0dd19148bfc779d9a4e51c7882b763cb28c21d59723c8288c
prisoners_dilemma_reward/082606_glm-5.1-three/data/experiment_config.json,281,8629ea2b6930902e062614c73fcf4f9e23875211f5f45fd6fc22f07569de9b2d
prisoners_dilemma_reward/082606_glm-5.1-three/data/game_log1.json,187927,f0b2a21e1a393b9558a78fe542668cec85ba3d56700024f377b6878dce0f5f9d
prisoners_dilemma_reward/082606_glm-5.1-three/data/game_log2.json,189355,85db9500451b57fa794d4ba4a2834895a2f1c7b912f82e58d7ec81adf36e53e7
prisoners_dilemma_reward/082606_glm-5.1-three/data/game_log3.json,189279,78f1deab87e9e47f56fc32ed8aade944ca14ef708f027102a9bb3e7fa4715567
prisoners_dilemma_reward/082606_glm-5.1-three/data/game_stats1.json,64,c114c7eb8db54b957c2e090a553242972df14b28d5dd7d4c6aaf133bf061ce0a
prisoners_dilemma_reward/082606_glm-5.1-three/data/game_stats2.json,64,54638eed9dbd8dd185f98a941c8b762fdd9616c7f0b858ad8adad04879cc1a48
prisoners_dilemma_reward/082606_glm-5.1-three/data/game_stats3.json,64,54638eed9dbd8dd185f98a941c8b762fdd9616c7f0b858ad8adad04879cc1a48
prisoners_dilemma_reward/082801_grok-4.3-three/data/agent_states1.json,147960,8ba7c56694166bda28e8f265812529b7487f95c0722783b47d13158b4b433e1e
prisoners_dilemma_reward/082801_grok-4.3-three/data/agent_states2.json,143860,5aeb0fbc130b19938cfb59c7915140a5ab4b3e6b68d16dd562669f6ec92e1148
prisoners_dilemma_reward/082801_grok-4.3-three/data/agent_states3.json,144694,f9cafa6c91238cb4dfefe40c3327ad421e46f9ab4b27c68c477a8dc293f00b5f
prisoners_dilemma_reward/082801_grok-4.3-three/data/experiment_config.json,281,8629ea2b6930902e062614c73fcf4f9e23875211f5f45fd6fc22f07569de9b2d
prisoners_dilemma_reward/082801_grok-4.3-three/data/game_log1.json,155015,371f770116a30d9a768abc23417457d5efcdec7073669537b61e9ad99beeb938
prisoners_dilemma_reward/082801_grok-4.3-three/data/game_log2.json,155165,bd608ecacd2dac974551c9eec21d8697fd13cf853cd966ca6e1823ed9469952f
prisoners_dilemma_reward/082801_grok-4.3-three/data/game_log3.json,154262,4279b922ca9a30203583a53d422f5f25968eb80ee9098770645eeb6eba80ecb6
prisoners_dilemma_reward/082801_grok-4.3-three/data/game_stats1.json,64,a76b82a85c7f28e6298db523abbbed23220ee0f66edc646b44a882bf6a129945
prisoners_dilemma_reward/082801_grok-4.3-three/data/game_stats2.json,64,a76b82a85c7f28e6298db523abbbed23220ee0f66edc646b44a882bf6a129945
prisoners_dilemma_reward/082801_grok-4.3-three/data/game_stats3.json,64,c114c7eb8db54b957c2e090a553242972df14b28d5dd7d4c6aaf133bf061ce0a
public_goods_punishment/result_070301_gpt-5.4-three/agent_states1.json,13754607,604f5bde5113324cc7849ca717710d671eb72744c2ab933137a194fa6808b51e
public_goods_punishment/result_070301_gpt-5.4-three/experiment_config.json,129,6c1af6d6c151256a849a1abf7372b479fd9922fd1743df4175e60c71c56b3773
public_goods_punishment/result_070301_gpt-5.4-three/game_logs1.json,677857,85279ed53751dc47ddf2f7fc54feaae41355b230fc131a34c7c156173f6f568d
public_goods_punishment/result_070301_gpt-5.4-three/game_logs2.json,676156,aff0285aa07a17bfc140e9e81047f32e2367aa3a036935b3dfc97a185eac8c85
public_goods_punishment/result_070301_gpt-5.4-three/game_logs3.json,677755,46baf1dd1ccaf84931d1fe7f60e2a08fe97340d2fb49aca8a8b3b49cb0051967
public_goods_punishment/result_070301_gpt-5.4-three/game_stats1.json,298,a26c0ef1b7603d71233f8945eab986e0f587db9326200670a16b504f69d3186d
public_goods_punishment/result_070301_gpt-5.4-three/interaction_results1.json,214387,e0498b0721edac4972faf8e829b50053de25f5e4b429e11adc6fb98ef01d9627
public_goods_punishment/result_071905_claude-opus-4-6-three/agent_states1.json,13812927,ca016e03464dbed046e8ed2efd65c34bb40b6a1a5155d54d1c46c79f9b459c79
public_goods_punishment/result_071905_claude-opus-4-6-three/agent_states2.json,13812927,ca016e03464dbed046e8ed2efd65c34bb40b6a1a5155d54d1c46c79f9b459c79
public_goods_punishment/result_071905_claude-opus-4-6-three/agent_states3.json,13812927,ca016e03464dbed046e8ed2efd65c34bb40b6a1a5155d54d1c46c79f9b459c79
public_goods_punishment/result_071905_claude-opus-4-6-three/experiment_config.json,129,6c1af6d6c151256a849a1abf7372b479fd9922fd1743df4175e60c71c56b3773
public_goods_punishment/result_071905_claude-opus-4-6-three/game_logs1.json,742305,7c4c206a9ebac3e1f6a94535fa619ea549e557892d179a5e68af258060badd3d
public_goods_punishment/result_071905_claude-opus-4-6-three/game_logs2.json,737587,3de6ffbfd048cc6fcf3f0a1c661cc80ed7061de0dccc4730bf8b798bf9ec0b4e
public_goods_punishment/result_071905_claude-opus-4-6-three/game_logs3.json,724740,77f446c5dea86cf2a3dbd076b5165b9c36867c3268d9152275ea6aa662503abe
public_goods_punishment/result_071905_claude-opus-4-6-three/game_stats1.json,301,3e23b9950f49916cdf429d9a97c073785aed18e42602f6dbf45372982c69ec65
public_goods_punishment/result_071905_claude-opus-4-6-three/game_stats2.json,301,3e23b9950f49916cdf429d9a97c073785aed18e42602f6dbf45372982c69ec65
public_goods_punishment/result_071905_claude-opus-4-6-three/game_stats3.json,301,3e23b9950f49916cdf429d9a97c073785aed18e42602f6dbf45372982c69ec65
public_goods_punishment/result_071905_claude-opus-4-6-three/interaction_results1.json,277395,fc2cb8fbc5056d483cabdc9b38e65036c0478421b8b47a2acfc5da4c64755b8b
public_goods_punishment/result_071905_claude-opus-4-6-three/interaction_results2.json,272677,bcee0219b7d9697494fac50f9fdcc7d21841e89e313b0b5047dc26858595bf67
public_goods_punishment/result_071905_claude-opus-4-6-three/interaction_results3.json,259830,9c6b483c2cae936bdbfa8bb6ccf5162618a714f605a4dc866bc228a165266ec8
public_goods_punishment/result_072001_kimi-k2.6-three/agent_states1.json,13754607,41abd5722e4fb1b874929b66bd66d4f611f06eb7c9323d9ffcf41199a0eaea0b
public_goods_punishment/result_072001_kimi-k2.6-three/agent_states2.json,13754778,e849d53e940f1a268ad2202d90607309f178f00e122800a49731a2c53eebe45b
public_goods_punishment/result_072001_kimi-k2.6-three/experiment_config.json,129,6c1af6d6c151256a849a1abf7372b479fd9922fd1743df4175e60c71c56b3773
public_goods_punishment/result_072001_kimi-k2.6-three/game_logs1.json,731632,021eec484a93737ff26207752efb3baeeba50e1d0fb23efbbd75a49314a80e12
public_goods_punishment/result_072001_kimi-k2.6-three/game_logs2.json,736733,d7aaa847c60f6012b7cae1856a087528f6d8fe9dac9487b033b2b79e5d3472c0
public_goods_punishment/result_072001_kimi-k2.6-three/game_logs3.json,735526,df16326d4ef95a1df9bd40d77e3e681b9a9c0a9e3d2123327153a72fe7f6102d
public_goods_punishment/result_072001_kimi-k2.6-three/game_stats1.json,298,a26c0ef1b7603d71233f8945eab986e0f587db9326200670a16b504f69d3186d
public_goods_punishment/result_072001_kimi-k2.6-three/game_stats2.json,342,eda43b9a12fadfb1d37681a75c3181b6157616279cfe1e47a2a5cc33e8619ed9
public_goods_punishment/result_072001_kimi-k2.6-three/interaction_results1.json,268162,a7309d26728551ae5e821b17c53e9c94ae208b77b9317acca41af9cb60974c1c
public_goods_punishment/result_072001_kimi-k2.6-three/interaction_results2.json,273263,34ed82f09503fe0c009bf2f1dc644a989ea84cdf8ad109eee64495bc32a6f444
public_goods_punishment/result_072003_glm-5.1-three/agent_states1.json,13822421,156540a5cdfc02d2cd351e1660db7b3c054bd5e11425707c6757900c70bbed69
public_goods_punishment/result_072003_glm-5.1-three/experiment_config.json,129,6c1af6d6c151256a849a1abf7372b479fd9922fd1743df4175e60c71c56b3773
public_goods_punishment/result_072003_glm-5.1-three/game_logs1.json,718550,899cdb74179ffe65328c16259d368df3e61dcf62cce0193e60c8208609d234e4
public_goods_punishment/result_072003_glm-5.1-three/game_logs2.json,701193,c9c4292a78410351a6e8d04ff150c70f6ac081edb1a5333fcfb194e6d6c689fb
public_goods_punishment/result_072003_glm-5.1-three/game_stats1.json,446,c3243a5bddb65846a153b3b1c4c458ad222c468e90225f50ac6da7d1b63ff804
public_goods_punishment/result_072003_glm-5.1-three/interaction_results1.json,253254,c1bd6c33cba816cdcdabd670300359f63fd0e66f919875c092d93eb503cb5e27
public_goods_punishment/result_081601_grok-4.3-three/agent_states1.json,13855374,55a74f5c8aed002c17876c3d409413f5c5215c3a8309781ecf0867b7a720aee6
public_goods_punishment/result_081601_grok-4.3-three/agent_states2.json,13841063,2265b7e6bd1b468db373b7dc8d81abc81c7fe7ca57306ea47f825f1c3fee4ad5
public_goods_punishment/result_081601_grok-4.3-three/experiment_config.json,129,6c1af6d6c151256a849a1abf7372b479fd9922fd1743df4175e60c71c56b3773
public_goods_punishment/result_081601_grok-4.3-three/game_logs1.json,664196,d0005cc8bcacb6c1192cb88e504ce7453446ff09d2c341868107733f876781fb
public_goods_punishment/result_081601_grok-4.3-three/game_logs2.json,685186,cec200a57603a81f0b7c13c7b98a0951cdbcca89f0057ec2aaa47954b072acbc
public_goods_punishment/result_081601_grok-4.3-three/game_stats1.json,417,ba1770ec70342379e4fefab227ed68bce1022ae676c85d7b71d3887b1b0d091a
public_goods_punishment/result_081601_grok-4.3-three/game_stats2.json,415,7c4179726e8d868079b94dc063243dc9080aaf00f1d0a4428131c63558376bc9
public_goods_punishment/result_081601_grok-4.3-three/interaction_results1.json,197028,d937bd26a8efbc430693bf0cabf1bb514e54b4529b2ec6e988a60ea25fdddd4a
public_goods_punishment/result_081601_grok-4.3-three/interaction_results2.json,218558,170779a403ee3326eecf212bf7bb154733372ea4b8d78bc0c547ea7769c6d2fd
public_goods_punishment/result_gemini-3.1-pro-preview-three/agent_states1.json,13812927,da8fe5526386e1c89344a3f2d83e50f316bae36de88d000a776d13ccd41aded6
public_goods_punishment/result_gemini-3.1-pro-preview-three/agent_states2.json,13813271,92b5ea6bca35ee2cacd2a7d32ce1cd01f6ca76433d1a79d62d076f3696215f4b
public_goods_punishment/result_gemini-3.1-pro-preview-three/experiment_config.json,129,6c1af6d6c151256a849a1abf7372b479fd9922fd1743df4175e60c71c56b3773
public_goods_punishment/result_gemini-3.1-pro-preview-three/game_logs1.json,696509,e60e056f06d811395a27fcbb9e4809bc1d4a5b9a3e85389777069c159132ccba
public_goods_punishment/result_gemini-3.1-pro-preview-three/game_logs2.json,691318,b28906caf8055aa740319fce0a5d307101125ab7ef9f1eeff7f01caca78de611
public_goods_punishment/result_gemini-3.1-pro-preview-three/game_logs3.json,694475,cecfa77c792fce5d8d12e76aca9eb325f69234fd2272b931ffcac5292c3a4650
public_goods_punishment/result_gemini-3.1-pro-preview-three/game_stats1.json,301,56544909a63b1e70014e7cde282474386e937d5f5a5ca526530a90c57105145f
public_goods_punishment/result_gemini-3.1-pro-preview-three/game_stats2.json,389,c2c7167cd3e722c35a988ac9b7d405f9d500404714a3a626580814272c3cb12e
public_goods_punishment/result_gemini-3.1-pro-preview-three/interaction_results1.json,231599,bd93771bac3e3820c73e6cc8e611e2ceb3cdd728ccc4d498bf69c96ebfc7a69a
public_goods_punishment/result_gemini-3.1-pro-preview-three/interaction_results2.json,226393,1b806eb80d9cd2eecdfd49484ef1e91ddf4ed5c7c9a153708f460386a1890e81
public_goods_reputation/result_072102_grok-4.3-three/agent_states1.json,3188056,20149d5465f2af422b3c984aa0f688c5706a42013ac4bb79428f3173611ab762
public_goods_reputation/result_072102_grok-4.3-three/agent_states2.json,3192914,59617334d2d0d34edd0ea263e142f8019e71d9afdd838c8722b819effcdd1cf1
public_goods_reputation/result_072102_grok-4.3-three/experiment_config.json,129,6c1af6d6c151256a849a1abf7372b479fd9922fd1743df4175e60c71c56b3773
public_goods_reputation/result_072102_grok-4.3-three/game_logs1.json,22000076,2eaa7b10b2dd3c388a6bd74747b8fbdcbfc15dabeff762a6c56e8c03d865f478
public_goods_reputation/result_072102_grok-4.3-three/game_logs2.json,22175114,70b73a56534ef5148ba3abb8fda5dcde0ccb6c89b61c86c154d747b523484e40
public_goods_reputation/result_072102_grok-4.3-three/game_logs3.json,21967505,6e27db867c5d322a23f8a06ce1cd8571e9b18928c294ac9e3c261d6f6b5e4954
public_goods_reputation/result_072102_grok-4.3-three/game_stats1.json,104612,3f91fcf494ea0de9cc6485dad253d94d72c08dd108ff1fd0a7be03ef6cd74bfc
public_goods_reputation/result_072102_grok-4.3-three/game_stats2.json,104612,3f91fcf494ea0de9cc6485dad253d94d72c08dd108ff1fd0a7be03ef6cd74bfc
public_goods_reputation/result_072102_grok-4.3-three/interaction_results1.json,188429,44fa3e803fae701cfc293994adefb1dfdc764090702dd189c45c20ab9408a5e3
public_goods_reputation/result_072102_grok-4.3-three/interaction_results2.json,187457,dbfa61322280ca73a34275c5efe312f455a19e9faf364ea2b5424c5c8c4620d8
public_goods_reputation/result_080601_glm-5.1-three-new/agent_states1.json,3367909,0ec40152f5c0078e71cd14c6f2f5cedc503c31091f861010ff91c5e33e769066
public_goods_reputation/result_080601_glm-5.1-three-new/experiment_config.json,129,6c1af6d6c151256a849a1abf7372b479fd9922fd1743df4175e60c71c56b3773
public_goods_reputation/result_080601_glm-5.1-three-new/game_logs1.json,48277753,3b871ba0650266565bfa8f91630bec0e87c4dccbcfa977d5069b149f2c271050
public_goods_reputation/result_080601_glm-5.1-three-new/game_logs2.json,30452045,dcabc029a7a74825fcf9dbd2f90392f46abd614238f9134cd2b1770682c6c0ae
public_goods_reputation/result_080601_glm-5.1-three-new/game_logs3.json,30247826,ff29c73ca9b54e56e4288f2b7f13b9bb65c7209e27b4af8cb8900452fb5d7ebc
public_goods_reputation/result_080601_glm-5.1-three-new/game_stats1.json,105365,4bdb3ab21691dee5b67629d9ee1e4a3fc7db75d37458b310ae126ac1f92c8c6b
public_goods_reputation/result_080601_glm-5.1-three-new/interaction_results1.json,250978,28f5016a0a3d6a8f043a02491386641d4ba0ee03ad6c434a4e209188effecf34
public_goods_reputation/result_080602_gpt-5.4-three-new/agent_states1.json,3378917,78f5cbca4289565447143de19a7db2ef866a4029a145138e24a107f2be8cf666
public_goods_reputation/result_080602_gpt-5.4-three-new/agent_states2.json,3388919,fd171ae9836f9b3093710155c444c66a31df18059acb6ed494e1aa431f41d167
public_goods_reputation/result_080602_gpt-5.4-three-new/agent_states3.json,3377965,5f59eda32e213abb758f51c75179bf76001a7f8ee8a0c568e2bbda457b91045a
public_goods_reputation/result_080602_gpt-5.4-three-new/experiment_config.json,129,6c1af6d6c151256a849a1abf7372b479fd9922fd1743df4175e60c71c56b3773
public_goods_reputation/result_080602_gpt-5.4-three-new/game_logs1.json,27422320,cc4bb94569547fd810dd7f024bbdac2cdde7741db2ccb0fd989df3c80c3282f3
public_goods_reputation/result_080602_gpt-5.4-three-new/game_logs2.json,27739024,d1825afae3d4f4350fdceaf0fb63d78a151722227439dd4105e11bf0ea5047ed
public_goods_reputation/result_080602_gpt-5.4-three-new/game_logs3.json,27286553,3dd785f550bc159fba7f5155e813b7bc7773613773ca3992b38e9ca61740b0f5
public_goods_reputation/result_080602_gpt-5.4-three-new/game_stats1.json,109057,30033675c7fd9e80b6b9f93638ac1ec01af97e51e407df5642a9d83a83329770
public_goods_reputation/result_080602_gpt-5.4-three-new/game_stats2.json,108616,a924d35a5d26b288db7363f4333ba7161ce4bee75ffb836540ca719026529aa6
public_goods_reputation/result_080602_gpt-5.4-three-new/game_stats3.json,108159,360b8ce4324226d6eea69b54a69fcb11988a1071665002035bc9e6263dbcad30
public_goods_reputation/result_080602_gpt-5.4-three-new/interaction_results1.json,309394,3f05496900634858b6cb9740a1f49e36b2465998bd6dc399e9c29b3c788d643c
public_goods_reputation/result_080602_gpt-5.4-three-new/interaction_results2.json,311510,cf5f1253eac7e841d1dd464b8bac38ec75d443fbddc2c3add1f91998de5c2896
public_goods_reputation/result_080602_gpt-5.4-three-new/interaction_results3.json,311176,4672360e4308e8bf2f4c51753bd956d90bc4b4be92f1cf6421b4f3dea21ac609
public_goods_reputation/result_080603_gemini-3.1-pro-preview-three-new/agent_states1.json,3596523,c53efc0a39a172c737362fff83ff094322c1e6a393d49e9e56dd74420380f41c
public_goods_reputation/result_080603_gemini-3.1-pro-preview-three-new/agent_states2.json,3607357,115987857eae719740adcb65016616810affd1e3adb1f150f5f396cc145232a3
public_goods_reputation/result_080603_gemini-3.1-pro-preview-three-new/agent_states3.json,3612250,d249af934d4e098538fe86f5389b2ef9e27c5ef0febdc73898d25c6137bc8981
public_goods_reputation/result_080603_gemini-3.1-pro-preview-three-new/experiment_config.json,129,6c1af6d6c151256a849a1abf7372b479fd9922fd1743df4175e60c71c56b3773
public_goods_reputation/result_080603_gemini-3.1-pro-preview-three-new/game_logs1.json,37040490,743242ddb1469a294cc1bab55d7be6b65a40ccd6f9a3ea0730f19fae7af0f9ec
public_goods_reputation/result_080603_gemini-3.1-pro-preview-three-new/game_logs2.json,37550390,f4671f153461f331105bc6ec7e6cf770378f33cf6e48c67f86b573163252c025
public_goods_reputation/result_080603_gemini-3.1-pro-preview-three-new/game_logs3.json,37716219,ef41662feff01659ab23b42c8b74675a0c52cd72cdb222e210644f87eded996c
public_goods_reputation/result_080603_gemini-3.1-pro-preview-three-new/game_stats1.json,107768,44a7a2bf17caa6827dd24f9816df32ad6f08206c073a3227127b54aab4195b71
public_goods_reputation/result_080603_gemini-3.1-pro-preview-three-new/game_stats2.json,107617,d5de7b0140614d9a7a4277c103f57a195990418c0c14c8515f52401548904532
public_goods_reputation/result_080603_gemini-3.1-pro-preview-three-new/game_stats3.json,107738,bfe03ddf08cef18337009a0c2dce3580a4e40947a8823824dab1742b96ec371e
public_goods_reputation/result_080603_gemini-3.1-pro-preview-three-new/interaction_results1.json,265805,afc9cfb25b0f6beabeac9dcb4965a9cbe66bab4b228a404cedfb5713ec6c6d55
public_goods_reputation/result_080603_gemini-3.1-pro-preview-three-new/interaction_results2.json,262779,3714fb05682b5e98baebc86a58002370219906e3c02a03cb7844ab69d2011a53
public_goods_reputation/result_080603_gemini-3.1-pro-preview-three-new/interaction_results3.json,261612,1a458516d135433e669849f9d1633d37c13c0a8e726c9f217e030bbf123870de
public_goods_reputation/result_080604_kimi-k2.6-three-new/agent_states1.json,3848541,7ad66e774165b647540d518fa362beb7c0116301278b35f1cb7002f52030b697
public_goods_reputation/result_080604_kimi-k2.6-three-new/agent_states2.json,3878795,60f8707b4601b636a51f9859dcf742176976f4d88fc2446123f56f452d6dc103
public_goods_reputation/result_080604_kimi-k2.6-three-new/agent_states3.json,3901461,45882a7aae915b9e99e2dbdd5135469aceaa90d78e1aa0dd7b61a81a7de084e6
public_goods_reputation/result_080604_kimi-k2.6-three-new/experiment_config.json,129,6c1af6d6c151256a849a1abf7372b479fd9922fd1743df4175e60c71c56b3773
public_goods_reputation/result_080604_kimi-k2.6-three-new/game_logs1.json,51274871,23fe67edefe1c20bca7b39f4208959f53fdd072004660e09b6f6b4d92cac1f86
public_goods_reputation/result_080604_kimi-k2.6-three-new/game_logs2.json,52539939,f887addc909fc5202f08a117c4bad23eb98fe49931de10a6808304dc05cc8113
public_goods_reputation/result_080604_kimi-k2.6-three-new/game_logs3.json,53243450,5c5a5e5ede819f7f6bf24cedb6e8f147d14769475d1b90c47fddcb315a055ab3
public_goods_reputation/result_080604_kimi-k2.6-three-new/game_stats1.json,105354,b1179acf9f276b7c99ab461c1c17ca2db4309532d8978cc5325b83a6598835a2
public_goods_reputation/result_080604_kimi-k2.6-three-new/game_stats2.json,105593,c45742060fcdea56a809a0c2f3b8533a5edfaa315f42a078a1030dad0d125f7c
public_goods_reputation/result_080604_kimi-k2.6-three-new/game_stats3.json,105709,f95e951295814d8475f38c1dbf2fe0d9c0a91213ce04220763cd8ea4978f44e2
public_goods_reputation/result_080604_kimi-k2.6-three-new/interaction_results1.json,371119,e72e522656243fdad5334b13c2e6e6e1aabeebbafe0b7e55756bab9f2a814cba
public_goods_reputation/result_080604_kimi-k2.6-three-new/interaction_results2.json,372568,82361768b71c71d5386e5c57099633d2068794c501a42ad8d15346e8dfb24af7
public_goods_reputation/result_080604_kimi-k2.6-three-new/interaction_results3.json,371124,cd88025a008f2d07ba92d5bceb6bd24beb3eaa144d188518faf84f89c26cb4e1
public_goods_reputation/result_claude-opus-4-6-three/agent_states1.json,3481998,7318fb2f1f12bceebed8697ceda235723bab26f8e5efc97134d31d719a3c0245
public_goods_reputation/result_claude-opus-4-6-three/agent_states2.json,3501227,7fbf528a128907c4adf3e57c2751554a4053a04dfdb4060d58ada895a3f53ec0
public_goods_reputation/result_claude-opus-4-6-three/experiment_config.json,129,6c1af6d6c151256a849a1abf7372b479fd9922fd1743df4175e60c71c56b3773
public_goods_reputation/result_claude-opus-4-6-three/game_logs1.json,32364735,917a464c7e6960f9fc0fbc61ee25596fc75190b72a119723729e906c4b878b5e
public_goods_reputation/result_claude-opus-4-6-three/game_logs2.json,33140167,e08795f2060b28921c9f679cb5e68fd2c8e0aaabb8ac021872967df4586b38a5
public_goods_reputation/result_claude-opus-4-6-three/game_logs3.json,31837967,9fc523eea529ad1372143d6bea844dcdaa38a5ce09c743abfb4cec3351fe2b33
public_goods_reputation/result_claude-opus-4-6-three/game_stats1.json,105389,cb437045b938fc8f358945244dd2659c525e1de8e4c8ff74887feff6f05e86dd
public_goods_reputation/result_claude-opus-4-6-three/game_stats2.json,105389,cb437045b938fc8f358945244dd2659c525e1de8e4c8ff74887feff6f05e86dd
public_goods_reputation/result_claude-opus-4-6-three/interaction_results1.json,292785,54036cb86ac18cf8b87aef62805a7ffbf08d90efd5290717a535ead8e19f9eb7
public_goods_reputation/result_claude-opus-4-6-three/interaction_results2.json,292956,c7fa377f9178e9f36f8b94e00b9fb5bfa54f286a12c80ba1e19db5c020adba85
public_goods_reward/result_070504_glm-5.1-three/agent_states1.json,97213065,92cccae18dab9bcae04ebb6392eb2b94ed7a82e30ed703871927901002af3d6b
public_goods_reward/result_070504_glm-5.1-three/experiment_config.json,129,6c1af6d6c151256a849a1abf7372b479fd9922fd1743df4175e60c71c56b3773
public_goods_reward/result_070504_glm-5.1-three/game_logs1.json,3740261,f552eae8f79f7ff76237513bd28395338b6caa4ecdf8d903d3993276f887f503
public_goods_reward/result_070504_glm-5.1-three/game_logs2.json,3744040,8b557d7d90328f392532c44bf5382fbf56ba3473b40f241702a1bde1aecfe64d
public_goods_reward/result_070504_glm-5.1-three/game_logs3.json,3746329,e022f5198b468200f3d2bb2bb931275822866a3929c0a46c9b859408d01099e9
public_goods_reward/result_070504_glm-5.1-three/game_stats1.json,1350,8391207a391bc3e75130d1579922b856e17adeedc3deaf877c5874011fc67849
public_goods_reward/result_070504_glm-5.1-three/interaction_results1.json,319988,70d3e73dcf37badc23b0e268f3dc3117c56e29223b88d25bf65c9169f6223b5b
public_goods_reward/result_070703_claude-opus-4-6-three/agent_states1.json,97333740,f30f26e6db0b714a1b648f8d62742934dd36ca9c6de0890cb8dc5e83d0702035
public_goods_reward/result_070703_claude-opus-4-6-three/agent_states2.json,97193354,d3ada8bcf79decf85b8a5c28e98150045a562542fac7d6b521deb9c8535eb9ec
public_goods_reward/result_070703_claude-opus-4-6-three/experiment_config.json,129,6c1af6d6c151256a849a1abf7372b479fd9922fd1743df4175e60c71c56b3773
public_goods_reward/result_070703_claude-opus-4-6-three/game_logs1.json,3706524,176e03b80e2e1a0d15cc30d62387840aae87ca7d888ad2d159bc7d0b89065cdd
public_goods_reward/result_070703_claude-opus-4-6-three/game_logs2.json,3676878,b54819d5bad7ac9c72e60d2994cb485197d57c162ca1a9fef38dd088fc6c7bf6
public_goods_reward/result_070703_claude-opus-4-6-three/game_logs3.json,3689224,5d45094237741e2ab78d9b4ec2516b59392afed762d7fcaf73c18e73a9f8a083
public_goods_reward/result_070703_claude-opus-4-6-three/game_stats1.json,1381,ea79a99b537bce6b8fed6076afc16998e6459d1c87cce60b79d30e9aebaf18a1
public_goods_reward/result_070703_claude-opus-4-6-three/game_stats2.json,1249,b71a3258938df799176baf16a068d7a263b445db5e429f2e65fcd0c9bd824a07
public_goods_reward/result_070703_claude-opus-4-6-three/interaction_results1.json,286736,83b1e63e5d9c1f58ed2900edd92c59195a6614f1ec14d105597b20c9a8e964fd
public_goods_reward/result_070703_claude-opus-4-6-three/interaction_results2.json,258344,b66baad5f32d26a5ba5d98873390c48e00aba634bc0aead2dec7592ca786b27a
public_goods_reward/result_072201_kimi-k2.6-three/agent_states1.json,97092465,42ecbd983eb49673412508aa1fac728eb9e80a6a662a98e39b9b7102654820f0
public_goods_reward/result_072201_kimi-k2.6-three/agent_states2.json,97118434,d12d84ecce33b3aaa968db49c132072d36e3efea796799fa092f2ca3ea3f9b29
public_goods_reward/result_072201_kimi-k2.6-three/experiment_config.json,129,6c1af6d6c151256a849a1abf7372b479fd9922fd1743df4175e60c71c56b3773
public_goods_reward/result_072201_kimi-k2.6-three/game_logs1.json,3778671,4a2f012b9e8ea185da3badd90749ffa8aee837b6ff4c051c85322cfc8217316d
public_goods_reward/result_072201_kimi-k2.6-three/game_logs2.json,3781013,1e5b583b2bc634d07307f2aca96ae280ee59177fd38957d8ab9a7c4ed2e815c0
public_goods_reward/result_072201_kimi-k2.6-three/game_logs3.json,3768324,65a554eb66714971bd33cdced5bfd425f694e5959f197644761c045a3e851883
public_goods_reward/result_072201_kimi-k2.6-three/game_stats1.json,1137,2397f2a897bf4a3edcaa842ab4cae7fdf88b9d0ba0f99ea3a38b47a01f6eb93b
public_goods_reward/result_072201_kimi-k2.6-three/game_stats2.json,1190,32488784c534a1247f0f24ce63960731a0a85ff22edb6faf7636cfe664d49af3
public_goods_reward/result_072201_kimi-k2.6-three/interaction_results1.json,360820,501bb57a66b6569c0251503d2798f213eecce67f270fa61d70cd616295d45c3a
public_goods_reward/result_072201_kimi-k2.6-three/interaction_results2.json,355402,9e39a93d9a53c7b8cb1b7922f60b20db7699ee035c8433aa5d0f5453bc1c930d
public_goods_reward/result_072204_grok-4.3-three/agent_states1.json,97088703,254b3df288c566be2be17c3dabe4c22c485d4a6ed0ef8dee40ed394cd460b32d
public_goods_reward/result_072204_grok-4.3-three/agent_states2.json,97088703,254b3df288c566be2be17c3dabe4c22c485d4a6ed0ef8dee40ed394cd460b32d
public_goods_reward/result_072204_grok-4.3-three/experiment_config.json,129,6c1af6d6c151256a849a1abf7372b479fd9922fd1743df4175e60c71c56b3773
public_goods_reward/result_072204_grok-4.3-three/game_logs1.json,3608498,ab4e78306a17e3818f556b0e66e718e3ecd95dc0f1f332236656e3628e95d99e
public_goods_reward/result_072204_grok-4.3-three/game_logs2.json,3608494,b488710a9f69790652f36958e590ea7e773de7aeb6e9d31c0442146737eeabe2
public_goods_reward/result_072204_grok-4.3-three/game_logs3.json,3607881,aef14b77f432a35de4032394d76613aaff517bcc631c0a82f67592f5979e0a41
public_goods_reward/result_072204_grok-4.3-three/game_stats1.json,1024,dcb79f3b437a1f80ab90422f7760fd000ab4e5e45bc534590ccf4e4a4f16c297
public_goods_reward/result_072204_grok-4.3-three/game_stats2.json,1024,dcb79f3b437a1f80ab90422f7760fd000ab4e5e45bc534590ccf4e4a4f16c297
public_goods_reward/result_072204_grok-4.3-three/interaction_results1.json,190658,d23eb5e57592129ff0707e0a50832432815ac1590686aa09219c78199377d687
public_goods_reward/result_072204_grok-4.3-three/interaction_results2.json,190654,d640be979072fc54867acc7e251b99bc32f3a5734b7495f6e495b3c6484db3d8
public_goods_reward/result_072302_gemini-3.1-pro-preview-three/agent_states1.json,97096494,f3938a3fc572993ff5fdc0df715e93bf6a2813ec138a5e3a766dedc3e4415e95
public_goods_reward/result_072302_gemini-3.1-pro-preview-three/agent_states2.json,97093168,8da48e40e4c00897319325d60939a8cc98607b3b274932f1f1b1ea46dc6c7cce
public_goods_reward/result_072302_gemini-3.1-pro-preview-three/agent_states3.json,97092677,f9a07238666ecbfbdf44db055be321abeb7a22d83e8a9f1241b20b91fffa6d58
public_goods_reward/result_072302_gemini-3.1-pro-preview-three/experiment_config.json,129,6c1af6d6c151256a849a1abf7372b479fd9922fd1743df4175e60c71c56b3773
public_goods_reward/result_072302_gemini-3.1-pro-preview-three/game_logs1.json,3674349,0dfd0eea8f5328c7ce946950d4a5415fe2c182a24f2acb718bc7fb14eb365597
public_goods_reward/result_072302_gemini-3.1-pro-preview-three/game_logs2.json,3676096,b40a3507c371ecb7c536867fafd6a01aa773a4622501e7b7f7244adf5b892563
public_goods_reward/result_072302_gemini-3.1-pro-preview-three/game_logs3.json,3671492,b2971c3288e8639dea9c5b4a4681b74e59b19ca8da6420fecf1839a92f67fb56
public_goods_reward/result_072302_gemini-3.1-pro-preview-three/game_stats1.json,1148,86fc5f72bccdf059291e9cd8af4823e43b68948dd921f83b9592d5ed37b2033d
public_goods_reward/result_072302_gemini-3.1-pro-preview-three/game_stats2.json,1149,0c7f79b55279ae9dcc262c7f187b6d37334c1dfeb3460447bc4439da0c51bb38
public_goods_reward/result_072302_gemini-3.1-pro-preview-three/game_stats3.json,1148,2aa6955a5cdcba21c10d5b911299a68102b3faecb98a78ebab2c4ca74589af56
public_goods_reward/result_072302_gemini-3.1-pro-preview-three/interaction_results1.json,256420,9eb659560cc2bfd8c8d47ba69e874a58d2592296d2adeeed5847f9d71c04ba0e
public_goods_reward/result_072302_gemini-3.1-pro-preview-three/interaction_results2.json,258188,1b671542849ed59292a3c7cc875f8d9cda8b5582cb2b4a796815525fc867e4d4
public_goods_reward/result_072302_gemini-3.1-pro-preview-three/interaction_results3.json,253584,7b105091a54af505dda4a1edb6ca2fe4dcf077aebcac85d755a28c83a97197ef
public_goods_reward/result_081601_gpt-5.4-three/agent_states1.json,97092322,e5e39515824eece086c6deb461af76cfe9af787a56c5a2f2661608d229c4f44c
public_goods_reward/result_081601_gpt-5.4-three/agent_states2.json,97089044,69dadf456777031e7b886af49aebe23c9c3199040158fdc2f85e3851ba91ecfb
public_goods_reward/result_081601_gpt-5.4-three/agent_states3.json,97090268,c91aafefcd7d98fe706f52f475264fafbca1693c6adfee1e141ef2728b2c03e1
public_goods_reward/result_081601_gpt-5.4-three/experiment_config.json,129,6c1af6d6c151256a849a1abf7372b479fd9922fd1743df4175e60c71c56b3773
public_goods_reward/result_081601_gpt-5.4-three/game_logs1.json,3664114,817350e4614202b1bf2c8d9c3b0e4e9fdba419f005f3ba1f89d74cdfe666863d
public_goods_reward/result_081601_gpt-5.4-three/game_logs2.json,3658826,4118e76da424dfa125ff8308884a434c21f8110ae84315dc701d0ad9c3e745a5
public_goods_reward/result_081601_gpt-5.4-three/game_logs3.json,3658887,3856ad616ba0c2b131857d99e2de0c387fef95ed730bc9061576c7295becc7b8
public_goods_reward/result_081601_gpt-5.4-three/game_stats1.json,1163,287dc912653472ea9bc2c67386132e23c934cfe99816bb52db06e257f1db0234
public_goods_reward/result_081601_gpt-5.4-three/game_stats2.json,1108,204ac93d6b0e634cfe579f0ce8f1251cc72dbe6d952ab73ad5f9635cdc78fd2a
public_goods_reward/result_081601_gpt-5.4-three/game_stats3.json,1096,42f8ad8bd0222984a861d6b44e211cfb16334899696b95909aecd234d0df106e
public_goods_reward/result_081601_gpt-5.4-three/interaction_results1.json,246209,68f54e04bcb7c071a053ad0e5c4cd3e69e9385f2682677a7de38801a9c4142e3
public_goods_reward/result_081601_gpt-5.4-three/interaction_results2.json,240988,63331e19fc530224f7bbebae66ad3fed1f9b24dca78ddab7018187072931e3da
public_goods_reward/result_081601_gpt-5.4-three/interaction_results3.json,241021,3f46514fbce95390ed1bd2ac37038d8f10cde4f21f93de9692713031fe8a9a0b
trust_game_punishment/072902_kimi-k2.6-three/data/agent_histories/Agent_10_game1.json,112039,8783e55d84d21bd26c2d13995ababd12231aded9e328d7fc8b323b2f340f5f67
trust_game_punishment/072902_kimi-k2.6-three/data/agent_histories/Agent_10_game2.json,157931,0f570f5c39851d6a55209046a787c57c970683e213f83ffefc5063e1c62e9066
trust_game_punishment/072902_kimi-k2.6-three/data/agent_histories/Agent_11_game1.json,181012,33a95310a62289d4534f6f31ab5ed9b0ce3304245b9ffebc2ecb4b70ebf6ab36
trust_game_punishment/072902_kimi-k2.6-three/data/agent_histories/Agent_11_game2.json,146581,7c3592a9c32ca5a1aa99de312654f8091c660b56648b4101061d06b01285ff3a
trust_game_punishment/072902_kimi-k2.6-three/data/agent_histories/Agent_12_game1.json,90806,fd8699b78afa4b57bd546588fb94e53b9b220062ee45ae6550ac85da8f64cb01
trust_game_punishment/072902_kimi-k2.6-three/data/agent_histories/Agent_12_game2.json,171224,a02b6789a82606f155fea985fc6545f01a746598007008dd38e89ddf89f99383
trust_game_punishment/072902_kimi-k2.6-three/data/agent_histories/Agent_13_game1.json,125451,5dee3af1be0a7b4b1aac58570375e0f26cdb7952e9e3f7713d6bef7014a775ae
trust_game_punishment/072902_kimi-k2.6-three/data/agent_histories/Agent_13_game2.json,150604,a59d7e06eaf88cedca92480df53f9c3f0e41981838ff6eef2bf153188166c0b4
trust_game_punishment/072902_kimi-k2.6-three/data/agent_histories/Agent_14_game1.json,156781,87df2b4078415ee513877b96843f433c0ff04c222372b1c1ad26df0a850b4264
trust_game_punishment/072902_kimi-k2.6-three/data/agent_histories/Agent_14_game2.json,182476,bd6a3d0c4a4aad10becff83c5c7c9b45b4c47e0d176c2db56ef6687ff01f2df2
trust_game_punishment/072902_kimi-k2.6-three/data/agent_histories/Agent_15_game1.json,135169,f33403731ed764e2e69ab985670033d3a08f0b79bb059acab3d9555ddbf3c45e
trust_game_punishment/072902_kimi-k2.6-three/data/agent_histories/Agent_15_game2.json,170202,9ab32293ca7f7bfec0c4e965947cea63055c5f1c2688aa80a006fcaac7178e2f
trust_game_punishment/072902_kimi-k2.6-three/data/agent_histories/Agent_16_game1.json,96079,95e46a4bb6c8ca15e43350b797fcfa3c1483d7471b14e24440973d71f73e0060
trust_game_punishment/072902_kimi-k2.6-three/data/agent_histories/Agent_16_game2.json,87143,a8da6731883e70d24f09f308a5b2373c99338e43628c9702f00089b16c13b0b1
trust_game_punishment/072902_kimi-k2.6-three/data/agent_histories/Agent_17_game1.json,129994,1e711c87b289d13e225ee67cf9181ef57c8c68efe596d77fafe1669679dcb180
trust_game_punishment/072902_kimi-k2.6-three/data/agent_histories/Agent_17_game2.json,126928,c3a1bba16b5aef1338219f9da53f72d8da142dfbe8ab739168c4e0bc3c338b6f
trust_game_punishment/072902_kimi-k2.6-three/data/agent_histories/Agent_18_game1.json,199407,27c9f1da467890f5fbdcac16a68a2e50e483d536bdba1469d3cafd89566297ab
trust_game_punishment/072902_kimi-k2.6-three/data/agent_histories/Agent_18_game2.json,122675,83d12c60d0d8c54a2f9319b579c54ab86227fb3f6cbacce9ca7431c1f323be08
trust_game_punishment/072902_kimi-k2.6-three/data/agent_histories/Agent_19_game1.json,109644,3afecc5799199cb047f776c719a3c4ba4edfa9523654184c495c2dac83346ff3
trust_game_punishment/072902_kimi-k2.6-three/data/agent_histories/Agent_19_game2.json,144127,0e6a1111f190e89119164659095ef50135098fd8d546ee957f41681a5b2a5773
trust_game_punishment/072902_kimi-k2.6-three/data/agent_histories/Agent_1_game1.json,129622,21aa0b52fa7113c84be2305ee8d9bdd8701f6b2de669716c2d7e0e2e7d8ef414
trust_game_punishment/072902_kimi-k2.6-three/data/agent_histories/Agent_1_game2.json,96558,fd753dd6a79024e47f436301cbcf248509a4f9662fed36ad6c606cab5b27ef42
trust_game_punishment/072902_kimi-k2.6-three/data/agent_histories/Agent_20_game1.json,121236,8eabf6e5cf54275cf4076be1aa471e1bf609aa3bc891079f063a85f1423c4f59
trust_game_punishment/072902_kimi-k2.6-three/data/agent_histories/Agent_20_game2.json,157876,5a6c40bea70b52348fcbc350f0729b83d587e188fefed26c4f021fe79c91a290
trust_game_punishment/072902_kimi-k2.6-three/data/agent_histories/Agent_21_game1.json,134671,3ec703fd61f504c8b1767f11f49f325dbfb3a11403328576eb463a41c97fa643
trust_game_punishment/072902_kimi-k2.6-three/data/agent_histories/Agent_21_game2.json,248609,fd16334fff038a98d1420cf9e311b4d5dd59e44006c8b91b7df597368ae64484
trust_game_punishment/072902_kimi-k2.6-three/data/agent_histories/Agent_22_game1.json,174850,be8c870afd4ad128d5e14ca87cdeab9f0349bcc3647d22cce1bb37ae268b6e55
trust_game_punishment/072902_kimi-k2.6-three/data/agent_histories/Agent_22_game2.json,204606,2174870dffdc6a8a1497540110e5ead7cb458f2a92f4403ccf6ed541955c257a
trust_game_punishment/072902_kimi-k2.6-three/data/agent_histories/Agent_23_game1.json,129537,88a6b10ba0c75dcf42b82acfc674da170e4fa95ab853276e5f77f08bfa018e43
trust_game_punishment/072902_kimi-k2.6-three/data/agent_histories/Agent_23_game2.json,115243,0221ad35150142e809d687eb8c0315a3fe9d5bbde232119dadcd0ce5bd973677
trust_game_punishment/072902_kimi-k2.6-three/data/agent_histories/Agent_24_game1.json,156785,861d92b9e7a5eb7cffbc8cbb8c470be90c5178b41f314fe2b953ed450826878a
trust_game_punishment/072902_kimi-k2.6-three/data/agent_histories/Agent_24_game2.json,236288,5e4bebf392f504742c912d9928621344fa16b332efeb23a68bfb34aa7c25685b
trust_game_punishment/072902_kimi-k2.6-three/data/agent_histories/Agent_2_game1.json,137596,943d89fa56656851348ec4e7a388fd6f749566ed783622260a58a51d66d1987b
trust_game_punishment/072902_kimi-k2.6-three/data/agent_histories/Agent_2_game2.json,153639,773ae6bfe5dcf114a5d31451420f0743e6857674703f1078e00295951b3b72bc
trust_game_punishment/072902_kimi-k2.6-three/data/agent_histories/Agent_3_game1.json,221341,46df48c50ae1fe71060ca3ae1404dbba2e9233f2c8897169fe68fd90cd71d292
trust_game_punishment/072902_kimi-k2.6-three/data/agent_histories/Agent_3_game2.json,153059,03fa96b0e277887430f690ad7538f29c82fbe26c17a2bb762786fa61f3e07bca
trust_game_punishment/072902_kimi-k2.6-three/data/agent_histories/Agent_4_game1.json,129797,cfbae90e3cd1a4fa05c8f230ef368632003ae9bdf25ce97588a9ce177d6d2e54
trust_game_punishment/072902_kimi-k2.6-three/data/agent_histories/Agent_4_game2.json,165759,f2ff14046044d57cd39b708c382e73c1f867f78471b048fedcf6b107491c53c3
trust_game_punishment/072902_kimi-k2.6-three/data/agent_histories/Agent_5_game1.json,159865,1b5ea8e0b47f14477b25e469a996e878000cf688dc3808276d7189a7db82e051
trust_game_punishment/072902_kimi-k2.6-three/data/agent_histories/Agent_5_game2.json,160877,da2a5249c7cd98a36b77191db79fd6b5b1d17a47aa44bce5852314812ee6f153
trust_game_punishment/072902_kimi-k2.6-three/data/agent_histories/Agent_6_game1.json,114029,bcac79c210eede4a71631513f4ab14d45170ba3320db59e2deba3af8fd30f8bf
trust_game_punishment/072902_kimi-k2.6-three/data/agent_histories/Agent_6_game2.json,98045,5512077de2108b586cbb70cec5efdd0c9c2a2033f357cc5b889ee47e7dd96ef7
trust_game_punishment/072902_kimi-k2.6-three/data/agent_histories/Agent_7_game1.json,140451,503b2b530b095e2ac8ea5715dcb786d0a0eaa5ab507874217d8b4c63f55df586
trust_game_punishment/072902_kimi-k2.6-three/data/agent_histories/Agent_7_game2.json,153929,bbcc6e3db65c5c9050ea7fd4d432dcf8e2c4d51d1ccba80789e02ed2bd06bca6
trust_game_punishment/072902_kimi-k2.6-three/data/agent_histories/Agent_8_game1.json,190520,bd420bbcfb8df995f9cc849094e065f21e93f25587f69dc6eaceea4d387100f0
trust_game_punishment/072902_kimi-k2.6-three/data/agent_histories/Agent_8_game2.json,124073,7084d1bd9bec5cf7c9912e50ab023b253ee4df5b645269cf55512e123a74497f
trust_game_punishment/072902_kimi-k2.6-three/data/agent_histories/Agent_9_game1.json,164870,f8ba0cc55929b526c23e1cdadd684b639c6580936a4f890c753d569835eba796
trust_game_punishment/072902_kimi-k2.6-three/data/agent_histories/Agent_9_game2.json,117783,f0bf7211006985a7c261589729f13c41acf12c6875c575f1c0dac9bfdae42fe9
trust_game_punishment/072902_kimi-k2.6-three/data/experiment_stats.json,3899418,334e09ca7a8d9ccca58bfdd5d749172344d80eaa082516aed0115826ced1ff29
trust_game_punishment/072902_kimi-k2.6-three/data/game_log1.json,1659829,8feb4dacf4b22a1f31546534dd2898378c4c2267aef4033e8ccd8f61abd5e44d
trust_game_punishment/072902_kimi-k2.6-three/data/game_log2.json,1763767,7a1ed6c9ccec0f3a3a0806c5749235a11bf9e3fa167511f999f5adea974586d5
trust_game_punishment/072902_kimi-k2.6-three/data/game_log3.json,1761131,7c936a9a3c060ae3a420f790eb6b2c9c17501af31653299967be9abed8281a84
trust_game_punishment/072902_kimi-k2.6-three/data/summary_stats.json,22550,424bd7779d4fdb2927957f064209c892bb0036f2444c030051ba3ca6d63269b2
trust_game_punishment/072902_kimi-k2.6-three/experiment_config.json,1479,d0459ae822bfde85a92fa9c5175bedc7ba4d8c475158fde310b44db300e1c7e7
trust_game_punishment/072903_gpt-5.4-three/data/agent_histories/Agent_10_game1.json,79093,6afe190673d95aded7073a40e7ebda86cb6a677a7456f969bb944ef3a3651f00
trust_game_punishment/072903_gpt-5.4-three/data/agent_histories/Agent_10_game2.json,111006,0920a2b3f9ba65589b720969c87827756e4e171a070710bd75f7bdcbb1220818
trust_game_punishment/072903_gpt-5.4-three/data/agent_histories/Agent_11_game1.json,87936,97efa32fe0f445eacc96248798070a76ea74958e72d6e2ea8e512d8205f5f60a
trust_game_punishment/072903_gpt-5.4-three/data/agent_histories/Agent_11_game2.json,98904,b1aa329d2e6ff68a741418f9731ed81344de2d227cb3c965504e8f2c849e8f91
trust_game_punishment/072903_gpt-5.4-three/data/agent_histories/Agent_12_game1.json,63862,54564043835fe238ec21e475478aa3002891579c66ba230e6f466af7a9255a21
trust_game_punishment/072903_gpt-5.4-three/data/agent_histories/Agent_12_game2.json,114837,450586baefbc19dd81068276d3074d83a854ccafe3507f6843630ebbee33784f
trust_game_punishment/072903_gpt-5.4-three/data/agent_histories/Agent_13_game1.json,87197,aac72fa120dcaefd0a1fc3faa90745c25935594efb0f6d972910401776cd5e8e
trust_game_punishment/072903_gpt-5.4-three/data/agent_histories/Agent_13_game2.json,83102,17b242e9caaa6c94fc969d5e3910d6a04685365cfe261b62536e151e3c246d22
trust_game_punishment/072903_gpt-5.4-three/data/agent_histories/Agent_14_game1.json,108442,aaee3d9f4df96f2abc337a2a4e4bcac1a5f131337eef9cdd7311637fd1cd6fc4
trust_game_punishment/072903_gpt-5.4-three/data/agent_histories/Agent_14_game2.json,103110,437e380fac9545e631f23ea09f40b3bdf04e5f532ac370011e9aa32a95cd101e
trust_game_punishment/072903_gpt-5.4-three/data/agent_histories/Agent_15_game1.json,95199,2f11544b8e520f5830e0e83cf2d3c471c8288bdab00b850df024223de500266b
trust_game_punishment/072903_gpt-5.4-three/data/agent_histories/Agent_15_game2.json,116062,ee314ecc57dd1a96d91f5b8d4b15088b05e8724332ce745fcb00ee2affbb7b28
trust_game_punishment/072903_gpt-5.4-three/data/agent_histories/Agent_16_game1.json,70006,25931aa8c0f4e99ded219eeb2fdc3aa1d9a6277c003b3705a86e3f9bfe779628
trust_game_punishment/072903_gpt-5.4-three/data/agent_histories/Agent_16_game2.json,59611,8c67036aa5f7e70ebcfc791c940b8e9ee6a0d2d87e13d96ddda81f0779643a93
trust_game_punishment/072903_gpt-5.4-three/data/agent_histories/Agent_17_game1.json,85291,8ddf3e49d2794812c40a8c6d84a09d057aeed4a78ef81945689041b39d0fa74a
trust_game_punishment/072903_gpt-5.4-three/data/agent_histories/Agent_17_game2.json,83918,a5cfe1d67bca5430c73d1f4885fc110f22a9e7247f4f4f61ba9bc1a51a11f11a
trust_game_punishment/072903_gpt-5.4-three/data/agent_histories/Agent_18_game1.json,127738,b02a3a8914008546289f981aab9cd64933837848c95980631700fc05313ab4bd
trust_game_punishment/072903_gpt-5.4-three/data/agent_histories/Agent_18_game2.json,74202,ccc5cd32c252e9248dc2e8c5493feac532878242c0f477c4a8e75f02e0064792
trust_game_punishment/072903_gpt-5.4-three/data/agent_histories/Agent_19_game1.json,74573,7f67c23a380eb30cb440cad991c412e157107c3604ec5b3d68aabc70a8e222a7
trust_game_punishment/072903_gpt-5.4-three/data/agent_histories/Agent_19_game2.json,90289,b351ebcbe91d6f4470f1f34a9b3572ddeb1e326d5b4e18f050284f8a3f6266be
trust_game_punishment/072903_gpt-5.4-three/data/agent_histories/Agent_1_game1.json,82447,e26dc4df6599a83b877f87ff4d9f7389e9e74a7b973607094203573057ea92ab
trust_game_punishment/072903_gpt-5.4-three/data/agent_histories/Agent_1_game2.json,65649,b2df5dd92b1cda837a4f2b50fa9ea7fc1390676b1dd4c05231a18c5fbc31a959
trust_game_punishment/072903_gpt-5.4-three/data/agent_histories/Agent_20_game1.json,81168,b8ea41fd089e96ae73c83185ba105f42827f120f3989734d3d1819352a83117f
trust_game_punishment/072903_gpt-5.4-three/data/agent_histories/Agent_20_game2.json,109832,9d66fa0aab66c9154f51eebfb8cc1b76896e84ddd1c2599b7b751426bcdea9d9
trust_game_punishment/072903_gpt-5.4-three/data/agent_histories/Agent_21_game1.json,94337,fa8969aa8e1e281b8abe437d5489acd1175e1f11743f4d27066cce21ee7db0f6
trust_game_punishment/072903_gpt-5.4-three/data/agent_histories/Agent_21_game2.json,105358,19f4664a01bf5d052045d6d96dfa45377235f99daa77cee7cec64cf1b0a61253
trust_game_punishment/072903_gpt-5.4-three/data/agent_histories/Agent_22_game1.json,121732,96a7da5f10c348a758e126ac8e1f1231dc04818e8f99ffcfb5839d55de2db314
trust_game_punishment/072903_gpt-5.4-three/data/agent_histories/Agent_22_game2.json,141285,0760a0b5d3c8f5ab4dc4e1c44ab210eacef6bd13ecf341a9f80335465b49f188
trust_game_punishment/072903_gpt-5.4-three/data/agent_histories/Agent_23_game1.json,88735,2047dedb4769b64cad6604af12945bc74c14f5a6c6f15bb7e3a6faf02acdca5c
trust_game_punishment/072903_gpt-5.4-three/data/agent_histories/Agent_23_game2.json,67055,bb29db7d1e8dc7566ae561b2b57aa6a4812df077286cab0e959cdb8874730504
trust_game_punishment/072903_gpt-5.4-three/data/agent_histories/Agent_24_game1.json,101752,67ba4682ad7b6b08858fcf314de9055906d79bf737ee4dcdaea0c3e10666ed29
trust_game_punishment/072903_gpt-5.4-three/data/agent_histories/Agent_24_game2.json,98321,5270e40ef5ed9061e5e3a0dc3af41b38e0107fcdaa862e67adf88f3400c801f0
trust_game_punishment/072903_gpt-5.4-three/data/agent_histories/Agent_2_game1.json,95431,7af0e6073c6efb2bc15e0425046c7608e82fc86a532da5559f8ba2036c26bf1d
trust_game_punishment/072903_gpt-5.4-three/data/agent_histories/Agent_2_game2.json,93489,9f7eb1d6d2be7bb89564068bca50960600f97f1dc6a6cd7d2f504592e22ade97
trust_game_punishment/072903_gpt-5.4-three/data/agent_histories/Agent_3_game1.json,114124,18040e4396af6f2e54ba5382b6205dfcc5d31beeda808ca33ff3bc96e7a8edc2
trust_game_punishment/072903_gpt-5.4-three/data/agent_histories/Agent_3_game2.json,108652,79ff936b43b1d4c8fc5ed92cf4a0d68bfb9bf999cf2e1cb258845cc8d7b92de0
trust_game_punishment/072903_gpt-5.4-three/data/agent_histories/Agent_4_game1.json,90646,bd7d19351937eeabc5fe0cfd828459349f9d913d65e90d9e390c14af47c2451c
trust_game_punishment/072903_gpt-5.4-three/data/agent_histories/Agent_4_game2.json,111913,597050f494c9ac0f5345863b893495058f96efb86f4e28c42a3a317f958d3718
trust_game_punishment/072903_gpt-5.4-three/data/agent_histories/Agent_5_game1.json,86757,c108234f0f997b1fd57cb4a42271462e9bda07f27cf5d54fe915cdbb019c5253
trust_game_punishment/072903_gpt-5.4-three/data/agent_histories/Agent_5_game2.json,115245,38f37d6b152437ff4ccba7e8d53932f61637b6bf14945916c88fe446564c3fd4
trust_game_punishment/072903_gpt-5.4-three/data/agent_histories/Agent_6_game1.json,79253,473fdd45eec5f5261c85147e1e70335bc7407da12732b46b5b15b1a5e2dd32d7
trust_game_punishment/072903_gpt-5.4-three/data/agent_histories/Agent_6_game2.json,67210,a01f08716b337a42cdd7bbd51028beb95c3598f87d0771cf0156a9713e8df800
trust_game_punishment/072903_gpt-5.4-three/data/agent_histories/Agent_7_game1.json,102073,4ae3059722942cc8280387d5dfb750d30a8f38e392ef3f8f11603b2c9c8b00a7
trust_game_punishment/072903_gpt-5.4-three/data/agent_histories/Agent_7_game2.json,63453,9652d891ec5a2d116869abf0229cf601d2095436c38f583e42149a0841d9ff8d
trust_game_punishment/072903_gpt-5.4-three/data/agent_histories/Agent_8_game1.json,133838,6444d146066b822283b5a0c0eeb290b79fb1b8507758c81ca01abcc312ccbd15
trust_game_punishment/072903_gpt-5.4-three/data/agent_histories/Agent_8_game2.json,85203,79850a94231fe66df47f448a06fc0a130a5219adf2d7cbc9553c5b4376eda2ca
trust_game_punishment/072903_gpt-5.4-three/data/agent_histories/Agent_9_game1.json,112056,b9492d406cb334c1ca02551862ff936aa63bf1ccd60829eadc8b3bc2775434d3
trust_game_punishment/072903_gpt-5.4-three/data/agent_histories/Agent_9_game2.json,75095,300917887b39608466ec0fe9817957def63f9883b45a944d8487d6292698e3a5
trust_game_punishment/072903_gpt-5.4-three/data/experiment_stats.json,2478514,ebef815024f03b98f85da9e5f6c1c25a95158612f03ae47cd2ff4cc24bbc1785
trust_game_punishment/072903_gpt-5.4-three/data/game_log1.json,1007608,572e2eca4f8288fd5d22be55be3656207a6acd1c6234b52fa664c72037f3c251
trust_game_punishment/072903_gpt-5.4-three/data/game_log2.json,998227,2b72c25f5abe94ee51f853563bf55f210ecf00dd7991494ac9116cd8bc780f1a
trust_game_punishment/072903_gpt-5.4-three/data/game_log3.json,1012516,1dcd6b853d785a09977b9ea7bb06047261788ac8332dc2d232957ddccdc0ef99
trust_game_punishment/072903_gpt-5.4-three/data/summary_stats.json,22646,1f319ccf877054f1977748949a25d0176bedee9b0d6c73b6110d1992e09c2245
trust_game_punishment/072903_gpt-5.4-three/experiment_config.json,1479,d0459ae822bfde85a92fa9c5175bedc7ba4d8c475158fde310b44db300e1c7e7
trust_game_punishment/072904_grok-4.3-three/data/agent_histories/Agent_10_game1.json,78303,dcae4dc8e9a4be6ea72f7729fdacb95426a39b259c908a3febe22f9c66a8375b
trust_game_punishment/072904_grok-4.3-three/data/agent_histories/Agent_10_game2.json,108773,b4e1e60c29f3be4ea8da2e87e587d9c08850f6640e767177ab45e8077a90f5d0
trust_game_punishment/072904_grok-4.3-three/data/agent_histories/Agent_11_game1.json,87877,42ad760bf43b943f3eebeec4cc216871dd54c72a6e53260258017f771941a0e1
trust_game_punishment/072904_grok-4.3-three/data/agent_histories/Agent_11_game2.json,99279,b59b632c05112200935bc874dd098834bb4f1bca9f51d8417a022759ebd14c8f
trust_game_punishment/072904_grok-4.3-three/data/agent_histories/Agent_12_game1.json,62902,20c14c28a6796ace8f465b9915ea4b2ca5fd9653b267dc67cf362a769f009ca8
trust_game_punishment/072904_grok-4.3-three/data/agent_histories/Agent_12_game2.json,113988,d9615a1d75074a5d2c99dd951d014ed982192fb2ee22481c051a151bbb563cda
trust_game_punishment/072904_grok-4.3-three/data/agent_histories/Agent_13_game1.json,87593,2f7cfc1fef20561f9bb889223b2064556d183fc2822ff621e79a211867eef115
trust_game_punishment/072904_grok-4.3-three/data/agent_histories/Agent_13_game2.json,83838,e0ad84d1407cc1b96828ca1c6d3ec280a25dcda55207d4435c587919a139f87e
trust_game_punishment/072904_grok-4.3-three/data/agent_histories/Agent_14_game1.json,107879,a69e0aba74cde49cb3aafe56d41540e0190847aaf296912bf16d802cb6ef8c8f
trust_game_punishment/072904_grok-4.3-three/data/agent_histories/Agent_14_game2.json,102444,9934c90df260bc21b2be0954928e9a2826cc188585b3f8a9a55b1cf08f1e1fcb
trust_game_punishment/072904_grok-4.3-three/data/agent_histories/Agent_15_game1.json,93351,f0033d99bdbd1e84fe373a41d24521f848ae80fc019f13a5a8d7fede29503518
trust_game_punishment/072904_grok-4.3-three/data/agent_histories/Agent_15_game2.json,114860,b576ae7e12b642bc61e71066adb9c7fc5d8ee941404fd49764ea7b29e02b46f4
trust_game_punishment/072904_grok-4.3-three/data/agent_histories/Agent_16_game1.json,68525,33d2e27542f88abf81e0c5ddddbe27bf2f86315bb5b36e548946ba2572a50dc0
trust_game_punishment/072904_grok-4.3-three/data/agent_histories/Agent_16_game2.json,59275,dfae96ff86f2fd0c593cb722319ce61d2880b200337b18dcd64357870033e705
trust_game_punishment/072904_grok-4.3-three/data/agent_histories/Agent_17_game1.json,84079,61a904f7304933dec0041eea333fe73d663c817d2c0347615aedcac2fd50cf37
trust_game_punishment/072904_grok-4.3-three/data/agent_histories/Agent_17_game2.json,84891,c22e16de37324179d20a7a4d3913eac0185edcd489dfe920fa32859414f75049
trust_game_punishment/072904_grok-4.3-three/data/agent_histories/Agent_18_game1.json,127771,47c277333b9f251574346b26f56cfd5b5900b999e937903b49a2c37f040a29d6
trust_game_punishment/072904_grok-4.3-three/data/agent_histories/Agent_18_game2.json,73321,c6efd561dfbcd5b14f0dfe442ec131913d509ae1afe3554c25b334cc938f7d5a
trust_game_punishment/072904_grok-4.3-three/data/agent_histories/Agent_19_game1.json,74139,2b5114942b1a39c935ffa4d81e8f19cdcc2375a6958d30ae8d123cd85b850504
trust_game_punishment/072904_grok-4.3-three/data/agent_histories/Agent_19_game2.json,90004,7b9c5245e7a28c47faa9a78f8bdc5f447d53d05cab980c9ec4b4fadc1549c8c7
trust_game_punishment/072904_grok-4.3-three/data/agent_histories/Agent_1_game1.json,80221,e205b4d09811ed555a4bf1f596d220b77738408c1a6eebbdc1361a15d62357d6
trust_game_punishment/072904_grok-4.3-three/data/agent_histories/Agent_1_game2.json,67037,b215f6bc90e323cd7b4e12594c7b1aa7be9a45c572d211fac058ca521fe3259e
trust_game_punishment/072904_grok-4.3-three/data/agent_histories/Agent_20_game1.json,80905,ce5cd791f3e0badc6f26cebf2697f8130481fd793f798ce686a14571b6bf08bd
trust_game_punishment/072904_grok-4.3-three/data/agent_histories/Agent_20_game2.json,108472,5115997519e4c7fee09d80c6acbcde4c37aeee39da7190f14c8f88373151a19e
trust_game_punishment/072904_grok-4.3-three/data/agent_histories/Agent_21_game1.json,93341,cdc933388f9b35e468763c3362d96672f89618bb770be965ef7ad55e75cce23f
trust_game_punishment/072904_grok-4.3-three/data/agent_histories/Agent_21_game2.json,105842,4c6b714beb412a254a00fa55ffbefa9eba3d8bbd4fc2fd988b343a869fb32efb
trust_game_punishment/072904_grok-4.3-three/data/agent_histories/Agent_22_game1.json,116881,600c5796a57a93a5da7ed80cf4cf4e2b4c50bd47662b0bc6da84dd9a91dbd723
trust_game_punishment/072904_grok-4.3-three/data/agent_histories/Agent_22_game2.json,135635,86f5a31f685072f4fac20bb3befcc3308981f900993fe030c34eb0ab5235b7cf
trust_game_punishment/072904_grok-4.3-three/data/agent_histories/Agent_23_game1.json,87093,46151c02f20d48f7e862a77582ce56035f70184c385a2f9c04ae20965108e840
trust_game_punishment/072904_grok-4.3-three/data/agent_histories/Agent_23_game2.json,65322,11a63181682f5655d52bbd747a70a99a87b9ead3be1e37fbcc6874fc34623774
trust_game_punishment/072904_grok-4.3-three/data/agent_histories/Agent_24_game1.json,98978,18c10ecf6b4d6834a0ce583318cce8fd50991899822b2df8eb6c0d9e7fcc2f46
trust_game_punishment/072904_grok-4.3-three/data/agent_histories/Agent_24_game2.json,100064,6b757a4b16890d83bcf25666e07481a6b7ad90561012d37445c228dc53e78a73
trust_game_punishment/072904_grok-4.3-three/data/agent_histories/Agent_2_game1.json,93149,db41baa669ec8175f596f98ff567b24cedbd00f9ad940da7913789ec779e820c
trust_game_punishment/072904_grok-4.3-three/data/agent_histories/Agent_2_game2.json,92630,6a432abf7f9bfb4dd21da41bf11da88adc2f9a225421c62013d3d65e93c9ed9f
trust_game_punishment/072904_grok-4.3-three/data/agent_histories/Agent_3_game1.json,111952,412fa7da1ed7b2d4cbde3f152f4f9b54373cec3e6a95c5e4fccf46a2a49f2530
trust_game_punishment/072904_grok-4.3-three/data/agent_histories/Agent_3_game2.json,110274,dbd5aa944ade03475c79c08c2f8d0619a582acfbda67bcce0efdf010e790f455
trust_game_punishment/072904_grok-4.3-three/data/agent_histories/Agent_4_game1.json,90320,6c1d9ef80af5f5ed9e7179e6f7ec66b773fbf8eb0fc13f200989de92c208a4fa
trust_game_punishment/072904_grok-4.3-three/data/agent_histories/Agent_4_game2.json,108560,1709718122f551a6f33c5abf2846b4c814cac7df2bada3874152d013ce37af7d
trust_game_punishment/072904_grok-4.3-three/data/agent_histories/Agent_5_game1.json,87145,5615dc706d2891a6a9e89f4c0bdfc24f318b89a6c716fc26be547cadc9d61e7e
trust_game_punishment/072904_grok-4.3-three/data/agent_histories/Agent_5_game2.json,112139,de7dfcea967dd16de09f06cec9137c5572342531a66aa16f81849b2b6957e088
trust_game_punishment/072904_grok-4.3-three/data/agent_histories/Agent_6_game1.json,77850,b36445b01fca03f0c8622acdfa6058919ae9ee50ae5f151eba09b9d212f68385
trust_game_punishment/072904_grok-4.3-three/data/agent_histories/Agent_6_game2.json,65634,8d19b314940b7069ba253292a4aaf866a6c54606218cfa9526d806182f25917d
trust_game_punishment/072904_grok-4.3-three/data/agent_histories/Agent_7_game1.json,99223,09a10deddba109459a071bc77fef8fe056c646ffc36e0b398e673cb2aa635e05
trust_game_punishment/072904_grok-4.3-three/data/agent_histories/Agent_7_game2.json,63155,1b5d68ce282d536de37e5f1130699b81efa7c76e77ad0b1baaa091525897e2a5
trust_game_punishment/072904_grok-4.3-three/data/agent_histories/Agent_8_game1.json,132255,70081a3b94690d7d0b9ccdb0dd28ff1870e052fc27830d58dd5b71540a05563c
trust_game_punishment/072904_grok-4.3-three/data/agent_histories/Agent_8_game2.json,82983,bb368cafb12dc624fae0ded7f9b7696f1bee83fafa1da5ad6234908302ea71bf
trust_game_punishment/072904_grok-4.3-three/data/agent_histories/Agent_9_game1.json,114001,af03d12bfd85d68794178213646a82c10570fb6c912b415ed23e569914f1391f
trust_game_punishment/072904_grok-4.3-three/data/agent_histories/Agent_9_game2.json,77462,88232938e7e22f01b9dba97c52068d93160512d258cd52f7eb6bf42f7219ea8e
trust_game_punishment/072904_grok-4.3-three/data/experiment_stats.json,2463765,310a56413d9039920a07a02c13712ac7a9919245123fbf21ec5d6b4805079231
trust_game_punishment/072904_grok-4.3-three/data/game_log1.json,988717,88ab0b75147425521d0a990d83bbe69f9043daf38408175ca61708562a7307b9
trust_game_punishment/072904_grok-4.3-three/data/game_log2.json,985176,b978d2f8f038a3ecb1df2443923cf1187df1c650041ee577fed72b8aa7091b9e
trust_game_punishment/072904_grok-4.3-three/data/game_log3.json,961374,c907021a43981d85b0f4410b63fe845fa39655675b86d018388d319d6e7655bb
trust_game_punishment/072904_grok-4.3-three/data/summary_stats.json,21965,55a96fa21d8f4cf7c6f31c0604e0bc6925b736d602da0eacd5899cafa03a5b39
trust_game_punishment/072904_grok-4.3-three/experiment_config.json,1479,d0459ae822bfde85a92fa9c5175bedc7ba4d8c475158fde310b44db300e1c7e7
trust_game_punishment/072905_gemini-3.1-pro-preview-three/data/agent_histories/Agent_10_game1.json,102177,2bed0a66fa72d0e0bd8e52a1a0bb578c55ba524bb020ba34975c077e7f64c48a
trust_game_punishment/072905_gemini-3.1-pro-preview-three/data/agent_histories/Agent_10_game2.json,139491,7f735ff3246e88a2375d6ef8b00d5cee5e26428088b2a91539199ee9cdfbffa6
trust_game_punishment/072905_gemini-3.1-pro-preview-three/data/agent_histories/Agent_11_game1.json,113710,5e0377338895353eb307badb9cc7de117493be413d477b15d7ce713f96346fd7
trust_game_punishment/072905_gemini-3.1-pro-preview-three/data/agent_histories/Agent_11_game2.json,132262,f102ecc44c66f216a6c8c306bd488c9829b92c7933e1ecf0077853a135ed94a3
trust_game_punishment/072905_gemini-3.1-pro-preview-three/data/agent_histories/Agent_12_game1.json,81572,9d870233811b73674fcd4fdba0e75757bf56fdd3d406bf7d1e1a3d29f5414131
trust_game_punishment/072905_gemini-3.1-pro-preview-three/data/agent_histories/Agent_12_game2.json,147997,8150fce6dc44f654baaedac11055f3b667127c364c209b164f18ba286651d748
trust_game_punishment/072905_gemini-3.1-pro-preview-three/data/agent_histories/Agent_13_game1.json,114399,8154b0f28c149fa1bf2e027aa3fa4c0b4fddc012999b6dfaaab4717fae322d37
trust_game_punishment/072905_gemini-3.1-pro-preview-three/data/agent_histories/Agent_13_game2.json,109861,2afc7317281e00732f8f75e9efc2aacc0eef5fd7a3bd01703280619e0d104ecf
trust_game_punishment/072905_gemini-3.1-pro-preview-three/data/agent_histories/Agent_14_game1.json,141130,0529e7d955f1a02034bd198b3f926a166856dbb4c172ad178bbf555294d4fa46
trust_game_punishment/072905_gemini-3.1-pro-preview-three/data/agent_histories/Agent_14_game2.json,131880,20a9dca4ba5f2a4bbba48f1ef9efed6b2947409f2b6b98841f0adafe8453c275
trust_game_punishment/072905_gemini-3.1-pro-preview-three/data/agent_histories/Agent_15_game1.json,122144,8b3d167681cd59c3943a32fc0db7c1ffa1815864435fe967375b9998675a7509
trust_game_punishment/072905_gemini-3.1-pro-preview-three/data/agent_histories/Agent_15_game2.json,151071,eaefbbf2dd35669597eff3571bb1f6e94db171d50d135444fe6f1214867a96d5
trust_game_punishment/072905_gemini-3.1-pro-preview-three/data/agent_histories/Agent_16_game1.json,88032,c8ce2b27d15df73f7c5c356fdf993c13a5cee49608f85c53eeda02ef606ff53b
trust_game_punishment/072905_gemini-3.1-pro-preview-three/data/agent_histories/Agent_16_game2.json,77561,d0eeeafd7a86e5d358fd23c904b38fa9e5b8cba6a1da1bcce41bf4d60276d1d5
trust_game_punishment/072905_gemini-3.1-pro-preview-three/data/agent_histories/Agent_17_game1.json,110459,a51b9ce7023dc58c029d541215fc49d0b4dc3eaf042a4005d4528cff20730330
trust_game_punishment/072905_gemini-3.1-pro-preview-three/data/agent_histories/Agent_17_game2.json,109688,2090cc4486a8226afcd08b25c8ab430ad5b738e585607d7b2c6f4bce8a2e82e7
trust_game_punishment/072905_gemini-3.1-pro-preview-three/data/agent_histories/Agent_18_game1.json,163652,82e82b1f53070513f21e5bed7bc05c7a2d6d9eeb30080e8549d430068014111a
trust_game_punishment/072905_gemini-3.1-pro-preview-three/data/agent_histories/Agent_18_game2.json,98225,7b4e8f4c30f573dcac8afeeeb1e33a9f3c21756d426027f4414f53f65828805b
trust_game_punishment/072905_gemini-3.1-pro-preview-three/data/agent_histories/Agent_19_game1.json,97945,9d1ebf6105bdd6c7f7a6daac7e3d0f303c3fbdd1e31dd7dc112587e401fb489e
trust_game_punishment/072905_gemini-3.1-pro-preview-three/data/agent_histories/Agent_19_game2.json,116920,60a912fce5a4e5e6db756e12f47b03212761ad0f25bf011afc75252b3dc1fe78
trust_game_punishment/072905_gemini-3.1-pro-preview-three/data/agent_histories/Agent_1_game1.json,106217,2364a042e3ecd042e4ac6140c021ffa16ad7cc945a5e1f4cf35d2300e7cb1e0b
trust_game_punishment/072905_gemini-3.1-pro-preview-three/data/agent_histories/Agent_1_game2.json,85650,381d74f2b4bc03ca5b93ceb8eada17cecfd6bf7320496cb6d96591ff46ed54fd
trust_game_punishment/072905_gemini-3.1-pro-preview-three/data/agent_histories/Agent_20_game1.json,105322,c36b7b5247922e0c20674679dd2b7028ce079e8b22f69c029670c3fbadb6063b
trust_game_punishment/072905_gemini-3.1-pro-preview-three/data/agent_histories/Agent_20_game2.json,143580,74724d536d0f11105a797cfbcb39026f13d5199976b3ab924253a1e5f355aba9
trust_game_punishment/072905_gemini-3.1-pro-preview-three/data/agent_histories/Agent_21_game1.json,120230,8a608a82d69aebf76751653e32f52c1ea978965dd7778da93d9dca819776c0ec
trust_game_punishment/072905_gemini-3.1-pro-preview-three/data/agent_histories/Agent_21_game2.json,137346,aeeeae6e4c2c794d480dd6dccb00c237e51290090c23eea62d336f298613bb90
trust_game_punishment/072905_gemini-3.1-pro-preview-three/data/agent_histories/Agent_22_game1.json,152735,c0fe0b2c316d506433fe87f95ff7b7625a8f06fda826abed549ed6fb51e04d10
trust_game_punishment/072905_gemini-3.1-pro-preview-three/data/agent_histories/Agent_22_game2.json,180480,9ac60a26e9a0e6409e477344f52d32e173963baeaa73d53761f1caf23f279e88
trust_game_punishment/072905_gemini-3.1-pro-preview-three/data/agent_histories/Agent_23_game1.json,112084,fd79c64c80d7ffa6058d36d084f58a3195fde2500f1d56bb4903a41174aa9db3
trust_game_punishment/072905_gemini-3.1-pro-preview-three/data/agent_histories/Agent_23_game2.json,86850,85ed25c3c9b9d74e2aa20469a1efc77d32f5282b457c3a0a5daf2ab94df6a2d8
trust_game_punishment/072905_gemini-3.1-pro-preview-three/data/agent_histories/Agent_24_game1.json,129777,9ca949c256f7904585afeb9cd623230910ce7221fd157e883b37c63198d321c8
trust_game_punishment/072905_gemini-3.1-pro-preview-three/data/agent_histories/Agent_24_game2.json,131105,913ce99063c1f801dcc530e4dd1b3091dddb34b512448e1c395366b950a5de1a
trust_game_punishment/072905_gemini-3.1-pro-preview-three/data/agent_histories/Agent_2_game1.json,123265,7e06f88849d05ed621add2580d61a53d85092607e97a2d894e05a4f187bd54c3
trust_game_punishment/072905_gemini-3.1-pro-preview-three/data/agent_histories/Agent_2_game2.json,120039,a511e2f7f913888f8ac5cbfd398a9db350cf9bd7632dddbb2a6ea70a9d4f4124
trust_game_punishment/072905_gemini-3.1-pro-preview-three/data/agent_histories/Agent_3_game1.json,143384,857bca0cd8853eb4898f979b8fb8a1d8ff4f28e18452ac352d36b58ff588cda2
trust_game_punishment/072905_gemini-3.1-pro-preview-three/data/agent_histories/Agent_3_game2.json,143693,60020558ba6b9774c0ebfb5e672974209050732f2b7c552fef8905922b1fcbaa
trust_game_punishment/072905_gemini-3.1-pro-preview-three/data/agent_histories/Agent_4_game1.json,117589,e8aaa4d98f57b5dfd7c1116b191bfbb65844bfa323d7a83c49dc22f9af49852f
trust_game_punishment/072905_gemini-3.1-pro-preview-three/data/agent_histories/Agent_4_game2.json,139284,d2df2986f10dbf168d2f57f54ccc9b49bbdc38bac2c199bafd1311f7a479ddb6
trust_game_punishment/072905_gemini-3.1-pro-preview-three/data/agent_histories/Agent_5_game1.json,111896,dee743ce9dc9c81d6508810d1a2af34aba76d1e113b8d9225c50868dd6960a8c
trust_game_punishment/072905_gemini-3.1-pro-preview-three/data/agent_histories/Agent_5_game2.json,146575,549eebeaf9167b73f021c98e5140032b10d9556119ecf433a382861290e480d3
trust_game_punishment/072905_gemini-3.1-pro-preview-three/data/agent_histories/Agent_6_game1.json,101945,de4cf75f0dade24100b0ef3ad93c6d95a6eb6666fdbaa8418dfc0f4285dd0385
trust_game_punishment/072905_gemini-3.1-pro-preview-three/data/agent_histories/Agent_6_game2.json,86725,fc21681b8eb995c06444210e6be6ff73a895ae21d4c9572d42318469e7c3f5b0
trust_game_punishment/072905_gemini-3.1-pro-preview-three/data/agent_histories/Agent_7_game1.json,127737,23bf5bbb289562dafa898e844e9b4267b31a17141c1745b0fb5ea67bdc174f10
trust_game_punishment/072905_gemini-3.1-pro-preview-three/data/agent_histories/Agent_7_game2.json,83989,1f9def05256b1b8ece8ed4b22fe18d6a0edd22b746b7dd7ce9f787c7b1707970
trust_game_punishment/072905_gemini-3.1-pro-preview-three/data/agent_histories/Agent_8_game1.json,171666,d88ec01e56d9f627f76ccc46baae667424841f9a58597d6506bf5d8e72aff616
trust_game_punishment/072905_gemini-3.1-pro-preview-three/data/agent_histories/Agent_8_game2.json,110348,e456846b56e79ea81ca29aee6a2b3c68eaff681171d09ff9527ecfe7dedb2a5b
trust_game_punishment/072905_gemini-3.1-pro-preview-three/data/agent_histories/Agent_9_game1.json,147027,418f86a6227906939d3e54999900ea162eb25f62ccbba3456c3a9199eb482336
trust_game_punishment/072905_gemini-3.1-pro-preview-three/data/agent_histories/Agent_9_game2.json,101538,2b4e45c260d7410b50397d5ce0c6087a9139f9e4753d59c5a90a257e31bd20df
trust_game_punishment/072905_gemini-3.1-pro-preview-three/data/experiment_stats.json,3213555,c2cd8e2668ccedba220efdf08cf5cf537120ebb575a5788eaab432c433c8316f
trust_game_punishment/072905_gemini-3.1-pro-preview-three/data/game_log1.json,1354123,17af54679780a90642e1cd79b81629cde2f913b47a369f45412ddfd777e3473c
trust_game_punishment/072905_gemini-3.1-pro-preview-three/data/game_log2.json,1358401,548a9dc34c5c61f39b72c45cdd16157e3745694d2bf91964ec90445a53d036cb
trust_game_punishment/072905_gemini-3.1-pro-preview-three/data/game_log3.json,1359109,91ccadba33b4b20b93d6dfd66f97468ee71d565b6b2b58dacd9bb78f98692a13
trust_game_punishment/072905_gemini-3.1-pro-preview-three/data/summary_stats.json,21139,e52cbc75578d5f907d4a198386795a6f72c685b61d2cb5da6e743b667308394d
trust_game_punishment/072905_gemini-3.1-pro-preview-three/experiment_config.json,1479,d0459ae822bfde85a92fa9c5175bedc7ba4d8c475158fde310b44db300e1c7e7
trust_game_punishment/072906_claude-opus-4-6-three/data/agent_histories/Agent_10_game1.json,136156,9ff4a41d1efb04c4d2dc9c1cd75cedbb1865fa615dce395c454b8405a898030b
trust_game_punishment/072906_claude-opus-4-6-three/data/agent_histories/Agent_10_game2.json,188269,b1bec1da13901fbcc4790e2316b8b363d0aa65d827b9f8005352e64f2f06a83d
trust_game_punishment/072906_claude-opus-4-6-three/data/agent_histories/Agent_11_game1.json,149948,c41e05e2d4e562443fd93bb321bc85faf19a6f13194c8dae7cf3bae95d63c548
trust_game_punishment/072906_claude-opus-4-6-three/data/agent_histories/Agent_11_game2.json,168541,66fb333db2b18157b760fbf06c408d3c013bdb2528715f2d760b89c4d00a60f1
trust_game_punishment/072906_claude-opus-4-6-three/data/agent_histories/Agent_12_game1.json,104920,f7ed31789b1cab2b3e52ce69f97e340d0f5dd8e55c3fec9561868b7e5b84b074
trust_game_punishment/072906_claude-opus-4-6-three/data/agent_histories/Agent_12_game2.json,196218,ea1464d50d6909f034df9fa857da3be77bf06195c4123a06d62ffc6ba6575bbc
trust_game_punishment/072906_claude-opus-4-6-three/data/agent_histories/Agent_13_game1.json,150673,05a318e0a616efc261356633975f8e26a2b95cdb29214a98d7d6bc18f2611f9e
trust_game_punishment/072906_claude-opus-4-6-three/data/agent_histories/Agent_13_game2.json,142437,5589c2cccd6b8cd3380053614bb445f37f1ccfe66a1b7fa4568c89a4c16e04c6
trust_game_punishment/072906_claude-opus-4-6-three/data/agent_histories/Agent_14_game1.json,185107,4fdb68907c0458f220f4376f87a49b3c0e8501e7942afb7ef514f98e0a058a46
trust_game_punishment/072906_claude-opus-4-6-three/data/agent_histories/Agent_14_game2.json,171009,7b045a8e29ccf9d328f7680af374c3dcbd0956a7f04d43e9b26c0252fd2e9666
trust_game_punishment/072906_claude-opus-4-6-three/data/agent_histories/Agent_15_game1.json,158742,897db262de65394c548f87497931f73f0c6cdbe64450993b520cfb8dc151e454
trust_game_punishment/072906_claude-opus-4-6-three/data/agent_histories/Agent_15_game2.json,206695,1076adb2ed92e112a8468353a2547684405c6ed84751a4e114afbbae264f00ea
trust_game_punishment/072906_claude-opus-4-6-three/data/agent_histories/Agent_16_game1.json,123375,1c7da2484d1b0fc8b70a2cbc73f18545139516817bab9fe3a53c4d0641404dff
trust_game_punishment/072906_claude-opus-4-6-three/data/agent_histories/Agent_16_game2.json,101978,18b38d1510d3d1126741c6e2a66898b6a5eb94c5c1e5c02ed7d4741f5e066476
trust_game_punishment/072906_claude-opus-4-6-three/data/agent_histories/Agent_17_game1.json,144846,db67352e1b7d6eb7cedfef68faa8dbac99984e4b62822aad11ca4d1b916608b8
trust_game_punishment/072906_claude-opus-4-6-three/data/agent_histories/Agent_17_game2.json,143284,8a5353953f548592c2352c800a3413a3ff86357d0ddd9c1f145900dc132a90da
trust_game_punishment/072906_claude-opus-4-6-three/data/agent_histories/Agent_18_game1.json,225381,8e3679e3a9584c52a486ec7af03800e626741bd2961d4dd816c3c60ed4a51643
trust_game_punishment/072906_claude-opus-4-6-three/data/agent_histories/Agent_18_game2.json,126663,2eb706e8a258b94e0f12c5216e4b7556fd93f455f35157a16ea88c826472a11a
trust_game_punishment/072906_claude-opus-4-6-three/data/agent_histories/Agent_19_game1.json,126605,36bada8295b95e5229fcdb0690550f9712b5b5c3efa030ddeb048076b7a104ec
trust_game_punishment/072906_claude-opus-4-6-three/data/agent_histories/Agent_19_game2.json,154466,ecaac963e6d3f4aac617130b71c88e7244dd829b28379a808e81fd5adfa552b6
trust_game_punishment/072906_claude-opus-4-6-three/data/agent_histories/Agent_1_game1.json,144165,23e265e35ee7c595bedd8c40acc28120bcf9d48eeb02ce1b3ca2dcaaed3f98c6
trust_game_punishment/072906_claude-opus-4-6-three/data/agent_histories/Agent_1_game2.json,115137,acb6e31c2ccf4a486968e55fb0137c99ea7627e0266148aa8ec223978534665e
trust_game_punishment/072906_claude-opus-4-6-three/data/agent_histories/Agent_20_game1.json,144796,0c88c41fbc9b9c408e6d595c8b79d3955ee9a134a8b7a655c65508f2494b3cf0
trust_game_punishment/072906_claude-opus-4-6-three/data/agent_histories/Agent_20_game2.json,189775,dd60cb897e17141651ef5e4c6de5b973d0d4cb34bf8e6bbe852677fb65ac98eb
trust_game_punishment/072906_claude-opus-4-6-three/data/agent_histories/Agent_21_game1.json,159189,476a6ff7e35c61aebbdf4440c22ff87d00a41a1d5a8e94db6b42a4dba70d7388
trust_game_punishment/072906_claude-opus-4-6-three/data/agent_histories/Agent_21_game2.json,184646,96d2e10c0ef614046ec594b36a30e9bc7f7061aced82320e9c2025293af06ab6
trust_game_punishment/072906_claude-opus-4-6-three/data/agent_histories/Agent_22_game1.json,203541,de32f066f8ea2bfbf4470f927b864ae8593789fd10e6e3c29b925022a40c3f7f
trust_game_punishment/072906_claude-opus-4-6-three/data/agent_histories/Agent_22_game2.json,241474,557f835f7898f02669696fdd18565fc9453464709b09032cb3d3d54697e1ae03
trust_game_punishment/072906_claude-opus-4-6-three/data/agent_histories/Agent_23_game1.json,151820,b996eb25024f72a9ab4da3823b477b3a03b1224728e48a71170e3ebcbcf204cb
trust_game_punishment/072906_claude-opus-4-6-three/data/agent_histories/Agent_23_game2.json,110921,c1f2e536d080dd13d81828a51c79b1692e6a3be78ad3d1783b79e55a32a12c9e
trust_game_punishment/072906_claude-opus-4-6-three/data/agent_histories/Agent_24_game1.json,171284,5c82bfcd5b43e28eba73461f218cd01116a6cdac34ed2ea93300ab4c4e119433
trust_game_punishment/072906_claude-opus-4-6-three/data/agent_histories/Agent_24_game2.json,167087,74da2edae52e0cbe1162c33fad0f31c9a6d163dcb33fb3634b50359d95dbc5c6
trust_game_punishment/072906_claude-opus-4-6-three/data/agent_histories/Agent_2_game1.json,160193,0a38397e5165364fb3aabff0d3a7a8781aa790043f89abc80bc24d2f966aa13f
trust_game_punishment/072906_claude-opus-4-6-three/data/agent_histories/Agent_2_game2.json,159543,4a164a462075ad34b269751ccdcacc9162409bdc598648f10298836bb57b8f41
trust_game_punishment/072906_claude-opus-4-6-three/data/agent_histories/Agent_3_game1.json,195200,a95f04d374042f0b393f9d3e610fa03bdd5be2d0ce0d14a4a19654c0649610ad
trust_game_punishment/072906_claude-opus-4-6-three/data/agent_histories/Agent_3_game2.json,191796,e5da468ba8f15b9da56154d51bb6d8716fa3c1553e51b9ae29cf537dc3c719dc
trust_game_punishment/072906_claude-opus-4-6-three/data/agent_histories/Agent_4_game1.json,158862,9c876b481a7f7fd73334bd0c397252dbe17bc1f081934b158746ba0fc79f4c6f
trust_game_punishment/072906_claude-opus-4-6-three/data/agent_histories/Agent_4_game2.json,185221,22af48f23e08fd646b46e50cba93a20c13e9a18e95ec52d1f9d35356904e0219
trust_game_punishment/072906_claude-opus-4-6-three/data/agent_histories/Agent_5_game1.json,149755,7292004a91c815f98f98aca23b648846612ae052e03a8d43a81b4943a19928fd
trust_game_punishment/072906_claude-opus-4-6-three/data/agent_histories/Agent_5_game2.json,198073,31b9a9bc1fde9497adc30340c86242226b2e00ad6f590364ff22013db74149ec
trust_game_punishment/072906_claude-opus-4-6-three/data/agent_histories/Agent_6_game1.json,131680,85e36566e01e1aeceb1eefca9701a0667fcf7ade111ddea13d5b149647264c64
trust_game_punishment/072906_claude-opus-4-6-three/data/agent_histories/Agent_6_game2.json,111708,857825699599ec85056ba4f00195d2496cb44b977bed330b878c077c912f6633
trust_game_punishment/072906_claude-opus-4-6-three/data/agent_histories/Agent_7_game1.json,171800,bed349884ac2723b2620b5edfe7ee0a3546b96da9160bd4ddce7f2afd5d27273
trust_game_punishment/072906_claude-opus-4-6-three/data/agent_histories/Agent_7_game2.json,109688,18e32ab1f236676e5afa58c8918061efead512cc1d4af149a4316c54ebdb8dc3
trust_game_punishment/072906_claude-opus-4-6-three/data/agent_histories/Agent_8_game1.json,229620,ca2f4a066e4d2a449569703a955ade6e8a33e7da61a250a1a3323a6112adb1a3
trust_game_punishment/072906_claude-opus-4-6-three/data/agent_histories/Agent_8_game2.json,145231,241d736ed973a3c0cb540b693cae5ef699e947a4724edae4fae3759822191eb7
trust_game_punishment/072906_claude-opus-4-6-three/data/agent_histories/Agent_9_game1.json,195946,68de3b41eb482385a0ee28e8228cd82926e60b3c2cd7ed29f71d18ebe5038c2f
trust_game_punishment/072906_claude-opus-4-6-three/data/agent_histories/Agent_9_game2.json,134120,d2d6ba065d4082d6647201d90fcc8eb4d90913da4610c450ac6cc1dca932f348
trust_game_punishment/072906_claude-opus-4-6-three/data/experiment_stats.json,4224985,cab936956ca16082f340c1c7dd850ea1d4b649e336961ea2d9e2763122ee5349
trust_game_punishment/072906_claude-opus-4-6-three/data/game_log1.json,1870962,d0ba7115f42f499bc80f9ad8dafc66da04bfb4fa7965759c42a43b0a13306d21
trust_game_punishment/072906_claude-opus-4-6-three/data/game_log2.json,1857690,5cdcd72c69fce8fb7e2fe4380b66c80bf0842b17c4de74710260d5d6a662221f
trust_game_punishment/072906_claude-opus-4-6-three/data/game_log3.json,1861600,c5fa8f7a64efe7c89349447b904c5bd0f68a13d299000613e6df75de5d2555b9
trust_game_punishment/072906_claude-opus-4-6-three/data/summary_stats.json,21761,fc574af76d0628d85d680ba2b22e3ba64d1f8fcc6192b5c1ddf7a17304f7c691
trust_game_punishment/072906_claude-opus-4-6-three/experiment_config.json,1479,d0459ae822bfde85a92fa9c5175bedc7ba4d8c475158fde310b44db300e1c7e7
trust_game_punishment/080501-glm-5.1-three/data/agent_histories/Agent_10_game1.json,90102,d1f2cbc345e561d87b5ae5aa377f0e9155f6a97634ef8c6925acabf912dd52d1
trust_game_punishment/080501-glm-5.1-three/data/agent_histories/Agent_10_game2.json,144225,be8a57d494298aa9a9cca997beb578738f0b6799b93fc53c035a04c22b76bc3c
trust_game_punishment/080501-glm-5.1-three/data/agent_histories/Agent_11_game1.json,114097,861753fceded68505d48bab0b7db77490d5c59d269f852832cf131714d17c0fd
trust_game_punishment/080501-glm-5.1-three/data/agent_histories/Agent_11_game2.json,131019,ebcd4f4ef15baf1e36bc01684bbbc6770bc61e3ced90475ae6b3023f1a6702eb
trust_game_punishment/080501-glm-5.1-three/data/agent_histories/Agent_12_game1.json,74734,6104a84ce50b886032aac052810fa5d2c2aa98bda8f49b81f79fe14c16762fad
trust_game_punishment/080501-glm-5.1-three/data/agent_histories/Agent_12_game2.json,150146,8ac365332d90c9a17669f86fbb000e2e1a0b6697ccf2a956dbd01d60394a6f04
trust_game_punishment/080501-glm-5.1-three/data/agent_histories/Agent_13_game1.json,115351,7aa7a60ca12d6352b3ab849b6a92fb4c9020c57ac8f9f1de0229af50b4c8bf57
trust_game_punishment/080501-glm-5.1-three/data/agent_histories/Agent_13_game2.json,108854,d2760cfdd59aec8565a1de426422c0a0f97baa14746b791c0558e873053f082e
trust_game_punishment/080501-glm-5.1-three/data/agent_histories/Agent_14_game1.json,141999,9ef2dc873cb28e33f06ecf648e110a7426e492873cef6d658c46a9f6ec1fcc83
trust_game_punishment/080501-glm-5.1-three/data/agent_histories/Agent_14_game2.json,135290,5b567e3e32e9e0ce3a2c620d7dc8a9a1952c5f02dee2b9b6094b416b480c7e0f
trust_game_punishment/080501-glm-5.1-three/data/agent_histories/Agent_15_game1.json,115539,66d0af4b58d0756071c59916d1c3997b9689d7fcd190d4c92baf759619a01501
trust_game_punishment/080501-glm-5.1-three/data/agent_histories/Agent_15_game2.json,154989,867e13ed4268eadc70afa8ff21bf5a19844da647b25527d1c6b02018b3f390aa
trust_game_punishment/080501-glm-5.1-three/data/agent_histories/Agent_16_game1.json,85810,f7f448d7a37cd3ec06280b6a63dca1e4db0b6a440384c2be513910a8f5c95031
trust_game_punishment/080501-glm-5.1-three/data/agent_histories/Agent_16_game2.json,77504,c08edb028b8daa00e25b48f72cbab7c3bd1cce01bdae9f45eaca8d731383a929
trust_game_punishment/080501-glm-5.1-three/data/agent_histories/Agent_17_game1.json,101272,d0e0a44749685b53909f08db9752c203a130bf67f722c210f9962388481501ff
trust_game_punishment/080501-glm-5.1-three/data/agent_histories/Agent_17_game2.json,106922,b58c0eeabc97b2ad61ed63a810558ca4a1326e0b9b1ee76636dc90863f13c64f
trust_game_punishment/080501-glm-5.1-three/data/agent_histories/Agent_18_game1.json,164873,890e56dff7a3d842811a709b0036227a67c187ead04a9a44bf03b99f70c0c716
trust_game_punishment/080501-glm-5.1-three/data/agent_histories/Agent_18_game2.json,98782,a3522456c862d6ed9db1f0c1b8eb1f44192e9006b84cfdd14afe2f57802c31ec
trust_game_punishment/080501-glm-5.1-three/data/agent_histories/Agent_19_game1.json,92733,289fd38fd7e6015c4ae2a3e51252212be3b50c218a68bf86a7f1e03e4bc461b4
trust_game_punishment/080501-glm-5.1-three/data/agent_histories/Agent_19_game2.json,120476,5f2ab5d7341c92b7ae8a9989793081c8c7c4df8a6a4cb5267f27e8ee36c6d207
trust_game_punishment/080501-glm-5.1-three/data/agent_histories/Agent_1_game1.json,109972,09ed2253cfd0c195a21b6a569e734a3875374dc688436ecdd2a8e5dcd7bb78a2
trust_game_punishment/080501-glm-5.1-three/data/agent_histories/Agent_1_game2.json,85551,337b0841e5e526415f6197da70ae28062b895263b9bb27b6d679c745ee05ab10
trust_game_punishment/080501-glm-5.1-three/data/agent_histories/Agent_20_game1.json,102077,3910b49766c32ba238749118f167f454f8e919ffc3934b2f0384da5f09cb3651
trust_game_punishment/080501-glm-5.1-three/data/agent_histories/Agent_20_game2.json,137346,fd843873358b33383a5f356de99df9666883875044d833169e85daa87007b2dd
trust_game_punishment/080501-glm-5.1-three/data/agent_histories/Agent_21_game1.json,121419,4f7795f4b2087e53726963a3a3ef90e0831c58bd57f44fdc51c0e25ad5d83b8c
trust_game_punishment/080501-glm-5.1-three/data/agent_histories/Agent_21_game2.json,138360,2f6937b61df8c0880b9b7871d4cf42514704cf0d71290c8e867008d8bc59683a
trust_game_punishment/080501-glm-5.1-three/data/agent_histories/Agent_22_game1.json,154899,a7ee7f34cf5c2ee1d48f1de0a74756fbdab9e36a99f5d5287393254a2bf6103b
trust_game_punishment/080501-glm-5.1-three/data/agent_histories/Agent_22_game2.json,187056,840e07a0d878e79313cc87098f66e30b75f8112a67711c8b5d207ffd0d6138bd
trust_game_punishment/080501-glm-5.1-three/data/agent_histories/Agent_23_game1.json,112815,669f9e5140da86153f66b3c8ad652e19ae861e1b95be8b904900337da520f532
trust_game_punishment/080501-glm-5.1-three/data/agent_histories/Agent_23_game2.json,84241,16ca69723de82d28757052b523cb540d9cbbba83e1644171575949ac3126fad3
trust_game_punishment/080501-glm-5.1-three/data/agent_histories/Agent_24_game1.json,125613,5715bff05afa6cb5a63fbf80cf8eab68c1f39f414c5fed263d038ecdef893971
trust_game_punishment/080501-glm-5.1-three/data/agent_histories/Agent_24_game2.json,129421,ed2a22ebf2636779578626b6e355088097ab788cea6e0b28ff4c20b7dee5425d
trust_game_punishment/080501-glm-5.1-three/data/agent_histories/Agent_2_game1.json,124207,51702a48bc234942b7edbbe2829bda3df55ecbaf88b3c3e078e622c08a0bfa98
trust_game_punishment/080501-glm-5.1-three/data/agent_histories/Agent_2_game2.json,116678,eb887897466a3541daeeda22276878d2f3422873e72a6452a748dd42ab8d9bde
trust_game_punishment/080501-glm-5.1-three/data/agent_histories/Agent_3_game1.json,149413,bcd674717f7787ee7d352f95a640cdb22437327b987a18e409ec8bd0c0376ea2
trust_game_punishment/080501-glm-5.1-three/data/agent_histories/Agent_3_game2.json,138669,0eb28b238ad989c085453e9af931f418e827f4e3d423d3bcf26b4ac2725fb546
trust_game_punishment/080501-glm-5.1-three/data/agent_histories/Agent_4_game1.json,120122,7cd533527c6c928ca8a2456646ddf2a5fe2fd8201a3d2aefc62abbb92ab1d965
trust_game_punishment/080501-glm-5.1-three/data/agent_histories/Agent_4_game2.json,143315,f36c21573ae342a354236dcfeafd7023637d30d790c703bc2e0c8001da62c1c5
trust_game_punishment/080501-glm-5.1-three/data/agent_histories/Agent_5_game1.json,113331,a1ea20a0b176bc680859b6b7c6fb05de82906d926303a31bda1276ef2a62e1f5
trust_game_punishment/080501-glm-5.1-three/data/agent_histories/Agent_5_game2.json,151601,90da32b5e320a7a40d90ab90e503057a6c4aec1cdb2badb54f2789bd91129283
trust_game_punishment/080501-glm-5.1-three/data/agent_histories/Agent_6_game1.json,103466,2577f885e18015d7be6491dce57609bac9dec18ff84e141af7f2b6327cfc220e
trust_game_punishment/080501-glm-5.1-three/data/agent_histories/Agent_6_game2.json,85125,a4d62bd0c3c707ed12eec5c49a9731602bf23b16c2c9f117048cf254830ca79a
trust_game_punishment/080501-glm-5.1-three/data/agent_histories/Agent_7_game1.json,134581,52c159c841a5fabdd0315012f608c71ec4dbb159966168a9e8649feba256d1b1
trust_game_punishment/080501-glm-5.1-three/data/agent_histories/Agent_7_game2.json,78338,aec2add518086f285c8d36a4bfab067a9e0988e6d3ef74b1193d4bd1e284684d
trust_game_punishment/080501-glm-5.1-three/data/agent_histories/Agent_8_game1.json,170147,19f398052715e7e7eddac77b7d78589179aed4b870c7f26a307b8715563b532d
trust_game_punishment/080501-glm-5.1-three/data/agent_histories/Agent_8_game2.json,107939,72975af7fd596612928cabc7ff0f77e5c3313e38305723a7d56639fbd281c48f
trust_game_punishment/080501-glm-5.1-three/data/agent_histories/Agent_9_game1.json,147505,d6167af342bdd7d1ce3a20f33b7b7060c148960ca28ee68978d59c910b92bded
trust_game_punishment/080501-glm-5.1-three/data/agent_histories/Agent_9_game2.json,102793,676ff8b74b4d2c2825efa14db283ea081d5886216079f19513b0b2699b1c559c
trust_game_punishment/080501-glm-5.1-three/data/experiment_stats.json,3172190,04deddb991b0fa1e1de65b3076b950f5d2ef606ff061222f6f2bd2a27d93cb64
trust_game_punishment/080501-glm-5.1-three/data/game_log1.json,1350546,517700f2e3eb03200947a1af42ec8e1ad52534ef97c2a155dcce126ccb06c5f2
trust_game_punishment/080501-glm-5.1-three/data/game_log2.json,1365839,defc3807f8786fdc327e275c687d9d8d95d565956df353bd2add8725c9df5778
trust_game_punishment/080501-glm-5.1-three/data/game_log3.json,1332733,158350951ad94ef172952eae2ad856c07c87269aa26c220519287189b37f1adb
trust_game_punishment/080501-glm-5.1-three/data/summary_stats.json,22759,c98cc4877d53fa2eb757e95e858ee77197e4a703c7014fff0547eb407d5be192
trust_game_punishment/080501-glm-5.1-three/experiment_config.json,1479,d0459ae822bfde85a92fa9c5175bedc7ba4d8c475158fde310b44db300e1c7e7
trust_game_reputation/090101_glm-5.1/data/agent_histories/Agent_10_game1.json,36964,068a48c5cd36b16888c8a78af6988ee5f367917d79b5cbb3bec04f655a8e1e2e
trust_game_reputation/090101_glm-5.1/data/agent_histories/Agent_10_game2.json,50590,cbdf9f4b755fab2a1357fe6349f3d8a9f51d8dc400f7e6d291909c5e05416ee5
trust_game_reputation/090101_glm-5.1/data/agent_histories/Agent_10_game3.json,49732,a96a93db4136cca8b45e93761d6b607c476637fee752554220bae3bbb838bd17
trust_game_reputation/090101_glm-5.1/data/agent_histories/Agent_11_game1.json,41448,1cac17c3a296217bcae90a665b2240ed63b232625bfc4a6d207b271d85aa9d51
trust_game_reputation/090101_glm-5.1/data/agent_histories/Agent_11_game2.json,47730,3d1f79cd827e0ab18f37242e4d14c4574292e4894e8fac75ff768585b73f67fe
trust_game_reputation/090101_glm-5.1/data/agent_histories/Agent_11_game3.json,45350,e9cf62286e69f5566f174798c8ec87ce79105e66f72eca21bae5c38d8cdd0806
trust_game_reputation/090101_glm-5.1/data/agent_histories/Agent_12_game1.json,31097,e73bc7b4cb8102df815ff02e56208e047e6662c2456d30cc36cce99843f82d48
trust_game_reputation/090101_glm-5.1/data/agent_histories/Agent_12_game2.json,56809,6c55a047f81c9fecb6bab0fde3739c1bbc764ffb20777eb567260d1da2f229b7
trust_game_reputation/090101_glm-5.1/data/agent_histories/Agent_12_game3.json,36805,30ee5236b72012a5c169c733be7bb55813d81677fb12101ea8556ce56ee69183
trust_game_reputation/090101_glm-5.1/data/agent_histories/Agent_13_game1.json,42506,211b8603a0c6d8a8d2dd1644dae679b5f5507bdc7e1a6806df39573b694e1fe9
trust_game_reputation/090101_glm-5.1/data/agent_histories/Agent_13_game2.json,40539,1b231cfc4ffc2687746480c6854d75a09fd8af9f89674e4411d55d194fe0dc27
trust_game_reputation/090101_glm-5.1/data/agent_histories/Agent_13_game3.json,43891,27726b57fc77341b03cb53e4c2ff26bff66ab47e6d78d945585d41c4a7ce1ab2
trust_game_reputation/090101_glm-5.1/data/agent_histories/Agent_14_game1.json,53403,128fb8b672a1a8b8b5702e2924f0bf1c66342036cceb30bd8c3c96a3ba14f254
trust_game_reputation/090101_glm-5.1/data/agent_histories/Agent_14_game2.json,48403,628155516135ab94fbb6dbff6e1e6dd8334eb69e2da2480276766c12099a10aa
trust_game_reputation/090101_glm-5.1/data/agent_histories/Agent_14_game3.json,41962,ccdc3de91b38ba008814441beb1283e015049afe913a94f5e5752e6c55204617
trust_game_reputation/090101_glm-5.1/data/agent_histories/Agent_15_game1.json,44314,6c3ff09e55df809d29e6cbe44fde41d3d9b0b585b57add3c322741a57a5160c2
trust_game_reputation/090101_glm-5.1/data/agent_histories/Agent_15_game2.json,57214,c0b05eb5ef93be490423eaa7862d9b6dadb7ce2eeed94a73da2e150a394a4eac
trust_game_reputation/090101_glm-5.1/data/agent_histories/Agent_15_game3.json,40365,3a3dbf5e633555a01dca388d05bf964c61c621f97aea369328c0be308e49d2b6
trust_game_reputation/090101_glm-5.1/data/agent_histories/Agent_16_game1.json,32109,d713f997ae8bcad4f4d136f14af3fc400ec2877c662eaefa37048e04ea05fb11
trust_game_reputation/090101_glm-5.1/data/agent_histories/Agent_16_game2.json,28191,82d02b854ddd772bb6308feba9fb214bcbfc8afbc83597ebcc56cd325499b46e
trust_game_reputation/090101_glm-5.1/data/agent_histories/Agent_16_game3.json,53445,c10043c5ac787d87f5edd38d74e3ca2481022d429d4fc56a7439bdbb464e4ab0
trust_game_reputation/090101_glm-5.1/data/agent_histories/Agent_17_game1.json,41109,1a73b764ac34d0f32bf23361a36cdd1223178c041f15b48f4882e2e196aff357
trust_game_reputation/090101_glm-5.1/data/agent_histories/Agent_17_game2.json,39165,c4b17acbc7c91f12b570b9ed9555845a5667074f7395231a52b1105a0a3af73c
trust_game_reputation/090101_glm-5.1/data/agent_histories/Agent_17_game3.json,49562,53b9722f7b91fc31ce1a1283c0ef8d5ce82e26220ec7d665279cb8102dc764b4
trust_game_reputation/090101_glm-5.1/data/agent_histories/Agent_18_game1.json,58965,c06a190d48d296e0202347713021a755ba22826966f9de172567954372285b07
trust_game_reputation/090101_glm-5.1/data/agent_histories/Agent_18_game2.json,36782,ba44fd53241f6768d283b0e9754720a0dfa1bc20b8f4e95cc2db4129c4415578
trust_game_reputation/090101_glm-5.1/data/agent_histories/Agent_18_game3.json,61764,c51b36977b65474cf23c399ea19799555c9887784ce9abc473c629476460e04b
trust_game_reputation/090101_glm-5.1/data/agent_histories/Agent_19_game1.json,35965,1b4e48bdaf7356f137f7c4a910a302fec2757eb4a35222d400cb9b423402cd27
trust_game_reputation/090101_glm-5.1/data/agent_histories/Agent_19_game2.json,42792,06d2600b7afdf2e7d92acebe3ccf71975656264d900796aca1335092dc19c4b0
trust_game_reputation/090101_glm-5.1/data/agent_histories/Agent_19_game3.json,41996,ef23be1740f09f81703866ccf6a677ff68903f268aaeca24e6f272b73118908e
trust_game_reputation/090101_glm-5.1/data/agent_histories/Agent_1_game1.json,37933,12edbc3a127bf9e3ca1137848bdae859d6d83021126e1cb1321f2327ea1dcce8
trust_game_reputation/090101_glm-5.1/data/agent_histories/Agent_1_game2.json,31492,655bd6721b625c2ce2622c554cc3c04c592645762b704f204506972a28cf1bed
trust_game_reputation/090101_glm-5.1/data/agent_histories/Agent_1_game3.json,31591,59cfd00802d8a14eb571ce709d55dafb4cb3a0661eca20f834daa1d997a2e957
trust_game_reputation/090101_glm-5.1/data/agent_histories/Agent_20_game1.json,39166,501a232f0ee1eae935ac1543a985b93a2a3a32008c2c873d1f6d82576cd9e752
trust_game_reputation/090101_glm-5.1/data/agent_histories/Agent_20_game2.json,51451,ea0dfac075a6cd6a948494f0567e7a40ddec51a991415b522fb2cf70679a5bd1
trust_game_reputation/090101_glm-5.1/data/agent_histories/Agent_20_game3.json,39349,16a0e1fe5e781f9313e94467cf3881adb85a1ea67c47ffbbcc953dd4b433795e
trust_game_reputation/090101_glm-5.1/data/agent_histories/Agent_21_game1.json,44078,6f6a66c6fa4cdf83079e0942e3b52835bf5ccdfbecc3c6eba7ecf148eec9297a
trust_game_reputation/090101_glm-5.1/data/agent_histories/Agent_21_game2.json,50012,e4a58c9bbf0d66ce3d4af204503ccb11c353a99edb99bf2b2d61c2bdbe660bdd
trust_game_reputation/090101_glm-5.1/data/agent_histories/Agent_21_game3.json,45222,c5873a13cdadb6d01881e4e1f4fe0926e822bb81c4780b12d73514617aeb2982
trust_game_reputation/090101_glm-5.1/data/agent_histories/Agent_22_game1.json,55369,d528751a48eb9de51b646b4b3cef6a86c5c09f93f1e1759fefaea7d7b2e5fd0a
trust_game_reputation/090101_glm-5.1/data/agent_histories/Agent_22_game2.json,65649,b4e3bfca0f49b98889df46cb6ea6ee74dc67fa2d24f472e7c2447d5109f135c3
trust_game_reputation/090101_glm-5.1/data/agent_histories/Agent_22_game3.json,49817,85b6a1a9385b415acae152e5cd8106f9c93ff8ea960a7b05b8ed0c8614dec0f7
trust_game_reputation/090101_glm-5.1/data/agent_histories/Agent_23_game1.json,41000,8ca9fd2db9c9298a9af404417ed12d1e80c5cb176677682419d4735c6c842275
trust_game_reputation/090101_glm-5.1/data/agent_histories/Agent_23_game2.json,31362,bf54a3a09247a522f55d34b5d1bd78dec4944bbe522561c0fe086ee63c678ed0
trust_game_reputation/090101_glm-5.1/data/agent_histories/Agent_23_game3.json,45227,8cc69e3043b6bd921dd0d276df583e96cb476ed6ab4131574db97d0665d0d8fa
trust_game_reputation/090101_glm-5.1/data/agent_histories/Agent_24_game1.json,46151,9384ea18d3c452a51bafac1f6a7591690bf35b20409aa1248ec7a2de6eb2d29c
trust_game_reputation/090101_glm-5.1/data/agent_histories/Agent_24_game2.json,48451,057a813ae358401e8034a29c86087d4cf69a1ef450a623476fde0f81c40f0c9e
trust_game_reputation/090101_glm-5.1/data/agent_histories/Agent_24_game3.json,53359,7a05c5738cd5c49b271c3d20d8daaf148aa922b208b3f5d6d7ed61802b1171a1
trust_game_reputation/090101_glm-5.1/data/agent_histories/Agent_2_game1.json,43654,48f83e53311d09a2c3590bc37510216897530a47aebb07b0be1b6a66a268563e
trust_game_reputation/090101_glm-5.1/data/agent_histories/Agent_2_game2.json,43170,1cda7818fa6fc4a1a1062813be5fede877b99e2009a4c55b3e5b56d648083b40
trust_game_reputation/090101_glm-5.1/data/agent_histories/Agent_2_game3.json,56512,2cc09ca3e2a48d65f801115ad6f0356176ae16cf489178cac8ebbefbbf3b6940
trust_game_reputation/090101_glm-5.1/data/agent_histories/Agent_3_game1.json,53420,8f835e6004ca71c87d47b124ed20a40fdfeabaf4a92716bab5ff3221b30f8831
trust_game_reputation/090101_glm-5.1/data/agent_histories/Agent_3_game2.json,52714,2778760cfbab34de136947cb434d47c595078583771060f17a2b1b3cea30c19f
trust_game_reputation/090101_glm-5.1/data/agent_histories/Agent_3_game3.json,32970,355f582fcd37442d288b2da92df707e1a07556c474338645735efdacd1d79234
trust_game_reputation/090101_glm-5.1/data/agent_histories/Agent_4_game1.json,44114,81390025c6689c81780fd8f6763057c5a6868d0eb0b4128c0be2c15c37549b7d
trust_game_reputation/090101_glm-5.1/data/agent_histories/Agent_4_game2.json,50622,8ce66e0d0421a3a6465e19cd7a45c75f461e208cd2e240f225ccafc5a38f410d
trust_game_reputation/090101_glm-5.1/data/agent_histories/Agent_4_game3.json,32873,033c0ad1631f1c3b7c9440aa945774a1f8bcf84320ddac297ffe289595973cbd
trust_game_reputation/090101_glm-5.1/data/agent_histories/Agent_5_game1.json,41214,2875730d0954269b62c4765cfc9d1fe2563e52893a5eddda083f20205978c552
trust_game_reputation/090101_glm-5.1/data/agent_histories/Agent_5_game2.json,54480,fd798e02e2e4e2332d5459a656348dda61b0ba6c4bb49ea3a1c5e550640a3a8e
trust_game_reputation/090101_glm-5.1/data/agent_histories/Agent_5_game3.json,46295,28ba1ea4fea6a26fe580b5ad71d574b029dbbbf880b9013d57df2c685ed8cb22
trust_game_reputation/090101_glm-5.1/data/agent_histories/Agent_6_game1.json,37825,333aa398a7cdbcd8ec32b8954b921f552d7b3535e3c6e132a03bef11c6512f4b
trust_game_reputation/090101_glm-5.1/data/agent_histories/Agent_6_game2.json,30681,573edfe624dd4d2dd0bc61c351fbc1ece99774e0777dec34f0c0dee9d2fbb423
trust_game_reputation/090101_glm-5.1/data/agent_histories/Agent_6_game3.json,33126,1f327e67f3d15862efa92f2af0f2f7566bccb7442e692d4b08f64a057adf7ecb
trust_game_reputation/090101_glm-5.1/data/agent_histories/Agent_7_game1.json,45801,075abf2ef9d3c417f99f00d24dbbabe5f75cd7a7fd7a95438bf81606986ab488
trust_game_reputation/090101_glm-5.1/data/agent_histories/Agent_7_game2.json,30133,daf7b0952234e85edcbfb28e2ba4685329ad1434c23464eef763ca5db02b3e65
trust_game_reputation/090101_glm-5.1/data/agent_histories/Agent_7_game3.json,42622,11f41eccdb862014a6945c7352d0ea3bf249f8236b52fcb384df6c9295e82e9b
trust_game_reputation/090101_glm-5.1/data/agent_histories/Agent_8_game1.json,62704,48701549730cc392f1f3a56ff59ec4e57d1137b86dcee9e38b8af4c67267dcdf
trust_game_reputation/090101_glm-5.1/data/agent_histories/Agent_8_game2.json,40280,dabd1174ea725dcaf07a9144ee0d920707549a594b00781162e92809625fbfd5
trust_game_reputation/090101_glm-5.1/data/agent_histories/Agent_8_game3.json,54644,fc6aeab4144d6b52c1d9aabed70bb8c6cf207338bd57edcab4dad46163140cbc
trust_game_reputation/090101_glm-5.1/data/agent_histories/Agent_9_game1.json,53838,f7d947148bf2fd1a9f896893bb660344a72aa82082b8b897fecd86597c06c036
trust_game_reputation/090101_glm-5.1/data/agent_histories/Agent_9_game2.json,39007,ae27b5324fc0f4cfb3f586f7d39de24bd415099314233622ad3ecaf3c4e216ec
trust_game_reputation/090101_glm-5.1/data/agent_histories/Agent_9_game3.json,41192,ca7845bff49f2d5ccd6f912c1f1f459a08e39713d52c72bc4d78c70abe5fabe5
trust_game_reputation/090101_glm-5.1/data/experiment_stats.json,2067900,afdcdda344d2c158e1a4ce12e8128a79e502cad7984015d235e06fd3b53ee23d
trust_game_reputation/090101_glm-5.1/data/game_log1.json,563827,596e7f508be5d39baece04adab60c44cee20884db23d92784a6c5c00bd1a64bf
trust_game_reputation/090101_glm-5.1/data/game_log2.json,569507,85b0b8f31fa5b324bcd16e0125ccbb31cde4de1de50e342cae2c4ee91314b41e
trust_game_reputation/090101_glm-5.1/data/game_log3.json,569996,3139217c71f55abb2e9d3c9c28c8c16edd707e1bc99acc2aec2a7fd12bdf0011
trust_game_reputation/090101_glm-5.1/data/summary_stats.json,21419,f479c7b8f3fc13feb02d215c2b3d5000ab54cade7c1fbfb37f37c162c2bae3b3
trust_game_reputation/090101_glm-5.1/experiment_config.json,675,397d7b235a26bf15099dbb5c40e6bdf831ac04d992f6d9c6da6c3e6a060588fa
trust_game_reputation/090102_gpt-5.4/data/agent_histories/Agent_10_game1.json,33313,a3215e195dbf3548a1cc615fa34d36e381103d9f798a83fd8877e39f5c92ccd1
trust_game_reputation/090102_gpt-5.4/data/agent_histories/Agent_10_game2.json,45681,1720d9ea5404f313ab93680635876e8135386c2f42b8e160eddcafc00eb8d869
trust_game_reputation/090102_gpt-5.4/data/agent_histories/Agent_10_game3.json,41808,48894353ec371a82704650772757fd4463d4eb4bac92077790e3ef880426f6fe
trust_game_reputation/090102_gpt-5.4/data/agent_histories/Agent_11_game1.json,36537,e436520f6bd8fd7995880a2c228f745780a3cb402a903e0908ea70b59b22b7dc
trust_game_reputation/090102_gpt-5.4/data/agent_histories/Agent_11_game2.json,41812,151b1a35fb1e94271c2485bb48181490df9fe6282a721f04898b7384b82dab69
trust_game_reputation/090102_gpt-5.4/data/agent_histories/Agent_11_game3.json,40453,f0fae94d4a2c09814c1b3b6ba38e91fbbf76efc01a229db6ef8efe808ade61a2
trust_game_reputation/090102_gpt-5.4/data/agent_histories/Agent_12_game1.json,26522,c0ee461bd502dbade83ab80fa12301de7e516fc6d5a2c047786abd0da5226fd7
trust_game_reputation/090102_gpt-5.4/data/agent_histories/Agent_12_game2.json,46610,f35968e1042e64a1b76836bf49c040902a0e5c356626d23abab82e6f863bd818
trust_game_reputation/090102_gpt-5.4/data/agent_histories/Agent_12_game3.json,31272,a6cd99c016113966ddad4def5d4737a72cccab0123efa45aec93c18259439877
trust_game_reputation/090102_gpt-5.4/data/agent_histories/Agent_13_game1.json,37025,0091e6bb67edb231977e4e76f9fc4592084323a5575078a9d7e7a324c5124852
trust_game_reputation/090102_gpt-5.4/data/agent_histories/Agent_13_game2.json,33988,f918df23a36e8451a1f84781b7fe283a12ebb7eb611bdd02d55b41eb40c0f64f
trust_game_reputation/090102_gpt-5.4/data/agent_histories/Agent_13_game3.json,38225,1ac43d0ec97432919b45c14a0b8adb987d47f79e8f62a0944ae71ae336ff95b5
trust_game_reputation/090102_gpt-5.4/data/agent_histories/Agent_14_game1.json,45188,849ffbffc71c5fc0c99db402079bd22271e9f1b5bebfa5e3de89e4c1fadc9893
trust_game_reputation/090102_gpt-5.4/data/agent_histories/Agent_14_game2.json,41501,31e48b1bdfcf0e1404ee97b4f9a06e8db196de0d68297d63a8bd329b32fa598a
trust_game_reputation/090102_gpt-5.4/data/agent_histories/Agent_14_game3.json,32317,b423ac26f7180bde19517b5329d2a0d041b6cc90530bbb2eb1b7cc21e662671a
trust_game_reputation/090102_gpt-5.4/data/agent_histories/Agent_15_game1.json,38338,017058a233922c33fe359d40afe93d0b5a0eab8f3afa402db1ad8c7cf5254bbe
trust_game_reputation/090102_gpt-5.4/data/agent_histories/Agent_15_game2.json,48952,b913d28d0dc1eaa7dc67665247d4704e369f2dbf8ada887009c552a77ce09fa8
trust_game_reputation/090102_gpt-5.4/data/agent_histories/Agent_15_game3.json,36706,eae87b32be11d14773dde1066ae171b63e7c4834cc7601f00af745d4a07a0b7e
trust_game_reputation/090102_gpt-5.4/data/agent_histories/Agent_16_game1.json,27836,c51b23eb87790e9bfc849d52fa63df0fd282a19ed4909916f8a0c90b44335313
trust_game_reputation/090102_gpt-5.4/data/agent_histories/Agent_16_game2.json,25172,5a5ae84023a958798d1e711a69f75977924bf637b1e46dfed41684cacd2348db
trust_game_reputation/090102_gpt-5.4/data/agent_histories/Agent_16_game3.json,46639,ed6e83a7775a52479ec227f3e4f5b6d65929c232e26048974058f2e8ca6bcac3
trust_game_reputation/090102_gpt-5.4/data/agent_histories/Agent_17_game1.json,35434,f69939dd6489a7521ad6e25c3f4072c7bb14d9812714e48507d2583f09971a45
trust_game_reputation/090102_gpt-5.4/data/agent_histories/Agent_17_game2.json,34235,4829a53d2e53882a5ba1edbdfe99ba0bd84c95da29b8396f3766f49d36a5d654
trust_game_reputation/090102_gpt-5.4/data/agent_histories/Agent_17_game3.json,44624,245e7e40b60546cd158bef31e419d790ac05cd4d3c11cf490d747b650b7cfde0
trust_game_reputation/090102_gpt-5.4/data/agent_histories/Agent_18_game1.json,51593,e36cc6ae9b27c49df2da9d619b79b2011d248fcc6ae7e206f0fbd71950e57ea5
trust_game_reputation/090102_gpt-5.4/data/agent_histories/Agent_18_game2.json,33023,779c5eab354a80e724f660ed0d0f8a84981606bfc987f7a047c236dd4f973e85
trust_game_reputation/090102_gpt-5.4/data/agent_histories/Agent_18_game3.json,53237,af685aa625debb7779e7052d5a480b675bf202965eb1d041dbce78df2d910034
trust_game_reputation/090102_gpt-5.4/data/agent_histories/Agent_19_game1.json,31551,9a82019b2b35102a90faec2c26ac98409a11cc1e7efd3f44521feab3eadc302b
trust_game_reputation/090102_gpt-5.4/data/agent_histories/Agent_19_game2.json,36980,9214c1c67047ee588ecb62b99b66578bfa6d4a95beb53b93e35bf904aa60e4fc
trust_game_reputation/090102_gpt-5.4/data/agent_histories/Agent_19_game3.json,37293,686c2b8ae6c436d92c46e920be54af32f0803a1794b5f7094c3aa56105997d9d
trust_game_reputation/090102_gpt-5.4/data/agent_histories/Agent_1_game1.json,34231,d95304378782cccd3304628559c4f4b527d12a0e29bde3e43557ab98bff765ba
trust_game_reputation/090102_gpt-5.4/data/agent_histories/Agent_1_game2.json,28779,46a855c8968ef419e9d704f96d691a33a799eb42f9d3bffaf901e26fe504392a
trust_game_reputation/090102_gpt-5.4/data/agent_histories/Agent_1_game3.json,29823,ec6352c437903aba56044a6073c7f449a8d5bd3fd759bd8c14440a4c635bea34
trust_game_reputation/090102_gpt-5.4/data/agent_histories/Agent_20_game1.json,34172,00c051f3d3d04b00e11d3aa679c364d94acbb9b28a7bbfdf75a893a84584762f
trust_game_reputation/090102_gpt-5.4/data/agent_histories/Agent_20_game2.json,44379,e2b4c1b0e464806cd9e54b40e55ba3c70c99cadf3e3d883844a90b7d318f9403
trust_game_reputation/090102_gpt-5.4/data/agent_histories/Agent_20_game3.json,35375,88be19a25be127435a8940e1740e95db94159fd14afa8365711955c71ed2ab6f
trust_game_reputation/090102_gpt-5.4/data/agent_histories/Agent_21_game1.json,38533,63bc59228047414440512a3f7d4362c13c9518c2d951f6dcc30361490d6ebf22
trust_game_reputation/090102_gpt-5.4/data/agent_histories/Agent_21_game2.json,44017,bd99d13f0a52da73291f56c1d29d88bf4bab3fe1aed3845047a12dbb577a2b66
trust_game_reputation/090102_gpt-5.4/data/agent_histories/Agent_21_game3.json,38747,fcfc567d2a0f4134c7daf178ec63c3256fe6dd2cf0d5ef8de36e24e5c5330f12
trust_game_reputation/090102_gpt-5.4/data/agent_histories/Agent_22_game1.json,48546,8baa90f8949df7f4dee0c8222a869648c1b111bd1e8afbfb4a53f5676df47d3e
trust_game_reputation/090102_gpt-5.4/data/agent_histories/Agent_22_game2.json,56085,46775b8f05e4d033c7ca51e845263f0d6075f3cc0ce95238e02ec18d2cd63621
trust_game_reputation/090102_gpt-5.4/data/agent_histories/Agent_22_game3.json,42593,2fb22a8de8c189a99e2114adf3b27e16db6e0ea95509d00b9fae12b6e258c0a2
trust_game_reputation/090102_gpt-5.4/data/agent_histories/Agent_23_game1.json,36354,a44e3950f32ce1293fbe1ff56bf44be473e85e26380c64885255a3730aa3ebbf
trust_game_reputation/090102_gpt-5.4/data/agent_histories/Agent_23_game2.json,27626,4b0fc811571b1ea1feba87d78170e866ba5478054238f5f8d7d093bf3c3f36f0
trust_game_reputation/090102_gpt-5.4/data/agent_histories/Agent_23_game3.json,40159,6d73653b3b9c6ab69e941813aade6151bc983cb524191ee97bbf4cd6a78e39df
trust_game_reputation/090102_gpt-5.4/data/agent_histories/Agent_24_game1.json,41106,1626cd98b640e318fcd66533c1dd86b63b8d99313a1455a125532c5379041c69
trust_game_reputation/090102_gpt-5.4/data/agent_histories/Agent_24_game2.json,40341,1586acb9f074977caca70eb849eafef4c4897b2d9a587a14da03a5c80e4cd438
trust_game_reputation/090102_gpt-5.4/data/agent_histories/Agent_24_game3.json,47725,08aaa1725890e4653364412bddce2ba7be31a6716015ee42272f65887799aa69
trust_game_reputation/090102_gpt-5.4/data/agent_histories/Agent_2_game1.json,38934,40f4ca8ce2f084f11cdb3dfa5eff79df9683eef3b654dd15689ed11ff59d5484
trust_game_reputation/090102_gpt-5.4/data/agent_histories/Agent_2_game2.json,38750,cf26fee583bbbdc0910843443853d476011d54d7d2b77a69a5afcb3b6ccc617e
trust_game_reputation/090102_gpt-5.4/data/agent_histories/Agent_2_game3.json,49086,01cfcd61a82e4194a97c1a15876bdc1f675a2a121b7dde48332d29f66210e0aa
trust_game_reputation/090102_gpt-5.4/data/agent_histories/Agent_3_game1.json,47457,eede250b829e9475d989ce95b1b8e13f11adafc7c7bc130125e88d5225bc9603
trust_game_reputation/090102_gpt-5.4/data/agent_histories/Agent_3_game2.json,46479,ce52c3c81e384c5ed5496f6c3f4eeb12e98387be7f63c8824b7e8bb403796fc5
trust_game_reputation/090102_gpt-5.4/data/agent_histories/Agent_3_game3.json,26805,ee7f6786be0719a11b872d2ba5d0791cbdd46d303ed34666e9b7f68adfe64464
trust_game_reputation/090102_gpt-5.4/data/agent_histories/Agent_4_game1.json,37658,3d706283c928c54011725112bd5d615da8a961175ebb1f21b94ebe3b75c624ba
trust_game_reputation/090102_gpt-5.4/data/agent_histories/Agent_4_game2.json,44506,01e1bb16f901daf8dba5c203dcf5554136fd8b11f95efc8ac6d778d29c1d812d
trust_game_reputation/090102_gpt-5.4/data/agent_histories/Agent_4_game3.json,28672,4a6aaf48239cab84c675732e6427e1eb5da1836d21c06a8f4d4dcdcf355cd042
trust_game_reputation/090102_gpt-5.4/data/agent_histories/Agent_5_game1.json,36441,030cfee24fdca77976ca90abec27e8f6f0cc19dcb6030340e9174817f5f24dc0
trust_game_reputation/090102_gpt-5.4/data/agent_histories/Agent_5_game2.json,47516,19d0d106fe8a51ca2ceb75b2c0c2432e669903be4050c8bda0ec0de3c6f68bdc
trust_game_reputation/090102_gpt-5.4/data/agent_histories/Agent_5_game3.json,40275,2a6d75124a333933a5afed7be9889d9ce8ff7b53f563a3f90877643228de83dc
trust_game_reputation/090102_gpt-5.4/data/agent_histories/Agent_6_game1.json,33333,015e8c710289099e057ee16ab17add5eb30b1b36ab57770710eb107554094fea
trust_game_reputation/090102_gpt-5.4/data/agent_histories/Agent_6_game2.json,27465,03df527472f04e64fd43daf79516ea8e898599994dd7ec21ec9c27c61cf7b529
trust_game_reputation/090102_gpt-5.4/data/agent_histories/Agent_6_game3.json,28035,d10350c5a2ef2926c81bb5e4a3a3c6b050408afbba257240e84762633f0fd56d
trust_game_reputation/090102_gpt-5.4/data/agent_histories/Agent_7_game1.json,40159,9f64d09c1d79d9049af13f7d51f8814bb9c1cac0bacc69669136b18504d41879
trust_game_reputation/090102_gpt-5.4/data/agent_histories/Agent_7_game2.json,27118,01bcab194bbaf9226e4d9361fa56d92fa084d47a48146b788073e6b90d70735b
trust_game_reputation/090102_gpt-5.4/data/agent_histories/Agent_7_game3.json,37713,2e06c890440e6df1c3cff478bd9a1d2cc2df80a5f0d53b2ffc9b0e5d10565eba
trust_game_reputation/090102_gpt-5.4/data/agent_histories/Agent_8_game1.json,53706,d3a4bfa57f80a966860bec7e29111625f72359ba404c1101245878e20445285a
trust_game_reputation/090102_gpt-5.4/data/agent_histories/Agent_8_game2.json,35434,88790e2f02f9abcae448fb349f597779e04e17a81f02228568bca977f1a1d8fa
trust_game_reputation/090102_gpt-5.4/data/agent_histories/Agent_8_game3.json,47089,6e9b515b687cca31c6c08484b2ff6c38f1df7ad50a672de5082ffde22c7912b9
trust_game_reputation/090102_gpt-5.4/data/agent_histories/Agent_9_game1.json,45962,df0005d52c78697b3331be812502c59c799ec3759071a30cb787e97283b56828
trust_game_reputation/090102_gpt-5.4/data/agent_histories/Agent_9_game2.json,32340,003e6d3a04044f5946af942a64238e886474d81f0682da023de047355d3c6e8f
trust_game_reputation/090102_gpt-5.4/data/agent_histories/Agent_9_game3.json,33432,8d2b961f64d2d1104d8baa55642450d4e17e68f878bff8b2ab42a2d43923c858
trust_game_reputation/090102_gpt-5.4/data/experiment_stats.json,1654523,73ee4dc5ddc396c8dfc7a2af8bc25a3c636d8a271a36995c67615da48065e009
trust_game_reputation/090102_gpt-5.4/data/game_log1.json,431696,4bdc47881df98df4597e9d50c70427db9b068dbde41d1829265a883a9271cc36
trust_game_reputation/090102_gpt-5.4/data/game_log2.json,431640,f188469ccee3dbdb051d53ffedbdcc2388b46cbfb6bef2c1d143e9ae28cdd07e
trust_game_reputation/090102_gpt-5.4/data/game_log3.json,430568,634a12c6e1130042111c8b830c5f63ccc8f27990eee450c517f9f741c68d48cd
trust_game_reputation/090102_gpt-5.4/data/summary_stats.json,21206,f5a31dfd465cd8b9ecd8085e7052447f875450f04e87296435e9257c53569047
trust_game_reputation/090102_gpt-5.4/experiment_config.json,675,397d7b235a26bf15099dbb5c40e6bdf831ac04d992f6d9c6da6c3e6a060588fa
trust_game_reputation/090201_claude-opus-4-6/data/agent_histories/Agent_10_game1.json,37863,421fbcacb6146d000f5633a5473a4de30865db09cec4490d91d90ab363d470f8
trust_game_reputation/090201_claude-opus-4-6/data/agent_histories/Agent_10_game2.json,52373,944a22b7e0d606d52e771c8ecf77899118a42e0254366bf3cf088d33a3688d7a
trust_game_reputation/090201_claude-opus-4-6/data/agent_histories/Agent_10_game3.json,47925,bd1efd46deb173c2b3b56b0a7035be5aa94c21a0295657135ac3b5ab0472bcae
trust_game_reputation/090201_claude-opus-4-6/data/agent_histories/Agent_11_game1.json,41944,139043783a7c85cb099d55d9fedafa359670e4b5e136f4865a35275561123402
trust_game_reputation/090201_claude-opus-4-6/data/agent_histories/Agent_11_game2.json,47397,fa26cf56ae5415f2f93255374ebdd98fd0a8f20191e26f18d0a2b6c70de4948d
trust_game_reputation/090201_claude-opus-4-6/data/agent_histories/Agent_11_game3.json,47578,487159b950fcade482256bf4430f2ada285337aca6adf13effe38eb9cd3305e6
trust_game_reputation/090201_claude-opus-4-6/data/agent_histories/Agent_12_game1.json,31353,55d1b241d85b3e68c7daba50d4963fc3c28f7f2e3d221447e8d0b7737624158f
trust_game_reputation/090201_claude-opus-4-6/data/agent_histories/Agent_12_game2.json,54240,c445836831c02b53bf976d29088832f7fc79bbb339e1d4fb2308eced90560ddf
trust_game_reputation/090201_claude-opus-4-6/data/agent_histories/Agent_12_game3.json,35726,a433ce682d9affae5ac5fc90c748c60fd708fd304dbd8f694973e5028d26e612
trust_game_reputation/090201_claude-opus-4-6/data/agent_histories/Agent_13_game1.json,42267,df0d76ba8a1a04d1305cff3651c0f5cc93867ac39fd7c057f5e5c9393b5ea98c
trust_game_reputation/090201_claude-opus-4-6/data/agent_histories/Agent_13_game2.json,38006,62013819472a84a91a7f2c8a44ae363b446cc4f474c27f064e424fb0a66fdc4b
trust_game_reputation/090201_claude-opus-4-6/data/agent_histories/Agent_13_game3.json,44476,70dc09774997ef06f0978a50e0b546097985947c0b224fa66ddba09dabe89070
trust_game_reputation/090201_claude-opus-4-6/data/agent_histories/Agent_14_game1.json,52515,57b239abd616bad144ab1e46d8495e1313a28b9a7149b585cceb3a2100fc3937
trust_game_reputation/090201_claude-opus-4-6/data/agent_histories/Agent_14_game2.json,48338,76b039c1ed0581a6c70d3fb3c14f639d1151510577ce158b45dc1f4db858ed33
trust_game_reputation/090201_claude-opus-4-6/data/agent_histories/Agent_14_game3.json,37847,2a73b3d7ace3e06d818c6edf90159955518efb5fed73cabe7c48b84e50ffc373
trust_game_reputation/090201_claude-opus-4-6/data/agent_histories/Agent_15_game1.json,44560,79a40fc1ab7b395025b2b03147a2319f4ca7d2685eeac24bb5352c8287a670c6
trust_game_reputation/090201_claude-opus-4-6/data/agent_histories/Agent_15_game2.json,56790,985357ecd3032d967f0b67480709285f9f96b76da7c9817376a0ed45569f265d
trust_game_reputation/090201_claude-opus-4-6/data/agent_histories/Agent_15_game3.json,42145,72487528d088b2bb3088a3393fba3d23f4d565570228f02891ed5a4329abb478
trust_game_reputation/090201_claude-opus-4-6/data/agent_histories/Agent_16_game1.json,33047,c8fb00a92cb1bedae9a5464b6ca2ebd175cd55bda1b4b14de7174f68f243c009
trust_game_reputation/090201_claude-opus-4-6/data/agent_histories/Agent_16_game2.json,29330,25444d90a8563663fe1fbb1f1acec4162f8c7692d0617be876a78d6430cee6bd
trust_game_reputation/090201_claude-opus-4-6/data/agent_histories/Agent_16_game3.json,53644,8810d9c7da10ee7c83cde00d236e71ea1766b5b5123af7e8e17d6229e7a38ab1
trust_game_reputation/090201_claude-opus-4-6/data/agent_histories/Agent_17_game1.json,40685,b887d259ec10b75959a1b899c102f7687daf54bb5d55c1cffbc02df5e3856a4a
trust_game_reputation/090201_claude-opus-4-6/data/agent_histories/Agent_17_game2.json,38963,c990c53f624293e32e01ae4a66ca3c1af2ae607552abb1207442d05c5d636d03
trust_game_reputation/090201_claude-opus-4-6/data/agent_histories/Agent_17_game3.json,51361,5ca5befbeb1b28f8b2c73010c2918f88348dbf3518784a4529dbfcb95752f4b1
trust_game_reputation/090201_claude-opus-4-6/data/agent_histories/Agent_18_game1.json,59235,cda373e2cc4733e61df71238649c240f55c8ad003ce2db73d7ac91729c2fd9a9
trust_game_reputation/090201_claude-opus-4-6/data/agent_histories/Agent_18_game2.json,38819,f99c50a5bf99b2d7622d9a27732eabc889158617d0ee2f9d3298a33f5f7787e0
trust_game_reputation/090201_claude-opus-4-6/data/agent_histories/Agent_18_game3.json,62360,473dcc3ff8cf6652b29f22a4bdfee64f2ba0e6684e6c58bc22ce443dd4691ac2
trust_game_reputation/090201_claude-opus-4-6/data/agent_histories/Agent_19_game1.json,36525,8daa74732aa0e3f015a9fe598847af037dec5690088af79adf561a45e86f140f
trust_game_reputation/090201_claude-opus-4-6/data/agent_histories/Agent_19_game2.json,41899,dd9933ceceffa59435ede0812b72aa4e81be0ca1591f93aaf0f4379478f7b887
trust_game_reputation/090201_claude-opus-4-6/data/agent_histories/Agent_19_game3.json,42394,922313750f25fcb6cdef9ccb586301cf500e5cb973be711a63571f577afa15be
trust_game_reputation/090201_claude-opus-4-6/data/agent_histories/Agent_1_game1.json,39611,d19dc6fb8de5153820fa0659414783bee957ca9553d0564e92e2b7730ba2c187
trust_game_reputation/090201_claude-opus-4-6/data/agent_histories/Agent_1_game2.json,32796,24680b000fbc30ffc682530812d72a1f549f7953e1e2e7dc02c6fcba56639934
trust_game_reputation/090201_claude-opus-4-6/data/agent_histories/Agent_1_game3.json,33846,eca9b8f1e23f37f0a752d2267a22eda6a113c3947fd083932b846fb21129d0ce
trust_game_reputation/090201_claude-opus-4-6/data/agent_histories/Agent_20_game1.json,39366,b1f9672881a9d97d1df033b94145207c45f6cb859ed155e419ed1fbe54c72f31
trust_game_reputation/090201_claude-opus-4-6/data/agent_histories/Agent_20_game2.json,51210,dc9d18a91370834a23a8a036768c6554147deb693ba8032907bffc3b6ec86cdd
trust_game_reputation/090201_claude-opus-4-6/data/agent_histories/Agent_20_game3.json,41556,ad539e031a7a4e7e72a5cf51a85be01c0a4bf5a85ed00f47012af82a648159de
trust_game_reputation/090201_claude-opus-4-6/data/agent_histories/Agent_21_game1.json,45119,b6d53a5a16809dc316a1cc94edb8e5e7b95de1c7dfae5cbae386a18295921f47
trust_game_reputation/090201_claude-opus-4-6/data/agent_histories/Agent_21_game2.json,50180,08884aab04d6318d2afbd70e280e14bd13e635f87aad5e3a840a9c43aa7c3066
trust_game_reputation/090201_claude-opus-4-6/data/agent_histories/Agent_21_game3.json,44486,0619c416d776911541599df1e5fbbe7183385eb4113e0b8526f8f7e0f03d5546
trust_game_reputation/090201_claude-opus-4-6/data/agent_histories/Agent_22_game1.json,55665,371cb6a6664933d12f424585889833313a31895cd31015e9180c891a813f0502
trust_game_reputation/090201_claude-opus-4-6/data/agent_histories/Agent_22_game2.json,65411,a039f311817a3648c28661927b6acb3547e3a8e1e7c2dce178c35500d37527ec
trust_game_reputation/090201_claude-opus-4-6/data/agent_histories/Agent_22_game3.json,48827,f261a7b8eca7761a56cf9c9ffbde84d33124fb49a08468b3873f2d23ab2720be
trust_game_reputation/090201_claude-opus-4-6/data/agent_histories/Agent_23_game1.json,41618,5a3a7fb1b68a10f3fe06ed8d824437c03ba553ba8d4f3849a046a8a284ec2dc9
trust_game_reputation/090201_claude-opus-4-6/data/agent_histories/Agent_23_game2.json,31533,df26eed76b92b391ed1d17f31460725b6c4c6716cccc193c751be967f636d0ee
trust_game_reputation/090201_claude-opus-4-6/data/agent_histories/Agent_23_game3.json,46630,bbadbb39f04965cdc3bf2cf25f58af83fa444b2f0db08804214b110ac98abbf2
trust_game_reputation/090201_claude-opus-4-6/data/agent_histories/Agent_24_game1.json,47973,7f0b632f0419dee1b969304b7fde37a947128de8f78a2cd18eca3f943086f485
trust_game_reputation/090201_claude-opus-4-6/data/agent_histories/Agent_24_game2.json,46415,cb75fc4e18eb8f71b60a80c3eff8a9919ed07fd1a0c954f49b8aabfdabf8807d
trust_game_reputation/090201_claude-opus-4-6/data/agent_histories/Agent_24_game3.json,55391,f3f5df19035d537d4d23ac0e9673e6c1771023f58f1ce58faa086f451f5cdcf2
trust_game_reputation/090201_claude-opus-4-6/data/agent_histories/Agent_2_game1.json,45139,745cd8df3e4745c784e62a1fa201cf0b83fedcf5b6d812a7026316cb87fa58db
trust_game_reputation/090201_claude-opus-4-6/data/agent_histories/Agent_2_game2.json,45055,e017f758cd7ac5f1c1d396df4ef7adbe6619dc2bd03ae2c033dd9c429190d9a4
trust_game_reputation/090201_claude-opus-4-6/data/agent_histories/Agent_2_game3.json,56339,18984233c54ed80d5315cbc4bc27c19e3202e4df722e756f2f221bf41d5876d0
trust_game_reputation/090201_claude-opus-4-6/data/agent_histories/Agent_3_game1.json,55427,ed7b172e8e9e533b1bd2b2e7adfeeb931f50ddbcdf4f08700134df56539295ad
trust_game_reputation/090201_claude-opus-4-6/data/agent_histories/Agent_3_game2.json,53365,5766f8c0e616e7c48e147842dc604eaf6b9e9668fea8f2fa1a348386dd5bf822
trust_game_reputation/090201_claude-opus-4-6/data/agent_histories/Agent_3_game3.json,30325,dc0a7ee0829733f2a6be7b1bb603cb9e5890e9a859772de70662e0f0cbc2149d
trust_game_reputation/090201_claude-opus-4-6/data/agent_histories/Agent_4_game1.json,43359,f9e753f6de959a03302e89008b85951b5a4a451e46aad1717b393326af1169aa
trust_game_reputation/090201_claude-opus-4-6/data/agent_histories/Agent_4_game2.json,50713,9eb37cdf03d8b84c223d5ecba726513e5fc8a07a2703a00c5a52e440fb281e45
trust_game_reputation/090201_claude-opus-4-6/data/agent_histories/Agent_4_game3.json,32991,8b98a6554124556d95174aee8b3a36294a6ff00b6e9d5dd79ab1c4ec65a69ec3
trust_game_reputation/090201_claude-opus-4-6/data/agent_histories/Agent_5_game1.json,42456,714446e92e973bfffc5b4381dae414a8f582933e3aeddb81ccfef183c5116bea
trust_game_reputation/090201_claude-opus-4-6/data/agent_histories/Agent_5_game2.json,55451,ab89e75f12402f5367c4d6148e323890f9d6a02d73c628e37bba47644fa09762
trust_game_reputation/090201_claude-opus-4-6/data/agent_histories/Agent_5_game3.json,46567,a3b21449e71550616517ab51ab9676a6a6726ddb890f180cc9ea3b4f805912e1
trust_game_reputation/090201_claude-opus-4-6/data/agent_histories/Agent_6_game1.json,38644,0c6e99d5060490b24a176691a6b18d5625a62659061f83f1208907a0e89ff74d
trust_game_reputation/090201_claude-opus-4-6/data/agent_histories/Agent_6_game2.json,31203,b8f45b253b1b0757a3f9d9e813c5e3cea302359c58ab603cc26272a4ca25a77f
trust_game_reputation/090201_claude-opus-4-6/data/agent_histories/Agent_6_game3.json,32581,a688796c37fa9d4cbfbc7318fb8442a1ee50209b4db6d1d137c23c6260fdf57d
trust_game_reputation/090201_claude-opus-4-6/data/agent_histories/Agent_7_game1.json,47267,b45c6b2ab5b8a08dcaddf3dcc1b5043b2fe010c3841fa7e26f6e6c360450006f
trust_game_reputation/090201_claude-opus-4-6/data/agent_histories/Agent_7_game2.json,30633,78fcc1b57c098d6185ae2c710aeea2ad040484a8fdd17a616b2c9590903784dd
trust_game_reputation/090201_claude-opus-4-6/data/agent_histories/Agent_7_game3.json,43577,73018f30a4131d80c7b8a8949d4759df97f51e970a1095946a8e1f4398a80468
trust_game_reputation/090201_claude-opus-4-6/data/agent_histories/Agent_8_game1.json,62548,7c306add06fcd6f7f8664bbabb27fd5aabf1a361c68a2dfe1345324d7e53fd9e
trust_game_reputation/090201_claude-opus-4-6/data/agent_histories/Agent_8_game2.json,40916,a6f213765c9f83011a031e9be88f92adf2a6d5d4a9c396eb6a8e24034ba80f41
trust_game_reputation/090201_claude-opus-4-6/data/agent_histories/Agent_8_game3.json,53880,466818f674a1b6d09b7250e3c62c20ebb063e13f9b111d55e6971556265ca765
trust_game_reputation/090201_claude-opus-4-6/data/agent_histories/Agent_9_game1.json,53500,63021bb2ad7bd10d4af4f899820ec1342b0b5fcdd917b10e68aa9effeff35343
trust_game_reputation/090201_claude-opus-4-6/data/agent_histories/Agent_9_game2.json,37259,fadb6ed08630f4f49446c5d2b0bc3bf09153484a817acee1026fda957c98e533
trust_game_reputation/090201_claude-opus-4-6/data/agent_histories/Agent_9_game3.json,38082,44f99bd86b96f8d5706640b7b841b0565e2a28a76b11aa5f6155b3fe7dd230b6
trust_game_reputation/090201_claude-opus-4-6/data/experiment_stats.json,2077496,2835fe0e0d67cbfc8351a1c5accfd3cf2eb579911a220f3aec92ee9ea7a0526c
trust_game_reputation/090201_claude-opus-4-6/data/game_log1.json,577300,16f5941dbc3fe6cc77ea2ba9130c7238007a30226b5523c2726f078a41ed6c65
trust_game_reputation/090201_claude-opus-4-6/data/game_log2.json,569763,47b6529455eba525307adc5ff05d08383553987399c220aff15836ad8c3b9435
trust_game_reputation/090201_claude-opus-4-6/data/game_log3.json,569964,972698fcd8d08161810ecda1cddb54c897bc75e9c071f2352e9efcb383cacdc2
trust_game_reputation/090201_claude-opus-4-6/data/summary_stats.json,21271,d9ac5cf0fc7394ae8c41ce90fc392210a5bac8c696411995185036e5336c8988
trust_game_reputation/090201_claude-opus-4-6/experiment_config.json,675,397d7b235a26bf15099dbb5c40e6bdf831ac04d992f6d9c6da6c3e6a060588fa
trust_game_reputation/090202_grok-4.3/data/agent_histories/Agent_10_game1.json,31313,929e63d7b4e07a618e293aac7fb477f56c97f608d5d47949267fd35f786953b2
trust_game_reputation/090202_grok-4.3/data/agent_histories/Agent_10_game2.json,42993,d94f05a84ee6b9fe77fa434da61212c5391e61caf0bdd515fea2e7a29cec5c9d
trust_game_reputation/090202_grok-4.3/data/agent_histories/Agent_10_game3.json,39883,0f10e390127d450bbdc5a66026953f019aa1bef3907065daaf99696cb105fe25
trust_game_reputation/090202_grok-4.3/data/agent_histories/Agent_11_game1.json,32564,d66c730ea20620bea0f5813dda2985670f7b8234736aea345d11e5d15d430e29
trust_game_reputation/090202_grok-4.3/data/agent_histories/Agent_11_game2.json,38573,aedf3ee587b0e9cc652c6064a5529eec152e5069b30c8d7527d1d6eab52a20de
trust_game_reputation/090202_grok-4.3/data/agent_histories/Agent_11_game3.json,39594,25fed45f0f554e45437ae81fff8976769601430db16015c0de7d5d0f291630a5
trust_game_reputation/090202_grok-4.3/data/agent_histories/Agent_12_game1.json,25035,81721dad1fc9fd19afc1223c83a7c8f3e8c2f6e66d468fb8e7b4273bd1b85568
trust_game_reputation/090202_grok-4.3/data/agent_histories/Agent_12_game2.json,45246,c23c28259b804c7998fdf979676ca4c25bdadd6782cf509219186cac5da504bf
trust_game_reputation/090202_grok-4.3/data/agent_histories/Agent_12_game3.json,30619,d5c06959bc9cb59722030e01f43b128778491c9b510c31efd9a455f56892733c
trust_game_reputation/090202_grok-4.3/data/agent_histories/Agent_13_game1.json,34791,01031dba72b56f9896cd542f189c579d15e3c655241fc69e66e4ba9f96982d13
trust_game_reputation/090202_grok-4.3/data/agent_histories/Agent_13_game2.json,32653,a49b90de917a2a88c04070bae8ed016078108dc7e52ba40ad409de01ab386261
trust_game_reputation/090202_grok-4.3/data/agent_histories/Agent_13_game3.json,36551,d72329740347e8427d420fffe123799867fc951a97b9204321a8f12c36af8e8b
trust_game_reputation/090202_grok-4.3/data/agent_histories/Agent_14_game1.json,44121,163a8add887e3973558d9a9b8d8a3591fa6a9b089e701faa8bb100609c8bc86c
trust_game_reputation/090202_grok-4.3/data/agent_histories/Agent_14_game2.json,40845,fc8228c1b1c3cb8302bf7d4444d3389674c97c284926be999927f713063053d7
trust_game_reputation/090202_grok-4.3/data/agent_histories/Agent_14_game3.json,31208,5fc4ad527e54e0a53c410221b0ca6b325dc247800d684a2d4f42ec2790aafd2c
trust_game_reputation/090202_grok-4.3/data/agent_histories/Agent_15_game1.json,37410,40a4a91232fd9eba269c75bff954b1876b2f7b5b4e19d23b802e8a3c4c1cd0fe
trust_game_reputation/090202_grok-4.3/data/agent_histories/Agent_15_game2.json,46446,c79eeb0216eff8ba57e6a0acfc5ff2a38091aafb13845f16e5cc80a89e152473
trust_game_reputation/090202_grok-4.3/data/agent_histories/Agent_15_game3.json,35310,771acbaab20bee07d5e148a9af169073e8d6edd412cbb5566c8ced78db4b3fbf
trust_game_reputation/090202_grok-4.3/data/agent_histories/Agent_16_game1.json,27438,b393feaa86cc448d604939bcc6437fe8d9447de90613aff4e32f478d69d743a3
trust_game_reputation/090202_grok-4.3/data/agent_histories/Agent_16_game2.json,24466,8cf9a9da066decdb0187110a15f94b1c0b61708a8e9c22c326721f00b57bfbf5
trust_game_reputation/090202_grok-4.3/data/agent_histories/Agent_16_game3.json,45508,fe581ebaf8f9b95c0215e54c0c20948d0dff8c9bddb3fef985cc3c5e8d86b283
trust_game_reputation/090202_grok-4.3/data/agent_histories/Agent_17_game1.json,34506,668533f36885748a90a455cf006672de4f7662ffb7dc644f6a16eb314de13219
trust_game_reputation/090202_grok-4.3/data/agent_histories/Agent_17_game2.json,32316,3032e32d8c6d5e804ad0472bee2f15609513c6611a905d0766178ca1cefe9314
trust_game_reputation/090202_grok-4.3/data/agent_histories/Agent_17_game3.json,42910,1d330166864a42e6548d8378e600304d1c7a90094f42dc6bbf56fc42881b8936
trust_game_reputation/090202_grok-4.3/data/agent_histories/Agent_18_game1.json,47474,82a5e65cfda19d72e8f3f83289c1b9780b6f187cfe8891ca145944ed6b3fc042
trust_game_reputation/090202_grok-4.3/data/agent_histories/Agent_18_game2.json,31781,0282e0b3e0e616996ce2140a3840cec76b16f4de948c9bcaa45d65cab32c4efe
trust_game_reputation/090202_grok-4.3/data/agent_histories/Agent_18_game3.json,52195,ba121df68d75210175c26716dcce2d33749a53ade1eea38ec068d7662e6935b6
trust_game_reputation/090202_grok-4.3/data/agent_histories/Agent_19_game1.json,30058,bacb6e4418fbc9819e3cf9746b11b4f80f06ce7baa604a4d512687daf5286709
trust_game_reputation/090202_grok-4.3/data/agent_histories/Agent_19_game2.json,36165,5666f88deac89a809b9c6fad0bf38cbe2c95dc3322366644602f5ad3d2f5dd9e
trust_game_reputation/090202_grok-4.3/data/agent_histories/Agent_19_game3.json,35728,ae4005145cfdbd50426931eeef6fb5c2f874bcf2d8bb017f0dc0dca856eb7f86
trust_game_reputation/090202_grok-4.3/data/agent_histories/Agent_1_game1.json,32536,864c8b49929c0bdf6483c2e82cd7fd2e0414298e99e1eb798dfb87a810ee4d33
trust_game_reputation/090202_grok-4.3/data/agent_histories/Agent_1_game2.json,26518,18817f53a6b3b2408a9ccb464f08cda28f33307290d39288e8bc5b4fecd61a4f
trust_game_reputation/090202_grok-4.3/data/agent_histories/Agent_1_game3.json,27855,005f742769dd2580a31154c7dfa5aef57318bd375a3636b79502877ccc2e2d89
trust_game_reputation/090202_grok-4.3/data/agent_histories/Agent_20_game1.json,32501,9bd4e6cc9b209f4430738ce6b3d64799bd96a1ddda72e6307e321d6a53f6b67f
trust_game_reputation/090202_grok-4.3/data/agent_histories/Agent_20_game2.json,41885,c9e04f1973b5f29e18d1c4c666b089a7c8d63fe9b75989f8b0af3f7e9d14a73e
trust_game_reputation/090202_grok-4.3/data/agent_histories/Agent_20_game3.json,34426,fcf8e149a4d9c4683b2ca634457f53410ba17f4c003ab9d82ed96eaaf404e322
trust_game_reputation/090202_grok-4.3/data/agent_histories/Agent_21_game1.json,37520,e73050e1b584ad18e9e491c03dd4d982b6a1e45e2a9907b214b29f883ef153ab
trust_game_reputation/090202_grok-4.3/data/agent_histories/Agent_21_game2.json,42929,1daef077b1f1b6e309e78b4453258fa2ee19615e63e9b6452feff24c5b165153
trust_game_reputation/090202_grok-4.3/data/agent_histories/Agent_21_game3.json,35962,7b10c762c3b52ec5748d976bea155fb7f8974da26e6ae09e744de013adf43d6e
trust_game_reputation/090202_grok-4.3/data/agent_histories/Agent_22_game1.json,47192,a544ef259113bdf427c3ea4cebfb3e40d5c200e37a06b49ec8ab891f564b8f2c
trust_game_reputation/090202_grok-4.3/data/agent_histories/Agent_22_game2.json,53779,e6bd274d351a283ca4d9d5818d6e92e271190aaac4320d4a6a807d16d35788c1
trust_game_reputation/090202_grok-4.3/data/agent_histories/Agent_22_game3.json,41548,66035dc5f228441344d18ca59343070f73d982c63d3888412e380d8913c67371
trust_game_reputation/090202_grok-4.3/data/agent_histories/Agent_23_game1.json,35124,6cb9a9b77dd0254036e34977bd7efdb504ddd3ea61541ee23f60481ea87effef
trust_game_reputation/090202_grok-4.3/data/agent_histories/Agent_23_game2.json,26539,2f6d646d31977b7b33f0383d969d80618eb75cef164fbf885ecef7838278da43
trust_game_reputation/090202_grok-4.3/data/agent_histories/Agent_23_game3.json,36176,99eedcf012a88f5c99ac90a96f69e939ff9cee6eb2876ad94b356b986afb3f59
trust_game_reputation/090202_grok-4.3/data/agent_histories/Agent_24_game1.json,39975,9b75c976c155f87914c3fb559a5974c86744261c5b57caf74dd037c978a7660f
trust_game_reputation/090202_grok-4.3/data/agent_histories/Agent_24_game2.json,37248,8f1a8e65eb3cb3df3db7670c933a5369ba27875c8ea6690a59d7136345734da1
trust_game_reputation/090202_grok-4.3/data/agent_histories/Agent_24_game3.json,46573,442787893e3ebf797b94ae99bb93394f312866d4b3ee105f0a1947d23a46615c
trust_game_reputation/090202_grok-4.3/data/agent_histories/Agent_2_game1.json,37359,a4e60fbdfcd59a38ac88f49f93da490de1f3f5d0aed09964e34e8706857b84fc
trust_game_reputation/090202_grok-4.3/data/agent_histories/Agent_2_game2.json,38092,98c64c4dc3042f9ae4835db3756dcc8a9584f66a2299ee3402909b31e866a772
trust_game_reputation/090202_grok-4.3/data/agent_histories/Agent_2_game3.json,47296,7550238d5a56458fafdb836e2435bad7450eff70d5ff1f16ada4b06575b3a6d6
trust_game_reputation/090202_grok-4.3/data/agent_histories/Agent_3_game1.json,45938,6f368ade4242f18e9ed9aa8007c51fed76729bcf9471713ff3acf66e81c28f57
trust_game_reputation/090202_grok-4.3/data/agent_histories/Agent_3_game2.json,45140,6a3e89065eee83e38487bd0916351d404506825dbeffacdba4f19aa6511141e6
trust_game_reputation/090202_grok-4.3/data/agent_histories/Agent_3_game3.json,25763,fbba44aef138f690f3ddabd8aa76a1c99f1e7adc1a1787c4a457a147467c4d9d
trust_game_reputation/090202_grok-4.3/data/agent_histories/Agent_4_game1.json,36554,cc084a10897b40802a0ec790e26344d5a8f80c94613952f8aa68d0621a75125b
trust_game_reputation/090202_grok-4.3/data/agent_histories/Agent_4_game2.json,41548,445cbad5f065b1f40eae960d5d260c99dda5f50bd5f16a24cf58b42a937a9636
trust_game_reputation/090202_grok-4.3/data/agent_histories/Agent_4_game3.json,28002,6e42b413e3c4d9958b1fd02ca34e9cda5928ee2573968c9597fe702593fc30f1
trust_game_reputation/090202_grok-4.3/data/agent_histories/Agent_5_game1.json,35538,601b62b5ccdf4dbd3dc3345341266686a2a1e19f1dd7e4cff596ecc76f5bdabc
trust_game_reputation/090202_grok-4.3/data/agent_histories/Agent_5_game2.json,44501,4c191ab665b682d8df9564ae119fe927f1af7ee50d3608af95b70be015db592a
trust_game_reputation/090202_grok-4.3/data/agent_histories/Agent_5_game3.json,38744,3437bbaa3feecfc096e50e69ac69aa5d517905aa6f86d4549ad9fb85f90357c2
trust_game_reputation/090202_grok-4.3/data/agent_histories/Agent_6_game1.json,32327,9515d30c0b39b6de088b24987dc0e447112ab92f43f96c90cd80c250e8403b0b
trust_game_reputation/090202_grok-4.3/data/agent_histories/Agent_6_game2.json,26279,60103af9500466558d877bc8a220f832f58173f9d16053250fecc02c592d9bd5
trust_game_reputation/090202_grok-4.3/data/agent_histories/Agent_6_game3.json,27979,09efb8ac4ff552f191630cd8c2e5768937207abfc5f43582f1aabcd17cd8bb99
trust_game_reputation/090202_grok-4.3/data/agent_histories/Agent_7_game1.json,37357,4e920f0e949bbab257bce03edfb7945759d7972096154be0f5b0e5be10b2d7c7
trust_game_reputation/090202_grok-4.3/data/agent_histories/Agent_7_game2.json,25771,87ad263ce146b160e00475028ef1e738eca506d3c5d4df292f7d9437ec783241
trust_game_reputation/090202_grok-4.3/data/agent_histories/Agent_7_game3.json,36908,12ffb55ffa4181179b8399b81a40bbbdd4c5a7774c6de71cf9b803664efea97a
trust_game_reputation/090202_grok-4.3/data/agent_histories/Agent_8_game1.json,52841,24947640d8e9d98a32b64e38911d77850b22dcaa0f5a9567c52e0c46afc52ce8
trust_game_reputation/090202_grok-4.3/data/agent_histories/Agent_8_game2.json,34317,1eae0c8da1602f02a1686dcd17406d3f80159265b900b6d65837b0b295aea80d
trust_game_reputation/090202_grok-4.3/data/agent_histories/Agent_8_game3.json,45321,d882fbfea1980111fed1681624971fa1c52136cdee9b380daa2d9d5e2892a01f
trust_game_reputation/090202_grok-4.3/data/agent_histories/Agent_9_game1.json,44197,6dabb645d4952f7b985d82cc26d4901fdff5ea2c0ae37709d5ca6defa74c68c0
trust_game_reputation/090202_grok-4.3/data/agent_histories/Agent_9_game2.json,30142,a17aef160b87473574b1492a41bacb264eab2858f1e8f9a875439875adcaf846
trust_game_reputation/090202_grok-4.3/data/agent_histories/Agent_9_game3.json,31685,1ab77e3a17869cda914dcbdb1a6436242591dae5937fe574f983790ebf5ebf40
trust_game_reputation/090202_grok-4.3/data/experiment_stats.json,1582476,59223763f3abf953e2a89256af71dc37751f60e3e04e7386a58e51158a9c102f
trust_game_reputation/090202_grok-4.3/data/game_log1.json,407084,69c73f1790a87c7a1df55aefc28475c30f308ad53f99a1dfd0ecc9a246b89b50
trust_game_reputation/090202_grok-4.3/data/game_log2.json,405364,44d3f9bc66ca7624d6bcfc69a76d89bf5a152082127cc5e0e406b855094771d6
trust_game_reputation/090202_grok-4.3/data/game_log3.json,406472,8b4b9be36ef7d3e68f80aee1c4510bdc49672a3b0c5cc1e507f45bf939da7860
trust_game_reputation/090202_grok-4.3/data/summary_stats.json,21180,04536737e0f01022331423ec491774d46af4b76a10848d709eb413d55cdedccf
trust_game_reputation/090202_grok-4.3/experiment_config.json,675,397d7b235a26bf15099dbb5c40e6bdf831ac04d992f6d9c6da6c3e6a060588fa
trust_game_reputation/090203_kimi-k2.6/data/agent_histories/Agent_10_game1.json,38578,b39367b9b03fe744f20c5908b8977403dce005f80c64a811d4b7ece560debab6
trust_game_reputation/090203_kimi-k2.6/data/agent_histories/Agent_10_game2.json,54046,e8c685c11460583117a6b72f342f80c9a342e94110d277e296823fb3550d4863
trust_game_reputation/090203_kimi-k2.6/data/agent_histories/Agent_10_game3.json,51535,7341fd9b757dde33d82fbb1d17db952dc756335b3844b49129a9ca3b070e404c
trust_game_reputation/090203_kimi-k2.6/data/agent_histories/Agent_11_game1.json,43613,42827b1a65d90598f523ed2219e063951baa77cbef1b82c0e22734f1ed2339bc
trust_game_reputation/090203_kimi-k2.6/data/agent_histories/Agent_11_game2.json,49578,8a57f9955a0b6079e0122ec7717db472fc50f11335ca752b10f7fb8769209ef6
trust_game_reputation/090203_kimi-k2.6/data/agent_histories/Agent_11_game3.json,48458,32d5d5673179f3c463b3f570f8c5a27637c6530e3663a11f30ca6483d4ba55af
trust_game_reputation/090203_kimi-k2.6/data/agent_histories/Agent_12_game1.json,31633,37c1bf38667ada50f6f7c78e0e1bdca65540edf021b21416aba2ee6adbaed67f
trust_game_reputation/090203_kimi-k2.6/data/agent_histories/Agent_12_game2.json,56945,44546eadd765c04fb951610277f2a8988942ad0462b002c22c8be807efedd07c
trust_game_reputation/090203_kimi-k2.6/data/agent_histories/Agent_12_game3.json,37970,8560902c89ed0c08e811e6202165297f3e598747e890b007b81981b9f512c8b9
trust_game_reputation/090203_kimi-k2.6/data/agent_histories/Agent_13_game1.json,44113,cc11848f399c57d369cd01353c0d088bc8bd9487963a3ba65ef794993f6b832a
trust_game_reputation/090203_kimi-k2.6/data/agent_histories/Agent_13_game2.json,40023,cd03af3153925728832df95d098db159e96cb9216bdf37bdd11f31f8d51fd6d9
trust_game_reputation/090203_kimi-k2.6/data/agent_histories/Agent_13_game3.json,46451,82819931c36b44c2e821f096c41e4ffec6dd8d2b20cef92a11d1648aa7bd128b
trust_game_reputation/090203_kimi-k2.6/data/agent_histories/Agent_14_game1.json,54097,f5f6eeb258c45770edf08dde4874f87cb703fa6ace688604b8b3920e7d168ba0
trust_game_reputation/090203_kimi-k2.6/data/agent_histories/Agent_14_game2.json,49760,606c905cc87604e7547c08b0367c9faa30ca9ba24c54167627dbc8d858968d79
trust_game_reputation/090203_kimi-k2.6/data/agent_histories/Agent_14_game3.json,40712,8a1da267a5a03664ac0e63f2ff0c397a374f9a570f6980281047f94856946f00
trust_game_reputation/090203_kimi-k2.6/data/agent_histories/Agent_15_game1.json,46034,757a7805774c58370a312ee5c6fa0b14b65e2fa54e84fc7438bee606bc41c900
trust_game_reputation/090203_kimi-k2.6/data/agent_histories/Agent_15_game2.json,57551,625b64932ddb9e383ecb2711675c496491bc897f30af51979c38099550624440
trust_game_reputation/090203_kimi-k2.6/data/agent_histories/Agent_15_game3.json,44096,1173038fad6ad1292c50ad8281109cc730cb0316d7b76476d126218c8f096b0e
trust_game_reputation/090203_kimi-k2.6/data/agent_histories/Agent_16_game1.json,34445,a82d47a0ce4d919906c0d248fcd066eadf68db5441973cbb0e77aab7d3fb4747
trust_game_reputation/090203_kimi-k2.6/data/agent_histories/Agent_16_game2.json,30443,2be35f77df68e4c0c05ddc6b2fd2a69372a4c308276372989d9f5c05125db9d3
trust_game_reputation/090203_kimi-k2.6/data/agent_histories/Agent_16_game3.json,56225,dc124a179c9d1cbe0d44bef2a7f874f6d04b62a8f49dbacc077a766234890f6f
trust_game_reputation/090203_kimi-k2.6/data/agent_histories/Agent_17_game1.json,42883,da28d91b3603170a6c2962acc234ac719281ed0824743c1085704443d5aeb9e5
trust_game_reputation/090203_kimi-k2.6/data/agent_histories/Agent_17_game2.json,41270,6f94c762ae6f1b99d6dd29df91463c5586d6b38ebe00421313ac894d53df6cb0
trust_game_reputation/090203_kimi-k2.6/data/agent_histories/Agent_17_game3.json,51800,3c255bfafba0a62e0e181f77ff7786692205f2db5ba23452eb41479b7ee2712e
trust_game_reputation/090203_kimi-k2.6/data/agent_histories/Agent_18_game1.json,61293,5461c1e487b1c8ab4f66a62c8288c1c3fbf4e9464a022c5c068685f3adf6f66d
trust_game_reputation/090203_kimi-k2.6/data/agent_histories/Agent_18_game2.json,39518,a551fd2083201a541b0e16d6ec40a5ab370704452765c388ad522753e28c7e8d
trust_game_reputation/090203_kimi-k2.6/data/agent_histories/Agent_18_game3.json,63246,7d80c3b11f88f51a2d27c7e8f4c23b3ff92826473606c96c854d33dfd1a2ff5c
trust_game_reputation/090203_kimi-k2.6/data/agent_histories/Agent_19_game1.json,37460,1b5172e1525993a922b56751e3934c61a7257223b3e0c1cf110f3d0f3f08ee43
trust_game_reputation/090203_kimi-k2.6/data/agent_histories/Agent_19_game2.json,45438,73b8cb7b4a4391162972fcf293b3acdf365069978b87a1764aff5bf05dc9ce97
trust_game_reputation/090203_kimi-k2.6/data/agent_histories/Agent_19_game3.json,45314,9883fa96eef7f474111e1e3e027151117dea7118b33f86b1db898de5ce7a3043
trust_game_reputation/090203_kimi-k2.6/data/agent_histories/Agent_1_game1.json,41093,98f84b9d23a0a402c56bdddcb9356ad7be791f2e2296ec87a05ad4a8dc4a033a
trust_game_reputation/090203_kimi-k2.6/data/agent_histories/Agent_1_game2.json,33213,cfd58ea71bc7adf8eea078e8fbd0da6eb306620540dc795b6aab4041ef803881
trust_game_reputation/090203_kimi-k2.6/data/agent_histories/Agent_1_game3.json,35233,f4b5dc35d562c66cefd7cc7431d3a95e25f0dea760f53e32313d1e518c5a15b9
trust_game_reputation/090203_kimi-k2.6/data/agent_histories/Agent_20_game1.json,39980,ecf2d397045cfdebe755358a8922954c1061f8de75f8a6c34e6e37a5e83b91dc
trust_game_reputation/090203_kimi-k2.6/data/agent_histories/Agent_20_game2.json,52470,fdb9ebfbaeafce7b729f54e99ae1e08af7db8ec459230101b5a7957fc761baf5
trust_game_reputation/090203_kimi-k2.6/data/agent_histories/Agent_20_game3.json,42421,821f3e0a325d6310bb4ab8ee408eb2013c756f22c934e79d7d6207cd559e47bd
trust_game_reputation/090203_kimi-k2.6/data/agent_histories/Agent_21_game1.json,45185,203ca5202782ee5bc08329bc212824467b9ab5ff033713845d816a9a439974b5
trust_game_reputation/090203_kimi-k2.6/data/agent_histories/Agent_21_game2.json,53001,502acdcc614daf26a41c5c801cb1083e583eccffd6864d3d7582127e40557cd4
trust_game_reputation/090203_kimi-k2.6/data/agent_histories/Agent_21_game3.json,44789,c696938634ee51eab70026fd42c0253f79a9192ef99149aeef964247b260b598
trust_game_reputation/090203_kimi-k2.6/data/agent_histories/Agent_22_game1.json,57925,a5edca9a16c1014553d2e793e0405e818178b68598f39986a10248b229e63ceb
trust_game_reputation/090203_kimi-k2.6/data/agent_histories/Agent_22_game2.json,67679,547a14c876e2191956359ccb5b1ec8a059157f2eb429737f9c9b486160f2c100
trust_game_reputation/090203_kimi-k2.6/data/agent_histories/Agent_22_game3.json,51311,f2c0217f414c836e43eb10f03d69a254e04607ffab61fce91c3a173a1e2e4f07
trust_game_reputation/090203_kimi-k2.6/data/agent_histories/Agent_23_game1.json,44274,3cb20b97ecfcd6b16595c2af3f14252292ab3bfb4b96de7c0e16e9ae69a587e7
trust_game_reputation/090203_kimi-k2.6/data/agent_histories/Agent_23_game2.json,33628,31770a3a1703107027f89c1047c1ce22969a70502fbf9fd505dc00850525e039
trust_game_reputation/090203_kimi-k2.6/data/agent_histories/Agent_23_game3.json,48842,24247afed112b3c135286e282b5b0bb8621816c541e635b8abb904afbffe26d3
trust_game_reputation/090203_kimi-k2.6/data/agent_histories/Agent_24_game1.json,49014,d275d3f25f6624e65e8ebb1f4f3ceef34ec5e8577fee55ffcfc186a8a36d1769
trust_game_reputation/090203_kimi-k2.6/data/agent_histories/Agent_24_game2.json,48632,5a5e6a9f1ca6222ce4d426961cc693fbd4234e2eb271c318c6ce5d06d7823556
trust_game_reputation/090203_kimi-k2.6/data/agent_histories/Agent_24_game3.json,58235,2707508e52d787de3168a341aa6c9e2bb8c9941c769fb507acbe4ecf4ec33ba0
trust_game_reputation/090203_kimi-k2.6/data/agent_histories/Agent_2_game1.json,46808,27638a17b05b7875c639ed2ae2cdc44891d88462b130a0278f78017fe91d0548
trust_game_reputation/090203_kimi-k2.6/data/agent_histories/Agent_2_game2.json,47529,c5c357534fd8e96e7122be49080d7f0711730226df0f600b34c1aad370f7a1a6
trust_game_reputation/090203_kimi-k2.6/data/agent_histories/Agent_2_game3.json,57904,12eb25d96f83dc862989536de04142d9d1f4fa5971c96d95d94df4113269772e
trust_game_reputation/090203_kimi-k2.6/data/agent_histories/Agent_3_game1.json,57198,12a7e669971ff0aba3dd1f5a55d9ead83a654e6cca61cb196bfb3639484b2c99
trust_game_reputation/090203_kimi-k2.6/data/agent_histories/Agent_3_game2.json,56588,25c970c463893fda884af7fb24e832f5a9e411e32ce9475fb735fbaaf320a1f4
trust_game_reputation/090203_kimi-k2.6/data/agent_histories/Agent_3_game3.json,32077,c7f00c65bf735e7fdc75d156f6b52ffa691d08f915f3b7fe092947c4e4cf257b
trust_game_reputation/090203_kimi-k2.6/data/agent_histories/Agent_4_game1.json,43897,3573225ae4188ed455897ceb757990399e8aa8a79f474f50246ec1eed457383d
trust_game_reputation/090203_kimi-k2.6/data/agent_histories/Agent_4_game2.json,53283,7a87573ff492548a3c6514e7a36d3c575451f47dcea01fabb48b011887e3094e
trust_game_reputation/090203_kimi-k2.6/data/agent_histories/Agent_4_game3.json,34296,a61e8963f6499c557fea8d0b8ded624355b2c20b8ef50cdc29b1049509ce6e95
trust_game_reputation/090203_kimi-k2.6/data/agent_histories/Agent_5_game1.json,43912,0e958c731fadc32df241618f1bb169016bdaf42feace709c5bc470f7cd128adb
trust_game_reputation/090203_kimi-k2.6/data/agent_histories/Agent_5_game2.json,56749,6d14e65d95c15334d41015c1d40067d45720152ea6b70a410a2cd0227bcf4f1e
trust_game_reputation/090203_kimi-k2.6/data/agent_histories/Agent_5_game3.json,48308,6aa0a2c795ef30dc92b118c663baf73a269c99ea3676878149192be1dfc9e282
trust_game_reputation/090203_kimi-k2.6/data/agent_histories/Agent_6_game1.json,40149,af096a17ae4e31348e3f88a685754b66fb0cfee2c0b48793c42c2f3d2d6d415c
trust_game_reputation/090203_kimi-k2.6/data/agent_histories/Agent_6_game2.json,32608,a0490d82c9e116034f02c5652f5ceedabf8b1979f6f7333f54ecaf63ef9bf7b5
trust_game_reputation/090203_kimi-k2.6/data/agent_histories/Agent_6_game3.json,34549,9af0ce2ea288c87a53159907f3ee1df29a5961df090a5adabe4370ae12b8ce2c
trust_game_reputation/090203_kimi-k2.6/data/agent_histories/Agent_7_game1.json,48413,644e91d3092d98bb2f417c0179f399a0afa2229fe45fb1b2061fc748cce0e1c5
trust_game_reputation/090203_kimi-k2.6/data/agent_histories/Agent_7_game2.json,32703,2359664d31510595de83e43ba342bb461088828f370424cf6ed6d2e9d38a0e67
trust_game_reputation/090203_kimi-k2.6/data/agent_histories/Agent_7_game3.json,45698,55c82ed3a546fb5d7caff89b6e052ba8041c31b821ab641d1fb811243e6ad87f
trust_game_reputation/090203_kimi-k2.6/data/agent_histories/Agent_8_game1.json,64772,4eeedd10b5fbcc5f633929811adb5d52a96f7afcdba98787f0c045395574ae1c
trust_game_reputation/090203_kimi-k2.6/data/agent_histories/Agent_8_game2.json,42071,52bd246e876742b7e1b5918381bdefa6c409675a16b0f60b3b9999ffe272dd76
trust_game_reputation/090203_kimi-k2.6/data/agent_histories/Agent_8_game3.json,55933,0eb9fb9b40441c6489af68acda30557a20c4b31187b3c3c4f3bf2e321ee91b89
trust_game_reputation/090203_kimi-k2.6/data/agent_histories/Agent_9_game1.json,55015,d59f78adb619454226ddfbd512d1ea680d645601c34b5e4c65e099b34ae94cf3
trust_game_reputation/090203_kimi-k2.6/data/agent_histories/Agent_9_game2.json,38101,64a4d28930fcc925e93b8247e476755a611db147d41a2d005380ee2e31f2abf6
trust_game_reputation/090203_kimi-k2.6/data/agent_histories/Agent_9_game3.json,40096,6f119aa588ac0e157edd7e4d6fb4aafc63fbedf949957a07b380b1195818b16f
trust_game_reputation/090203_kimi-k2.6/data/experiment_stats.json,2206268,2e732ecda4a84f330211a596f24599450f4ddacfafc439204569a32ab9a025a0
trust_game_reputation/090203_kimi-k2.6/data/game_log1.json,612192,0cb03ca89a55205981fb749cd8f9cdd93c5fdcf6cd7d1ecfd5ba5c527c09d4df
trust_game_reputation/090203_kimi-k2.6/data/game_log2.json,616449,3f37efb9787b17f2707c3b109daa86ef8089fb55643289d9a63b371bf23cb069
trust_game_reputation/090203_kimi-k2.6/data/game_log3.json,615829,29c2e1bdee01fea9dcdf6796b184259861fb2c941b39adfc7a810d5c15ba8bc1
trust_game_reputation/090203_kimi-k2.6/data/summary_stats.json,21415,1becd55fdf9c9c1f4a010bc5e463c4147cd0ef7a596635ee46eb0c8a7675de29
trust_game_reputation/090203_kimi-k2.6/experiment_config.json,675,397d7b235a26bf15099dbb5c40e6bdf831ac04d992f6d9c6da6c3e6a060588fa
trust_game_reputation/090204_gemini-3.1-pro-preview/data/agent_histories/Agent_10_game1.json,34937,cf1cc364472928b1f8842217b29e07e93905df51607c6e4e4845e9042ea4ba3f
trust_game_reputation/090204_gemini-3.1-pro-preview/data/agent_histories/Agent_10_game2.json,47482,a829ab4f47a0856ce1b6c28c59754d384ff4b31682bb35f66b1ab597b6a1b246
trust_game_reputation/090204_gemini-3.1-pro-preview/data/agent_histories/Agent_10_game3.json,43982,7083d85d1475582b8cdc7390f3e9c4bed8acbfb3026f6a638bb21c09bef7b3f3
trust_game_reputation/090204_gemini-3.1-pro-preview/data/agent_histories/Agent_11_game1.json,38213,558f03273c852c963604e85aa2db2da3e3fed024f891aaccf6943d653f547cb9
trust_game_reputation/090204_gemini-3.1-pro-preview/data/agent_histories/Agent_11_game2.json,44214,932ebb1f0db5ddb31451ff1bc066be79a0f9d88ecc48a97ceb7fb0b104fea1db
trust_game_reputation/090204_gemini-3.1-pro-preview/data/agent_histories/Agent_11_game3.json,43719,2827766f5ff357f5f3dc9f147a1bc8a99fc984f0a7432ef6acb0ffa5e95d4e59
trust_game_reputation/090204_gemini-3.1-pro-preview/data/agent_histories/Agent_12_game1.json,28274,68579e0ef4ebc893e85627a631aa8cdecb4000bfcceda592a927ec1ac370bf80
trust_game_reputation/090204_gemini-3.1-pro-preview/data/agent_histories/Agent_12_game2.json,49503,53b5850fd7186771d02b066207e76944e64a74a365ec1b1e3cfb6baf491d09ae
trust_game_reputation/090204_gemini-3.1-pro-preview/data/agent_histories/Agent_12_game3.json,33058,f1ea5e363ac886e7a6a8c55ab86efb453d764890f8ba45d00f678ff7c7a25b26
trust_game_reputation/090204_gemini-3.1-pro-preview/data/agent_histories/Agent_13_game1.json,38645,8eb637ef39ee48c8b25a7b693e05ac456e2bce3b07de575cc060fde22ea483ed
trust_game_reputation/090204_gemini-3.1-pro-preview/data/agent_histories/Agent_13_game2.json,35322,ebc30e8e0866f91ae55afe2949fc783a593ce1bbba03a356833f0ce721af0d60
trust_game_reputation/090204_gemini-3.1-pro-preview/data/agent_histories/Agent_13_game3.json,40810,8322d4429f199822d7dd4e57fc6efdb9d96efbfe8374a44f4f79dc7c659a13a1
trust_game_reputation/090204_gemini-3.1-pro-preview/data/agent_histories/Agent_14_game1.json,47852,5406c9b55f224e3d7b0cdd13007dd72eac2a4fb2a917891faf4886df6579b617
trust_game_reputation/090204_gemini-3.1-pro-preview/data/agent_histories/Agent_14_game2.json,43693,8353b97069ebb61d9057af60117539806a2dfad7b0ab5de3dda77e18595a9555
trust_game_reputation/090204_gemini-3.1-pro-preview/data/agent_histories/Agent_14_game3.json,35088,53ca185b94065eab02f1a929dddebf0a705c443825438d9e47e50b00427542a6
trust_game_reputation/090204_gemini-3.1-pro-preview/data/agent_histories/Agent_15_game1.json,41234,ce375b0bb94c94f1b2a2267d4df1d5cb9c44d1b950506beb3b4431d760a402a4
trust_game_reputation/090204_gemini-3.1-pro-preview/data/agent_histories/Agent_15_game2.json,51438,24a20bddccf88d7c37c9a1cf4bac55e0fc74b8e6fa91b3bb2e6608749fe8866a
trust_game_reputation/090204_gemini-3.1-pro-preview/data/agent_histories/Agent_15_game3.json,38427,59e401e09fa06bbfa0948641c0a950b65d17f6bd653808b1380ceb4e8dec032f
trust_game_reputation/090204_gemini-3.1-pro-preview/data/agent_histories/Agent_16_game1.json,30180,af81c4629d9ba885fcc80f2cfb0ccd9fb689d1c41561126e0d27c991f8e473ee
trust_game_reputation/090204_gemini-3.1-pro-preview/data/agent_histories/Agent_16_game2.json,26928,7e13bb4ca83d9100b08d37778296adb2ffb43c5e63da36ea74a7deda0dcb9476
trust_game_reputation/090204_gemini-3.1-pro-preview/data/agent_histories/Agent_16_game3.json,49124,70d1a1e1328865b970865ab421c41b69c42a724bbd05168ed261afea4e7b0991
trust_game_reputation/090204_gemini-3.1-pro-preview/data/agent_histories/Agent_17_game1.json,37365,cc0004b594b863bbd5ce5205310c4949e89dffc818ba1ca985afa4152de74a0d
trust_game_reputation/090204_gemini-3.1-pro-preview/data/agent_histories/Agent_17_game2.json,36478,791d5c4270d1acfee869cc1005b60d10a2e327d0f68f79d393f67d716c72d62e
trust_game_reputation/090204_gemini-3.1-pro-preview/data/agent_histories/Agent_17_game3.json,47004,ae428e1bfeafb52ba033a42da13eea3ed8f484a5de9931ddbc9a4347880c9be0
trust_game_reputation/090204_gemini-3.1-pro-preview/data/agent_histories/Agent_18_game1.json,53305,d2e0723cb4a97b1a238f43c060098411570654332ba61ad3ab74fcf0e79fddaa
trust_game_reputation/090204_gemini-3.1-pro-preview/data/agent_histories/Agent_18_game2.json,34991,8c578bf7487858e3a27e01a8150fc57a4d05bc410965f213f1b369edb2c33d3a
trust_game_reputation/090204_gemini-3.1-pro-preview/data/agent_histories/Agent_18_game3.json,55919,c5a4690c05f6ccb10a8573678bbe000c7920de0cffb434370306b3ee77b7a596
trust_game_reputation/090204_gemini-3.1-pro-preview/data/agent_histories/Agent_19_game1.json,33643,25893081000ccffd179f7b345a8be3d6854258b029c3872807bae3d2723c1a9e
trust_game_reputation/090204_gemini-3.1-pro-preview/data/agent_histories/Agent_19_game2.json,39300,4e9a713331cb56b2ec1a75be5f3d3bb59c3a0687ae1643a3caadee4f0f50f210
trust_game_reputation/090204_gemini-3.1-pro-preview/data/agent_histories/Agent_19_game3.json,39130,e09a66f7033d4e88ce85382f3c164e628172e20acc30a27d05fd893662e84a55
trust_game_reputation/090204_gemini-3.1-pro-preview/data/agent_histories/Agent_1_game1.json,35707,8564b5044bf02b5026d59a6d8bd1cb660ef26525c5b489b9b40777c5528b3179
trust_game_reputation/090204_gemini-3.1-pro-preview/data/agent_histories/Agent_1_game2.json,30005,5fb5d4533787604f0e0553de577a3855f2c09dadeb08ff1307104090ce215db0
trust_game_reputation/090204_gemini-3.1-pro-preview/data/agent_histories/Agent_1_game3.json,31154,58c2dc9a7a7949b03b1c399b20a8e08aae346891be477af29d2fde007eb35300
trust_game_reputation/090204_gemini-3.1-pro-preview/data/agent_histories/Agent_20_game1.json,36015,8254e3611ef6bf027b35a10449fa0c987aec716c861a0224aaf879fd538957b5
trust_game_reputation/090204_gemini-3.1-pro-preview/data/agent_histories/Agent_20_game2.json,47287,641299ac06a7155c43df3589e344843471f4b45b79feb944b3bed11fcb0d6d34
trust_game_reputation/090204_gemini-3.1-pro-preview/data/agent_histories/Agent_20_game3.json,38153,f450222b2eeedc6c25c2315270d7d8439b7bf2f30f5cc15f1432dae8ccecaa09
trust_game_reputation/090204_gemini-3.1-pro-preview/data/agent_histories/Agent_21_game1.json,41379,6d3df344e010d7f4ddc5c72f09a18fd9e19f04e03f04b5f1dcee433004212075
trust_game_reputation/090204_gemini-3.1-pro-preview/data/agent_histories/Agent_21_game2.json,46899,05a65359d31b8d896901cf437173c2734f6946a308e94a8bcf26410f97dbb20b
trust_game_reputation/090204_gemini-3.1-pro-preview/data/agent_histories/Agent_21_game3.json,40713,a7572962e6723aac165517f7eb55d3ce78f241586cda176aa80bc7d34f80dcad
trust_game_reputation/090204_gemini-3.1-pro-preview/data/agent_histories/Agent_22_game1.json,51502,4dc5a05d73ac2692841239c36ee2814972fd9f8ee28c54838fb64a58d9396653
trust_game_reputation/090204_gemini-3.1-pro-preview/data/agent_histories/Agent_22_game2.json,59340,181321ede4799f1be6a477cd444094651c682d2516507f5cb6cf91145020c57a
trust_game_reputation/090204_gemini-3.1-pro-preview/data/agent_histories/Agent_22_game3.json,45292,8480b47aab3ad8135c4d1450cfafc68adf7f1c91e60561c03f2e564c612e82a5
trust_game_reputation/090204_gemini-3.1-pro-preview/data/agent_histories/Agent_23_game1.json,38484,5aa023718fa6146dada39592716c008d048d155293c8708ffdfc481e865fc763
trust_game_reputation/090204_gemini-3.1-pro-preview/data/agent_histories/Agent_23_game2.json,29302,8e38816f094eb09edabd82e9eb498b3220f6a1cdd264ccea72af5f59fc436b25
trust_game_reputation/090204_gemini-3.1-pro-preview/data/agent_histories/Agent_23_game3.json,42759,fbe0be005d60f3fb77ff18b6792e55637b2abc0467815c896fd9d230a9fab304
trust_game_reputation/090204_gemini-3.1-pro-preview/data/agent_histories/Agent_24_game1.json,43902,8fee8d323b126f3276ad9449af87a3c1469a9bc68e5e32203f5939bd723e102c
trust_game_reputation/090204_gemini-3.1-pro-preview/data/agent_histories/Agent_24_game2.json,42895,abb6fd41b288115de453f9a06f07e33d9eee568331f027b16e75f7418f29912d
trust_game_reputation/090204_gemini-3.1-pro-preview/data/agent_histories/Agent_24_game3.json,51566,83322eb176799e20dd9a481c1933432ce73df845c2e58a286a3c7a3f058d976d
trust_game_reputation/090204_gemini-3.1-pro-preview/data/agent_histories/Agent_2_game1.json,40838,1e98dab66faab75fd7167ca617cab8ac9c75b2f1b5dbf2da1ba8aef59a418dee
trust_game_reputation/090204_gemini-3.1-pro-preview/data/agent_histories/Agent_2_game2.json,41439,aed97b6f8e51d41a3a8cd31e6e5ae914d76ae95272ddb9ae73244afaf676f751
trust_game_reputation/090204_gemini-3.1-pro-preview/data/agent_histories/Agent_2_game3.json,51791,af8ee146831482674e22132cd7d13d6f5b7c1df03d99a97638724fa7f1af4f50
trust_game_reputation/090204_gemini-3.1-pro-preview/data/agent_histories/Agent_3_game1.json,50147,8d4d9d53d0deec79ed4b5c8459bb0bd81aa986b4a7b2dcf5da0170d07d13b45b
trust_game_reputation/090204_gemini-3.1-pro-preview/data/agent_histories/Agent_3_game2.json,49432,44c72d5637c367f3fb6a523009e0810b3e1a6596064f444f639f88c78a911d07
trust_game_reputation/090204_gemini-3.1-pro-preview/data/agent_histories/Agent_3_game3.json,28367,c5a089a3328aa36b57efbf827fa2a0cc3a1de6524a8dc6d715092de1b8545b75
trust_game_reputation/090204_gemini-3.1-pro-preview/data/agent_histories/Agent_4_game1.json,39549,b5e31e761a914329f737ba763525519e2494f7e1d7c4a78dab0261516d9dafe9
trust_game_reputation/090204_gemini-3.1-pro-preview/data/agent_histories/Agent_4_game2.json,46953,9415887582f9ad77f4f7184e33dea534df3070b1b4527035dc2e8b43d0be4bd3
trust_game_reputation/090204_gemini-3.1-pro-preview/data/agent_histories/Agent_4_game3.json,30057,507317492ec034f87153c5911ef75cc7a678f4f8e7dbfcd5b30c37b0b5fbaf01
trust_game_reputation/090204_gemini-3.1-pro-preview/data/agent_histories/Agent_5_game1.json,38744,46cf5bb69233938858269609bc16e40b4d0a6e3981d511ebbb801caf2b4214d9
trust_game_reputation/090204_gemini-3.1-pro-preview/data/agent_histories/Agent_5_game2.json,50292,8eba5374c9a60259a0caa15cb2bd01c85240ffca5418d8a917528561a1a2f0b7
trust_game_reputation/090204_gemini-3.1-pro-preview/data/agent_histories/Agent_5_game3.json,42391,d979b596f0c848cd0bb97b3419b3680b6348c2e58c454e37b292302c4a309641
trust_game_reputation/090204_gemini-3.1-pro-preview/data/agent_histories/Agent_6_game1.json,35040,28e0cfc327d5265ff71d53b1e37fda0fa1ee869af14702088d6ba6f3d8ef2ea4
trust_game_reputation/090204_gemini-3.1-pro-preview/data/agent_histories/Agent_6_game2.json,28929,f5c5aaa2ca6d6586037b980af2c0e6c515b5bd171d4691b2ee80edabe1739c0c
trust_game_reputation/090204_gemini-3.1-pro-preview/data/agent_histories/Agent_6_game3.json,30206,88c40683271b32fa1698c3fcfb24ad52e7dc3aaafa2558b95831ed5ffba8966d
trust_game_reputation/090204_gemini-3.1-pro-preview/data/agent_histories/Agent_7_game1.json,42519,54bb57b1ae34fb42531d670910ba8c5cd1b7996979d5d92891b048cce687a424
trust_game_reputation/090204_gemini-3.1-pro-preview/data/agent_histories/Agent_7_game2.json,28529,3e6d0a7a354e5e75a1de531928c9642e501593ee14951f9495d3a38e0effa7da
trust_game_reputation/090204_gemini-3.1-pro-preview/data/agent_histories/Agent_7_game3.json,39894,6a80c46e6fec2d5a3386c762914e4c78c735bcb56ce53ee72f0a9ea0ec19e4da
trust_game_reputation/090204_gemini-3.1-pro-preview/data/agent_histories/Agent_8_game1.json,56814,fe3b0343e328fcb7124ab922191d4793946b8c0a0a443426ee3ce7700fb39c54
trust_game_reputation/090204_gemini-3.1-pro-preview/data/agent_histories/Agent_8_game2.json,37004,23d7a6aedb3bf128f7ae648798177006ea78b2ac472c8fef1260c1ad33e22a4c
trust_game_reputation/090204_gemini-3.1-pro-preview/data/agent_histories/Agent_8_game3.json,49420,83853b3fd58861bd76c8d6d6f191458e1c2ca5feec12ee793b6a8eb1a2330872
trust_game_reputation/090204_gemini-3.1-pro-preview/data/agent_histories/Agent_9_game1.json,48358,a2d1261de889d1c074900b507e790920da9292d8af4166ae12a61b6a280c4f54
trust_game_reputation/090204_gemini-3.1-pro-preview/data/agent_histories/Agent_9_game2.json,33979,c46819b1e5576cbd7f2c360c9126ac0d5e24bf5629f2ec17a6e2f0c485e4bf85
trust_game_reputation/090204_gemini-3.1-pro-preview/data/agent_histories/Agent_9_game3.json,34047,7b82ff33d8b8f188d3afeeb543c7e2a8c90a46bc08dec9463f268366708ee91a
trust_game_reputation/090204_gemini-3.1-pro-preview/data/experiment_stats.json,1807130,df18a7585123302f4c886112be51f0298ad528d77a64401ec1992bd55429c7f3
trust_game_reputation/090204_gemini-3.1-pro-preview/data/game_log1.json,481852,0983b7e7944713e7e6cea961bd29553db6debd8d6cd16a5015dff17588d0d134
trust_game_reputation/090204_gemini-3.1-pro-preview/data/game_log2.json,483019,c2b574812a0e495b954f7a1d821f7501214da7cbf2ec385b4034a570d6754830
trust_game_reputation/090204_gemini-3.1-pro-preview/data/game_log3.json,481905,ff807dadd64cfac71f9b5755df68faf3efc26a3ed7913767bab8df260821faa3
trust_game_reputation/090204_gemini-3.1-pro-preview/data/summary_stats.json,21206,74b5f700122c236b6f3384396c752775f32e1f00ca32243e398452a6a685c98a
trust_game_reputation/090204_gemini-3.1-pro-preview/experiment_config.json,675,397d7b235a26bf15099dbb5c40e6bdf831ac04d992f6d9c6da6c3e6a060588fa
trust_game_reward/082801_grok-4.3-three/data/agent_histories/Agent_10_game1.json,35125,bac159ea74d81d763c123a0a7a9db82fb6a3dc5792783fffff848288389779a7
trust_game_reward/082801_grok-4.3-three/data/agent_histories/Agent_10_game2.json,34683,a09fd224ada51b925ecc8613c1b5ecdb51575a88272966b16bcd0d49596d0fb7
trust_game_reward/082801_grok-4.3-three/data/agent_histories/Agent_10_game3.json,35896,69c2edb5623373df5a8faa2b3218385153875b8b45a77c8937758eaa3d3e0f7d
trust_game_reward/082801_grok-4.3-three/data/agent_histories/Agent_11_game1.json,32727,3b88279167c2df133da52c3af058261d5197c0abd8216594755f928f44372506
trust_game_reward/082801_grok-4.3-three/data/agent_histories/Agent_11_game2.json,34990,a223679df30e6d76c579e2083a49bafa8d3ce9860d3915e57e9fd0daf211c0bb
trust_game_reward/082801_grok-4.3-three/data/agent_histories/Agent_11_game3.json,33180,e5a3a4c1be553e08c7b1a249488fed576ace00c5591f8c4760fb5a56a8dad426
trust_game_reward/082801_grok-4.3-three/data/agent_histories/Agent_12_game1.json,32407,5866a8534d3fbbbeaf54325ae939a320d22e8a837b0fbfd0b8a1dbdeb9f24115
trust_game_reward/082801_grok-4.3-three/data/agent_histories/Agent_12_game2.json,36005,fe7f79c386dca7ec6a21023fdf416ff38783306ddde44a7a078a9cfe8d4d009b
trust_game_reward/082801_grok-4.3-three/data/agent_histories/Agent_12_game3.json,33956,1a92fe1a2ec2cbd4d9c96b76314a3a4e9474769e169ddf1595b0b213abb8cf9f
trust_game_reward/082801_grok-4.3-three/data/agent_histories/Agent_13_game1.json,35728,e77a8ad02ea57ff3335b517695c1b3e3e5711187ad4938fdea0be8b0befad47e
trust_game_reward/082801_grok-4.3-three/data/agent_histories/Agent_13_game2.json,32543,ef07ea62b964b6e12195cfd442fb35e33ca4586e6a2805297a7275568868000c
trust_game_reward/082801_grok-4.3-three/data/agent_histories/Agent_13_game3.json,37026,d260d89996757745b0f582a4f16fcd7eb577cff479cb6435e50fdf751dca572a
trust_game_reward/082801_grok-4.3-three/data/agent_histories/Agent_14_game1.json,34045,040a5c93a0bd73dfa2cb2a4eb889dfc495798e56dee32fac934e8d32fbe27980
trust_game_reward/082801_grok-4.3-three/data/agent_histories/Agent_14_game2.json,34560,63c9c1ff5fef47aff2d3446e83f55fdf4ec3537c917d5bd2bd14544b316a3e3f
trust_game_reward/082801_grok-4.3-three/data/agent_histories/Agent_14_game3.json,33140,22def253577984bdafc28f5dd2c59b22ad91fe2c98893356a54a77a6d804898f
trust_game_reward/082801_grok-4.3-three/data/agent_histories/Agent_15_game1.json,36474,28640cd09d3626c5fbd1b11d75c0b5a6de4c4d2439f26bbd3bb753861db0b06d
trust_game_reward/082801_grok-4.3-three/data/agent_histories/Agent_15_game2.json,33145,c13e6d7cf51c0a122def1a1b16cd33f32657342676c63555093213e2bf454ef1
trust_game_reward/082801_grok-4.3-three/data/agent_histories/Agent_15_game3.json,32912,2a25717e19c41e68143962d406973125eeada7f5d863d0e8e14a43381c325ff1
trust_game_reward/082801_grok-4.3-three/data/agent_histories/Agent_16_game1.json,36028,e36b67b73fe5b4e28acb10edf6cdc9a4ce76bcafbcdd79de7dcc4f4e5a7187db
trust_game_reward/082801_grok-4.3-three/data/agent_histories/Agent_16_game2.json,33430,e1292afa5e355eaeb7b2f3af1b25c6d879f6c4423c0206f63b82b752aa167fc2
trust_game_reward/082801_grok-4.3-three/data/agent_histories/Agent_16_game3.json,35682,f678b74fd08824201f7b5cd66b03b2a85e95fec3618889d7d2e1e68a246dd31a
trust_game_reward/082801_grok-4.3-three/data/agent_histories/Agent_17_game1.json,33940,84fe6e19ffe6db74252f22a6994926fce8f9aeaf9eeca5058d9e33d4cfd0c167
trust_game_reward/082801_grok-4.3-three/data/agent_histories/Agent_17_game2.json,33264,f30ddd32ce4ab621aa8ca5980d3ffa26f8f1a67a456c970fc602cc8b9329e007
trust_game_reward/082801_grok-4.3-three/data/agent_histories/Agent_17_game3.json,33877,bf87d7e0ec9cc372b2050b3d73c6918cb24d62d8eb1dd4d1613bfdadee792947
trust_game_reward/082801_grok-4.3-three/data/agent_histories/Agent_18_game1.json,32210,9715bb90796e65eb509760046f86b0c1a2e4cf042b803289fa8cc4d583f6a6db
trust_game_reward/082801_grok-4.3-three/data/agent_histories/Agent_18_game2.json,34019,ef40099db6ba6993a0ecfbb68d672ac5d6b96ab2efe5b17d331e4fd5cde04d66
trust_game_reward/082801_grok-4.3-three/data/agent_histories/Agent_18_game3.json,33872,c22c0378e226eb3bbf7029a546559d7f79e4d09540661c4212cff5a2d49a18cf
trust_game_reward/082801_grok-4.3-three/data/agent_histories/Agent_19_game1.json,33693,94abfab4af9f5b0a54e7f1c91bbbea870fc342697b1a0ee6fb8c2616a6fc029b
trust_game_reward/082801_grok-4.3-three/data/agent_histories/Agent_19_game2.json,33941,f13b091af86e97ffeff72d693eaa966c09ae6195e99970d0b5c01c879d709f18
trust_game_reward/082801_grok-4.3-three/data/agent_histories/Agent_19_game3.json,34604,2f243e6ac63d0684fe966fd1f96e4de5552e2f59f3c51d5af7a3bffa24139882
trust_game_reward/082801_grok-4.3-three/data/agent_histories/Agent_1_game1.json,33043,5c7ae0ecdf002b6f8686606d9c2777030a6bed79bacfce7f783bb5b9b940a3a0
trust_game_reward/082801_grok-4.3-three/data/agent_histories/Agent_1_game2.json,34442,87740a365420fdc859bf70d3c44d6beb746ae344636738e666849863d31d5784
trust_game_reward/082801_grok-4.3-three/data/agent_histories/Agent_1_game3.json,37064,0ef99cd70f631cd81237405bba1cfde5ea4c4a0d64094c063dd246c877e573d8
trust_game_reward/082801_grok-4.3-three/data/agent_histories/Agent_20_game1.json,35838,bba987320ac8660aa3dfdfba67dd831870bb63128ede80b6e7e5178f6774894c
trust_game_reward/082801_grok-4.3-three/data/agent_histories/Agent_20_game2.json,31740,f224295dcdea1abeabf63c31fdeb78d14ea099a1da132160597ec473b96d0b4b
trust_game_reward/082801_grok-4.3-three/data/agent_histories/Agent_20_game3.json,33570,a0ea0dd67685892296d5c1bd03003f0c8b9b31cb67e5d120ae7c9ce6db8c31fb
trust_game_reward/082801_grok-4.3-three/data/agent_histories/Agent_21_game1.json,31805,00f819c4cc239a1d6308f46986e44dc207e50b2b986faff1e1437cc5e3c297a3
trust_game_reward/082801_grok-4.3-three/data/agent_histories/Agent_21_game2.json,36606,4b3ae8cb7ac70eabce9293957c444d44d9bd82f0715af55a8b3c6bf59d1910b9
trust_game_reward/082801_grok-4.3-three/data/agent_histories/Agent_21_game3.json,33338,bd66cf62c2353370c3158711c0d8d20d0abf9ac4f1bb5555be7c7400466fa111
trust_game_reward/082801_grok-4.3-three/data/agent_histories/Agent_22_game1.json,36569,a79cccd7edc6d9f52c6e9915d8c5bcde6bd006aa361c39993e7fd3371ac32b0e
trust_game_reward/082801_grok-4.3-three/data/agent_histories/Agent_22_game2.json,33926,99738e5eb851e627585797217a95b578eacf6e56230777e35f2877a08c48bce6
trust_game_reward/082801_grok-4.3-three/data/agent_histories/Agent_22_game3.json,34302,c4d30e1922f163792e1a854aab6c6138527bb9756ee1c0a93d61a279ce89d9f7
trust_game_reward/082801_grok-4.3-three/data/agent_histories/Agent_23_game1.json,35187,986a37b00223e95cef8af3613d9d17ce6853fcee4f782868ef39437181eb05bb
trust_game_reward/082801_grok-4.3-three/data/agent_histories/Agent_23_game2.json,34224,828329decdf18b85d2f1bade4f0212b28d96b6485e9c54776bb317dbaa27f198
trust_game_reward/082801_grok-4.3-three/data/agent_histories/Agent_23_game3.json,32722,22125c80f4e1fbd24391ea118e22cd47d9853b1752ff0db867987fe76b71afc8
trust_game_reward/082801_grok-4.3-three/data/agent_histories/Agent_24_game1.json,33586,88b6264cea119c2002b8150b6c225a1e21d538a48b9936737a187656c3d8f816
trust_game_reward/082801_grok-4.3-three/data/agent_histories/Agent_24_game2.json,32007,ced288b8c360847a819d07593e6c28df96d9e1df8582d2f38d30c4da18e76e94
trust_game_reward/082801_grok-4.3-three/data/agent_histories/Agent_24_game3.json,36153,9bb065b4f591d2bdfadd6eb67893e77d7e4919090cc8f700cdecd9b89115ca31
trust_game_reward/082801_grok-4.3-three/data/agent_histories/Agent_2_game1.json,35628,7df5ce0f16022f1187e15ff3e51dd82c794f96ed367e9e5e95673a194d5df400
trust_game_reward/082801_grok-4.3-three/data/agent_histories/Agent_2_game2.json,36103,f108cf7832f7660ab0d36ffab99e3c96bd39840e42ad9fbb532a9e14b45b17f7
trust_game_reward/082801_grok-4.3-three/data/agent_histories/Agent_2_game3.json,35658,a2f6efae53da700ef4a3c10899b5f171c8ec6841f977a6dccaf29a286d76f32f
trust_game_reward/082801_grok-4.3-three/data/agent_histories/Agent_3_game1.json,32879,7ce977e8ef1ade69da07a48969a24c3835f54684a8b3f0926f740a765bf04d65
trust_game_reward/082801_grok-4.3-three/data/agent_histories/Agent_3_game2.json,35211,d8a97b5754f866950fde60726c4fecbf493639a333df35ea07705b03e8f1c4e8
trust_game_reward/082801_grok-4.3-three/data/agent_histories/Agent_3_game3.json,37514,fb4136fbd25a41cc2c3001c6726efe5da5757bd1f133d06fa5c1c3c427c0f291
trust_game_reward/082801_grok-4.3-three/data/agent_histories/Agent_4_game1.json,35028,b2f0b71aedf09068c624558e5b8803d05b8c401390f57725bbdd5cf4b556cb78
trust_game_reward/082801_grok-4.3-three/data/agent_histories/Agent_4_game2.json,33588,e829acb5d35fdaac19104f58e9a6eadf90ae3227148a1844e6d5ca96de62945b
trust_game_reward/082801_grok-4.3-three/data/agent_histories/Agent_4_game3.json,34022,5a5aa654ed83a6a17515b66f1e0e660b8cbbdf797f4e12012fa14ac354551196
trust_game_reward/082801_grok-4.3-three/data/agent_histories/Agent_5_game1.json,37542,58dd027d72628060566727e5e56db9e0db09f6d75239f347fcae91e39c5501ea
trust_game_reward/082801_grok-4.3-three/data/agent_histories/Agent_5_game2.json,35721,50ddd8e1ae9f9d13d41948ce9485eabc4513b82d1986ee4f79c75043ba17e251
trust_game_reward/082801_grok-4.3-three/data/agent_histories/Agent_5_game3.json,35225,7bd585b12484df7db2b0d1f6f855558f909ef135fa423d53ef87a2605ea444f4
trust_game_reward/082801_grok-4.3-three/data/agent_histories/Agent_6_game1.json,35969,5eefb897726ab61e91e34585c7f601d71e851e2b2bc45550a44d6c324617cd91
trust_game_reward/082801_grok-4.3-three/data/agent_histories/Agent_6_game2.json,37730,ee1f7a7b55bf7cfe3e9179425b4ef3d8a4fa729802c8b0af013cd7e739d86f14
trust_game_reward/082801_grok-4.3-three/data/agent_histories/Agent_6_game3.json,35198,6802aca33e80fba28d75fff9269aa524a856d61fff1af44cf7e5a45ba55ed1d2
trust_game_reward/082801_grok-4.3-three/data/agent_histories/Agent_7_game1.json,35997,2c465a1160feb15a5fa208e6e74a062479087446b568bc672c5c0ee688b35722
trust_game_reward/082801_grok-4.3-three/data/agent_histories/Agent_7_game2.json,35475,025c832c7e528cee968afc91d0dd5f2135baa8bd0ac87f62a83d1d34cd414f32
trust_game_reward/082801_grok-4.3-three/data/agent_histories/Agent_7_game3.json,33411,7e8d5e22007174916615469b4d4323da49d7f3446f338cf55803720e61053a78
trust_game_reward/082801_grok-4.3-three/data/agent_histories/Agent_8_game1.json,33527,d4949f226882d6a3f37a43edad96f7bd99afba9e2aa5a4a2cb1a75dc41088d8c
trust_game_reward/082801_grok-4.3-three/data/agent_histories/Agent_8_game2.json,35668,fc088525069e3c99c469adb93c8533b48b5150a830b06e2ee252e87c895d2bf4
trust_game_reward/082801_grok-4.3-three/data/agent_histories/Agent_8_game3.json,35937,010f61e18d315ce8b0ebdf75de8cea5fb25f1a9177df413aa2118195e4ea1c59
trust_game_reward/082801_grok-4.3-three/data/agent_histories/Agent_9_game1.json,36282,cdc6449deb11c15620c76264d79bb144650cd4e00701e4b95946ba7ad28f3d59
trust_game_reward/082801_grok-4.3-three/data/agent_histories/Agent_9_game2.json,33580,d3bc1f9367c86544dbd492a2d164910c159f3dad3e37e2cc51929ada8fc81319
trust_game_reward/082801_grok-4.3-three/data/agent_histories/Agent_9_game3.json,34688,751d0b1f56101e2ab10232d559d5825a431b554aecfe1f7dbc05826ca494f559
trust_game_reward/082801_grok-4.3-three/data/experiment_stats.json,1291529,bbd4e00c97f89adebc205007ee08cd90452481bf0b8952d6b9bd94841acccbd0
trust_game_reward/082801_grok-4.3-three/data/game_log1.json,317070,b4cf160954c6facebdb5ce085d4fe7e1b52a5313a790893cc0e46863d96de31d
trust_game_reward/082801_grok-4.3-three/data/game_log2.json,315431,4be235e74c90eb087e3c8bae69c71e69cf752f2262af153575f59cd8db8d89c5
trust_game_reward/082801_grok-4.3-three/data/game_log3.json,317671,125ce921deaf3b572f401d24d42ea9a716c6d608a47de93cb45e9c1cdd26bd2e
trust_game_reward/082801_grok-4.3-three/data/summary_stats.json,26010,a7077b47014b72704aff38ed35da336c269c7ae5f32d883283fbcbf966d4c364
trust_game_reward/082801_grok-4.3-three/experiment_config.json,699,b2317c579bdecc0765b097ac6690367c56ff07e91b6a41b59fe83f9e1a08cf0c
trust_game_reward/082802_kimi-k2.6-three/data/agent_histories/Agent_10_game1.json,47153,49034d4e8d16731297c9af906db71ee27e69567bd9ca28aca9978bac2ae34c5b
trust_game_reward/082802_kimi-k2.6-three/data/agent_histories/Agent_10_game2.json,45345,337f6868ad96b04c797e0326920d2d8c91a9814331231b50004200c6fa8d5020
trust_game_reward/082802_kimi-k2.6-three/data/agent_histories/Agent_10_game3.json,48964,a3f0a260dc2a278f2e149695c362daf78482578225aa181401217991f908999e
trust_game_reward/082802_kimi-k2.6-three/data/agent_histories/Agent_11_game1.json,45506,0aa71178b5c9aa37b37c0510d4ec99d83782f7d626503bd2797f49615f9d0040
trust_game_reward/082802_kimi-k2.6-three/data/agent_histories/Agent_11_game2.json,47998,4507098d46de574b09efadb31c3e42f7b844525160bad3ef4d6161aaad568a5c
trust_game_reward/082802_kimi-k2.6-three/data/agent_histories/Agent_11_game3.json,46351,f2dff9a285877cdb30cce64723763298b2422cae76508f908acc32707a14a1a9
trust_game_reward/082802_kimi-k2.6-three/data/agent_histories/Agent_12_game1.json,44943,ff12e7ed5b25d05e57f64bec2e1c22fee855377dbba3dea2c0e1fc206016eabf
trust_game_reward/082802_kimi-k2.6-three/data/agent_histories/Agent_12_game2.json,49238,2cc3ecdbdf4f40a6701c90bd35dd8e1895fce7bca010f6a098e038778a5eaf69
trust_game_reward/082802_kimi-k2.6-three/data/agent_histories/Agent_12_game3.json,45745,2841e078326086cd31ea5f8b4e3b9f3b21933a1dd55f69a32e77052659ebfd45
trust_game_reward/082802_kimi-k2.6-three/data/agent_histories/Agent_13_game1.json,45843,003111da4f2d4ccdd39cf4837a76b4fd98e6aa26275fee5ac55da1777cc2bcad
trust_game_reward/082802_kimi-k2.6-three/data/agent_histories/Agent_13_game2.json,45077,b1c39c4c3595abc4ad10a47486ec67c845930447b6de137a43d875f82503302c
trust_game_reward/082802_kimi-k2.6-three/data/agent_histories/Agent_13_game3.json,50620,08333e1f4af8376632471919426f76b9fa60239b9bad7db2c5465ad26d5a3e2b
trust_game_reward/082802_kimi-k2.6-three/data/agent_histories/Agent_14_game1.json,45989,9fb3da76e0b70926d2741608bbcca9dfb5753f0a1fca3c1049da589da6ce2422
trust_game_reward/082802_kimi-k2.6-three/data/agent_histories/Agent_14_game2.json,47115,709d702475760ae1c43864fcab5f4e986cf55f090ac45020ce6f0a7929e8a5d5
trust_game_reward/082802_kimi-k2.6-three/data/agent_histories/Agent_14_game3.json,45167,92c17a403371411385436c51eab9941805c81bf3a0556ed220ff5a1a962144c2
trust_game_reward/082802_kimi-k2.6-three/data/agent_histories/Agent_15_game1.json,48468,9d07c861c0fab41c2453388ff9d89cc9b613b8d5b0ad8f5a212e5b3f79aff75d
trust_game_reward/082802_kimi-k2.6-three/data/agent_histories/Agent_15_game2.json,45417,574d6cdff09cf730ae4ea2e5d296bdf5871e61db6bf19cd18d8b6bc814b2efb7
trust_game_reward/082802_kimi-k2.6-three/data/agent_histories/Agent_15_game3.json,44346,3999a6bbf24bdb221ac4575eb17fe60dd5ebf4e9f6b2656932e2430eb8d1c503
trust_game_reward/082802_kimi-k2.6-three/data/agent_histories/Agent_16_game1.json,47564,ae997840b290ead4c172987087cd58c7a925a1d96ddfc549133dbc70269ba02f
trust_game_reward/082802_kimi-k2.6-three/data/agent_histories/Agent_16_game2.json,44535,c9c3b02d77a847d461ba32b517d600549db0486a1231ff21499a87b8ca49be09
trust_game_reward/082802_kimi-k2.6-three/data/agent_histories/Agent_16_game3.json,47948,2a633d149ce5738357cbcf3a314a47d30ff4efce711d9e65c0d26fa54a93ef9b
trust_game_reward/082802_kimi-k2.6-three/data/agent_histories/Agent_17_game1.json,47697,3b42cb01224af7b8d87b9f5226ff36e79907e0cbdcd7b45b4ca1667c7c96ddc8
trust_game_reward/082802_kimi-k2.6-three/data/agent_histories/Agent_17_game2.json,45553,3a914c6706f959a857341fe4efe554bdcf0d5fd9bcbb6f8e038d02b81ed331cb
trust_game_reward/082802_kimi-k2.6-three/data/agent_histories/Agent_17_game3.json,45534,4fbf677380c5c2a2d85a55b03a9ff7b8093bb1aad6c5c8fa0c074b747f4e4a31
trust_game_reward/082802_kimi-k2.6-three/data/agent_histories/Agent_18_game1.json,44846,be416e76e77c042332b811a4ff079e1c6f79fbb53dd6a9dcfd35a865a7cc0bcb
trust_game_reward/082802_kimi-k2.6-three/data/agent_histories/Agent_18_game2.json,45483,6bc4f56bedb76f3cea2da9984e8772c7c60625c2f768ca810a5243b0f920ca74
trust_game_reward/082802_kimi-k2.6-three/data/agent_histories/Agent_18_game3.json,46474,a99ae9a5fa64fe7b61192365f44338ffede77fc4c4a5262999c223125a024c9e
trust_game_reward/082802_kimi-k2.6-three/data/agent_histories/Agent_19_game1.json,45700,9225c9951af27c6b11295b3b1fe67145ff4094408f272c2e7ed17ea2f04aa30a
trust_game_reward/082802_kimi-k2.6-three/data/agent_histories/Agent_19_game2.json,45414,3cc239d24b21144bd012380736f2d243c1b28c7586c60769ecc6b579672d36bb
trust_game_reward/082802_kimi-k2.6-three/data/agent_histories/Agent_19_game3.json,47439,3fb19f5301ed87af9938db37c703a8c0f2b886739a61fb1de336a5b54dcff0ad
trust_game_reward/082802_kimi-k2.6-three/data/agent_histories/Agent_1_game1.json,46145,9f40a2f87aa1efb4b311abc38a1f2f45dbc3588c50fa38799f70694c013a79f0
trust_game_reward/082802_kimi-k2.6-three/data/agent_histories/Agent_1_game2.json,47047,36a1f600d59aef38ec2a7e1f59bb8ce1350225d1c7facd98d129ddf041b5c967
trust_game_reward/082802_kimi-k2.6-three/data/agent_histories/Agent_1_game3.json,48760,fda9831aac5747505e61da900babacb6185b6595388766f41d2860f4b3c62590
trust_game_reward/082802_kimi-k2.6-three/data/agent_histories/Agent_20_game1.json,47646,0f60c3494c082c429216c7fd7ec4e5ad1c4f33169626251a00f0c41b5f93356c
trust_game_reward/082802_kimi-k2.6-three/data/agent_histories/Agent_20_game2.json,44778,b159953fcf290532765a2ec12fd75ea6ef1d4596dbcc98790a8f74f46c224e54
trust_game_reward/082802_kimi-k2.6-three/data/agent_histories/Agent_20_game3.json,45483,2cac74405d8b761869f7113fb5cd7e758db32f275f63339505f8374493934f67
trust_game_reward/082802_kimi-k2.6-three/data/agent_histories/Agent_21_game1.json,45581,8efab4913a2b13a80bf3fb489420cb169c5a0fbebea52b86600c8f8e71669a99
trust_game_reward/082802_kimi-k2.6-three/data/agent_histories/Agent_21_game2.json,47870,6b5f62bda8e3a04e97133be989165ed5714747bb9fabec3ec18948f6f6cf46d8
trust_game_reward/082802_kimi-k2.6-three/data/agent_histories/Agent_21_game3.json,45922,8d421daa0c76532aa52bdbde47326efe44abdbc86bdcde38599e72e4db6b3deb
trust_game_reward/082802_kimi-k2.6-three/data/agent_histories/Agent_22_game1.json,48424,131901f65e5379837271ad828db2a1e7ea55a331e2c491e3ca43bb03c1fda670
trust_game_reward/082802_kimi-k2.6-three/data/agent_histories/Agent_22_game2.json,46390,cd0032c58d86cd004cb3396d90708b431a36fb384e4f3295d439abf652365345
trust_game_reward/082802_kimi-k2.6-three/data/agent_histories/Agent_22_game3.json,47954,44d77ef5fe1d835dd78c086713bf9633ac1ec7921e1247f66a0320865cbe67b2
trust_game_reward/082802_kimi-k2.6-three/data/agent_histories/Agent_23_game1.json,45555,9add1f6e8b54d2a4e599b37a2ac52d037631f9de38129e7e94f10a5bef38ab36
trust_game_reward/082802_kimi-k2.6-three/data/agent_histories/Agent_23_game2.json,45663,e913cd5ede644bf09c39d7fa3d46865b2589a8dd82eeda09a33d3cee5532d419
trust_game_reward/082802_kimi-k2.6-three/data/agent_histories/Agent_23_game3.json,45068,ab54e8bd163f21b6737a0b4a47d5a564baba2d6b74482fd88d5b6f185395de8f
trust_game_reward/082802_kimi-k2.6-three/data/agent_histories/Agent_24_game1.json,45622,6906893c920a5a4106c5945b89628ac674f17041aabbc0393ceb5efc8204743b
trust_game_reward/082802_kimi-k2.6-three/data/agent_histories/Agent_24_game2.json,44432,152953c4e0b0b7ebc48a20e17fd2de03993892d3dd069958847e0a5ef4bd3be0
trust_game_reward/082802_kimi-k2.6-three/data/agent_histories/Agent_24_game3.json,47515,68d3d130cc6dc28cbda19593d653478f41b31131548b2aff1b639e8a67757b07
trust_game_reward/082802_kimi-k2.6-three/data/agent_histories/Agent_2_game1.json,47412,6c9eb795fb96df8e9a282b9b093bd99496c44d8736a5ca7cb5edee22b43ba560
trust_game_reward/082802_kimi-k2.6-three/data/agent_histories/Agent_2_game2.json,47869,cd25005d85ec62a6e4bc91f9309649a46b3f32c63738bcf367180c711b1039d5
trust_game_reward/082802_kimi-k2.6-three/data/agent_histories/Agent_2_game3.json,47563,170bcd1bfbb854256877511a91666ec6fe37c97029d724b8703bfcec8ba80ffb
trust_game_reward/082802_kimi-k2.6-three/data/agent_histories/Agent_3_game1.json,45928,91d1bdec4b6d0b2594b5b061097233b5e81fe1d2a7b0a375d8600b9cb051cfb3
trust_game_reward/082802_kimi-k2.6-three/data/agent_histories/Agent_3_game2.json,47938,55fb23c9d431ffcc00a1e8e1d5d14eb40127c0de6341fd3b8d9cbb35597e5d0b
trust_game_reward/082802_kimi-k2.6-three/data/agent_histories/Agent_3_game3.json,49539,8e8e9240fa81385f9aa84809b53ffebbd397ac56acf01a6b4cc2065596a325b5
trust_game_reward/082802_kimi-k2.6-three/data/agent_histories/Agent_4_game1.json,46458,265ebcf3544d8060af76d104552f25db3c70f1f4fdd0d3560e5d2ad194da3390
trust_game_reward/082802_kimi-k2.6-three/data/agent_histories/Agent_4_game2.json,46214,800996ac3533bd3cf9410fa174ca4ad1456886bac0ffd36d6bd0091dee34780b
trust_game_reward/082802_kimi-k2.6-three/data/agent_histories/Agent_4_game3.json,44712,0218624f113a57cb9bd0b093c8a16ea1911975795eafdf70deca795333f75d58
trust_game_reward/082802_kimi-k2.6-three/data/agent_histories/Agent_5_game1.json,48918,1ee951f83af80632cf7ce82955d19c79545ea0e289a77f58ff25a1bf2554e1f4
trust_game_reward/082802_kimi-k2.6-three/data/agent_histories/Agent_5_game2.json,47837,79fb0af5c3c7f5978d297160e23d22b4dff1ddcf58328e2dbe608ece78dbde69
trust_game_reward/082802_kimi-k2.6-three/data/agent_histories/Agent_5_game3.json,47590,933fcd782803a4a3e3bebbb2dfba11f000696a744f6f1a2636fb428bfe76db9c
trust_game_reward/082802_kimi-k2.6-three/data/agent_histories/Agent_6_game1.json,48713,dd21573b9fc9a13c811a028a9b3b8aa9ef82d115bb7be24c09e291c3c6f06b72
trust_game_reward/082802_kimi-k2.6-three/data/agent_histories/Agent_6_game2.json,50783,6675a7def13db4ceb2621fd19e7c773c908b7f1f59b44c75358c686a0bff9a6b
trust_game_reward/082802_kimi-k2.6-three/data/agent_histories/Agent_6_game3.json,47231,a87a264c20ad193f1086b3b955ceb1097a3d4f316a5c23344f4e7dee80a1983d
trust_game_reward/082802_kimi-k2.6-three/data/agent_histories/Agent_7_game1.json,48429,3e2352e3a6db8b8783ca1f77dd9b1b1f713fa157f8c77397dd891d454f39b1d7
trust_game_reward/082802_kimi-k2.6-three/data/agent_histories/Agent_7_game2.json,47548,8771ec000a126b6a9ca709f26f4577470d895df88247088cdeed3d172d4cf955
trust_game_reward/082802_kimi-k2.6-three/data/agent_histories/Agent_7_game3.json,46155,24ca95895c89b4a881c5f9bc30f105e8e3e659ef90f9d5e60cfae67e8fa19c39
trust_game_reward/082802_kimi-k2.6-three/data/agent_histories/Agent_8_game1.json,45426,87fa11c946269239aa5d6914575f5e52d690147cebf25ab1207b30f4a2bd1f3e
trust_game_reward/082802_kimi-k2.6-three/data/agent_histories/Agent_8_game2.json,49922,4995cd0022c2feb0ae4828ccfd7a656cfb6634fe940822bb55f2156fe7f54ec8
trust_game_reward/082802_kimi-k2.6-three/data/agent_histories/Agent_8_game3.json,48802,4f76f1c0dc01e16c443896a99a9ac93453ffe3fbdb9338f0b8bcb98135a97363
trust_game_reward/082802_kimi-k2.6-three/data/agent_histories/Agent_9_game1.json,49161,592fdd98d9dcb69e0ac72a5526fc436c91a3014e306696376402a1496a97c6d7
trust_game_reward/082802_kimi-k2.6-three/data/agent_histories/Agent_9_game2.json,44270,7871b4ef6ee8a62c34becc5e7511dc5ffc3805151617de1f1df8d3a587b78aa9
trust_game_reward/082802_kimi-k2.6-three/data/agent_histories/Agent_9_game3.json,47236,e76295f99e2019ad5a357baecc9f9d6b843eee41523149047b4e9e76dfc03adf
trust_game_reward/082802_kimi-k2.6-three/data/experiment_stats.json,2170934,2a8d3756c5eb9d5932761945ff54b97e19d3a955ca7bee2fbde7a14dac494d25
trust_game_reward/082802_kimi-k2.6-three/data/game_log1.json,608575,3fe016d8c56a4a9baf56417b02a03b64dce583c9456025b0601d18d1d477428b
trust_game_reward/082802_kimi-k2.6-three/data/game_log2.json,608124,63ca117a6eb06467397885b7db1aa817b7decf8fa7e35502f735f050b577480e
trust_game_reward/082802_kimi-k2.6-three/data/game_log3.json,612296,bce2fe1fbc99a0c3d0bbb67758746841311530e8b053d735d248773f466b1c43
trust_game_reward/082802_kimi-k2.6-three/data/summary_stats.json,26142,e8ee8272464c9509b9dfa7cc838c9afbe70683837fa8c57bcb7056ff02296190
trust_game_reward/082802_kimi-k2.6-three/experiment_config.json,699,b2317c579bdecc0765b097ac6690367c56ff07e91b6a41b59fe83f9e1a08cf0c
trust_game_reward/082803_glm-5.1-three/data/agent_histories/Agent_10_game1.json,42603,62ecdcadfe8404a9d9da6da72f68f81d4fa3eb4d287c71a330d009a1e4ee1828
trust_game_reward/082803_glm-5.1-three/data/agent_histories/Agent_10_game2.json,41801,7f7caabb38f16aae97924c937e85a14369e026fe737dd65c59b7b548a2bd8934
trust_game_reward/082803_glm-5.1-three/data/agent_histories/Agent_10_game3.json,42479,d80f74682f92ef045ed42cdfa368291b6a6fb4b17cd5fde046c68b9b26bb7460
trust_game_reward/082803_glm-5.1-three/data/agent_histories/Agent_11_game1.json,40968,2b43c9e82b822881ec0adf6e763df5988a7cbbf72bcca025c88066e081f1ada2
trust_game_reward/082803_glm-5.1-three/data/agent_histories/Agent_11_game2.json,41357,675b6fa56560eefa064e118fec38b51d83aa26f704704108199a645e47892f1f
trust_game_reward/082803_glm-5.1-three/data/agent_histories/Agent_11_game3.json,40442,df3170937d585dbecf28e38755bf6099c65081374693ba1c7b5d825f41f4cd06
trust_game_reward/082803_glm-5.1-three/data/agent_histories/Agent_12_game1.json,40317,59f9952f806fe5685ca0125a1e9393f3ead92b650fee4a72c30d4b0e4aac9b08
trust_game_reward/082803_glm-5.1-three/data/agent_histories/Agent_12_game2.json,43737,0da5c0a1ebe3224ac38403ea03a11664048d93d03b899d873d985aed380e7894
trust_game_reward/082803_glm-5.1-three/data/agent_histories/Agent_12_game3.json,41418,542087a316496f625efd36f366cb39e1d6766cd28654188e16babc051b8ab80b
trust_game_reward/082803_glm-5.1-three/data/agent_histories/Agent_13_game1.json,42405,01cd273d4913132aaf9bce77b0174bcc216abe42f2ed749de2178f9490b2e272
trust_game_reward/082803_glm-5.1-three/data/agent_histories/Agent_13_game2.json,40137,a63d902212e6649b2faac89ebb4a02f605719d74b9fa25f90f7c153c37d69415
trust_game_reward/082803_glm-5.1-three/data/agent_histories/Agent_13_game3.json,44695,72b2e0c057569a0253d86ffb9917e870be5e9fad6156581478b424e2ad375930
trust_game_reward/082803_glm-5.1-three/data/agent_histories/Agent_14_game1.json,41791,fd3cedb87043ebf0c3302b793f3986698e905142793b5383459c7a3c7ea5e6da
trust_game_reward/082803_glm-5.1-three/data/agent_histories/Agent_14_game2.json,41833,69abb9dc085654285ba05193a4c036b1b7ebf1c730c35a0b9ef46a630fa1f4b4
trust_game_reward/082803_glm-5.1-three/data/agent_histories/Agent_14_game3.json,40518,d2402b9f5ad0015b9c90294359cbf8d55264965abe7cab83145c1b2ab48593ef
trust_game_reward/082803_glm-5.1-three/data/agent_histories/Agent_15_game1.json,43904,c1c3be6408611cf58bfc07846b417f490437c3ea035b342289d65d110c634641
trust_game_reward/082803_glm-5.1-three/data/agent_histories/Agent_15_game2.json,40521,aa30a932f678d345214cc1c5fc831d9b85e02ac065d9ae3655f9873c0f2ba255
trust_game_reward/082803_glm-5.1-three/data/agent_histories/Agent_15_game3.json,40495,1aa2662268d5acffba7965270889ac691e3301ba175f33eabd7104c7ac292d5a
trust_game_reward/082803_glm-5.1-three/data/agent_histories/Agent_16_game1.json,43001,bee72f9814979565989fc0c3b708e972c9b177b85befe33d1ea9fdb446018113
trust_game_reward/082803_glm-5.1-three/data/agent_histories/Agent_16_game2.json,41190,3836c6fac636641331d4b28e9d4b07cc15f571c995a5e7a492a6f631ba907d2e
trust_game_reward/082803_glm-5.1-three/data/agent_histories/Agent_16_game3.json,43010,14b1bfc902a45c28ce0c14df5dd90439b4c4b064620a5a3a6c6adc978f3b459d
trust_game_reward/082803_glm-5.1-three/data/agent_histories/Agent_17_game1.json,40018,289d66dafa1f30397c94bf1dc585515544a33d1b206e7234823f5f2f02c7cae8
trust_game_reward/082803_glm-5.1-three/data/agent_histories/Agent_17_game2.json,40783,412b2e203f0cbccc937848425d2377d21f225675b6266e01f5e95a5826f5c61d
trust_game_reward/082803_glm-5.1-three/data/agent_histories/Agent_17_game3.json,41481,751d3546a078b8434693afe0322874eb1f33e0dc9747dbd29f9dc3a0ad4d51c9
trust_game_reward/082803_glm-5.1-three/data/agent_histories/Agent_18_game1.json,40581,2501d5659c72254356e0ad0c2422369897f51f0f14050e1c65afe5d02682e2c1
trust_game_reward/082803_glm-5.1-three/data/agent_histories/Agent_18_game2.json,40704,c774a1fa3441d2f259b9c9a786fea237cd3762dbd60c27ac03c94bffaa757165
trust_game_reward/082803_glm-5.1-three/data/agent_histories/Agent_18_game3.json,41858,65715ae01ab3c3a8cccf25e760d9faa7e974e1078026df3f9a997e5bba45674e
trust_game_reward/082803_glm-5.1-three/data/agent_histories/Agent_19_game1.json,41717,177bf76c66b9419bde0c93df61001cbf9de7a8c42cc33d7489e5dce056b9a35a
trust_game_reward/082803_glm-5.1-three/data/agent_histories/Agent_19_game2.json,42842,c737769aac9a42caa7e333729c60c212b10e10551d0b3c8a1268a67678b896e3
trust_game_reward/082803_glm-5.1-three/data/agent_histories/Agent_19_game3.json,42099,c9bba4609373936616a52be94aee039806d22bb7a748a3ee013ae042cc8034d6
trust_game_reward/082803_glm-5.1-three/data/agent_histories/Agent_1_game1.json,40663,3d5e2c3429b5c7ef15d349173c69639c543214431d6cd362eae263a80eff1384
trust_game_reward/082803_glm-5.1-three/data/agent_histories/Agent_1_game2.json,42211,499d93ce2ba578cef7c844b89c51e4287ea01014e1eb936032be28bf5eb30707
trust_game_reward/082803_glm-5.1-three/data/agent_histories/Agent_1_game3.json,44678,2acdcaa9f7072ba0f24f72cad284513dca57e5d47a7691fad0ea4c0eb587df68
trust_game_reward/082803_glm-5.1-three/data/agent_histories/Agent_20_game1.json,42985,3fd9e47c5a42fd1a5b4446105d9f1e293e32bcc421fc2622ab80f191a6b393b8
trust_game_reward/082803_glm-5.1-three/data/agent_histories/Agent_20_game2.json,39636,2d9348037e907868726456938ed4003fb1f3e4e8006e0b8e29f09eec69800e58
trust_game_reward/082803_glm-5.1-three/data/agent_histories/Agent_20_game3.json,40857,b3e18cbfbe33084b87f49c3383693ae18d3077fd59fe8c57b80e14cea6b32184
trust_game_reward/082803_glm-5.1-three/data/agent_histories/Agent_21_game1.json,39875,e825fc0da593e3ce192ff367ca6aca55ac4510048383e374e213f649620c540e
trust_game_reward/082803_glm-5.1-three/data/agent_histories/Agent_21_game2.json,43760,932660dc9867469987d22888528248c1409bdda0cd6d4f81eae28deea95ab8bf
trust_game_reward/082803_glm-5.1-three/data/agent_histories/Agent_21_game3.json,40886,0c5f8ebda840c0058b267ffadc669e885f9cf99df3855e336346c45d1bef9c9f
trust_game_reward/082803_glm-5.1-three/data/agent_histories/Agent_22_game1.json,44170,8c69f729849b3d4896127a1f91aa3300cd99ec6ca510704bcc97b803c52de937
trust_game_reward/082803_glm-5.1-three/data/agent_histories/Agent_22_game2.json,41294,2ebe03ac0f2dbe46f81b436a8bd99af5873506c8e1aa8c686576fa84d316a255
trust_game_reward/082803_glm-5.1-three/data/agent_histories/Agent_22_game3.json,41206,6bac671c9c88b068ebc0118e0a0dfc0bb7ed1f03c05da8c33e2c52b4b0858f6f
trust_game_reward/082803_glm-5.1-three/data/agent_histories/Agent_23_game1.json,42984,28cfbb828cc2fc9cdd61c14c7ff85e92d6f5a77bb11c21904cd38c6678e038e1
trust_game_reward/082803_glm-5.1-three/data/agent_histories/Agent_23_game2.json,42618,6d0f661a4305a00140b36d8a68f4ac455da764e4bc9d43f3ddab8a4a34379e1a
trust_game_reward/082803_glm-5.1-three/data/agent_histories/Agent_23_game3.json,40811,bd005a49a15fcdbdad5fe5d3c83823b5693050fdc9886a3be45fd3ddb9a73f56
trust_game_reward/082803_glm-5.1-three/data/agent_histories/Agent_24_game1.json,41948,10c57bde6c77f8982602c09fd202a2b3ff426e1066f7d55ecbb6235dedffdbf6
trust_game_reward/082803_glm-5.1-three/data/agent_histories/Agent_24_game2.json,41084,49c76b642fe1b9622b147f6a4a837b16eb257efb43cb86a262c960617ee21c51
trust_game_reward/082803_glm-5.1-three/data/agent_histories/Agent_24_game3.json,43769,6b934eefd16bc705965ab6d5a723ce0a4b5a84e80018b8a49ac59babab7fd480
trust_game_reward/082803_glm-5.1-three/data/agent_histories/Agent_2_game1.json,43043,5bd23c54bcb04417e8082a2859a1a81d5f07bd5936b56e77390ac500c2061c17
trust_game_reward/082803_glm-5.1-three/data/agent_histories/Agent_2_game2.json,42801,77789a93a2979f9d5318da40cb98c0b82b72b1c174323a703e00edff47bee03b
trust_game_reward/082803_glm-5.1-three/data/agent_histories/Agent_2_game3.json,43025,0379912f7527a35cb48fddb603c74df354e532e259ff397287122e1f9de4306c
trust_game_reward/082803_glm-5.1-three/data/agent_histories/Agent_3_game1.json,39904,4d0a046754dcfe7adc7c4949f6fd54faf592a64d3ded3030f9fda983859c4c00
trust_game_reward/082803_glm-5.1-three/data/agent_histories/Agent_3_game2.json,43716,0229a10d43ff68cdd954d4e62ee5a4de3de00f96b13524813566680673867c31
trust_game_reward/082803_glm-5.1-three/data/agent_histories/Agent_3_game3.json,45415,487bd8eebe0e5535483d5be4352b2ed48b6d95a7cb9bacfa0c4cc1fc08c909a6
trust_game_reward/082803_glm-5.1-three/data/agent_histories/Agent_4_game1.json,42093,52eaa596edbe3391b121ddef53bca26f4502d11f913109dbfc75101a69611ae5
trust_game_reward/082803_glm-5.1-three/data/agent_histories/Agent_4_game2.json,41184,91df496b2ecf7f49613d11c3aaa90b25c8a169018d1c48579d6f7aeda4f2578d
trust_game_reward/082803_glm-5.1-three/data/agent_histories/Agent_4_game3.json,41021,9581083ccc6f9210a0306648f3b145bf9019972126e43e731b96ba994f7efa67
trust_game_reward/082803_glm-5.1-three/data/agent_histories/Agent_5_game1.json,45228,fc7bd58770f567ccdfbd358e2766c6abf31757381f87cf3ab696cab29cb112c2
trust_game_reward/082803_glm-5.1-three/data/agent_histories/Agent_5_game2.json,43375,98779096f530789138b9499542508a574e4412faf9fd33c54993a55fcc94b446
trust_game_reward/082803_glm-5.1-three/data/agent_histories/Agent_5_game3.json,43054,afa55745bb0a3a31a64c7f14f368b69577293856822fc92a40b3648b4c34046a
trust_game_reward/082803_glm-5.1-three/data/agent_histories/Agent_6_game1.json,43343,5da9402e254ab0cf80f64c015bceab3618dd610b2b26a51747fe012ffd19fb8b
trust_game_reward/082803_glm-5.1-three/data/agent_histories/Agent_6_game2.json,45422,b8260d61b6f05df8e3f56ec8630d3280162d149128897300436e4b6fbc1d78a6
trust_game_reward/082803_glm-5.1-three/data/agent_histories/Agent_6_game3.json,42335,cb6570f8fca00d2799a1499a31be24a6258892c9a49c0647e367b9ae38bddbb7
trust_game_reward/082803_glm-5.1-three/data/agent_histories/Agent_7_game1.json,43372,feb2d4a41a2adb3356a1e785ff8f43f08174fbacce004fc6885136b7911a512b
trust_game_reward/082803_glm-5.1-three/data/agent_histories/Agent_7_game2.json,43531,8a28ddcb99605c65ba415523eeb73530f13a1d46650c222c7a8a8a721ffc5308
trust_game_reward/082803_glm-5.1-three/data/agent_histories/Agent_7_game3.json,41009,c8e85fa5ae7e062e8dabd2f92a0d7365e285bdfb2186eece626c1681efc0dd49
trust_game_reward/082803_glm-5.1-three/data/agent_histories/Agent_8_game1.json,41034,654df22c02ca6732cc87451db505fc7a40ca3c6d7a1d836756fe3851573909fb
trust_game_reward/082803_glm-5.1-three/data/agent_histories/Agent_8_game2.json,43060,aadfba0a9fa7abfec42e3e7eca23ab176b9b034c271815f0534434bbbc65ae3a
trust_game_reward/082803_glm-5.1-three/data/agent_histories/Agent_8_game3.json,42109,c84e30946e08716e0c0155c1d73a71da6a119cae16ea1cf293b7d879d07bd0cd
trust_game_reward/082803_glm-5.1-three/data/agent_histories/Agent_9_game1.json,44194,1ffd8b83efca194ff37debb34e527c38f457fd2b140bd1226be4e525a20f4226
trust_game_reward/082803_glm-5.1-three/data/agent_histories/Agent_9_game2.json,41640,c2be4d541c1043dd9a72cde8eb8276690d25184241599208304aadbbde9809a0
trust_game_reward/082803_glm-5.1-three/data/agent_histories/Agent_9_game3.json,42594,5aaf16f0af04b47d3dd256a6453ad2ae7d09f7dd1f2186bbc7b1f800ffe16b5b
trust_game_reward/082803_glm-5.1-three/data/experiment_stats.json,1835670,ce6b1510ad24b592df6092f014a033ba3cc91935aeb0a530652215598fe76ab1
trust_game_reward/082803_glm-5.1-three/data/game_log1.json,497435,696ba06e8321864facd1fd3e46dd9b87b607dc2aadc948a8977483825ba8141b
trust_game_reward/082803_glm-5.1-three/data/game_log2.json,498594,845ef40d6eff42d14fa48d54e096edf7705f4fcd1c9bac48e1cb83589d18a714
trust_game_reward/082803_glm-5.1-three/data/game_log3.json,495519,e6285e96b9bfe7fec59ad5ee5990ee6fad75023670eb7b0e19873eada57cccbe
trust_game_reward/082803_glm-5.1-three/data/summary_stats.json,26058,33f4fdf5fb3d09e8295dde0cc05389db963895447131b777f70ee97f2c5f99f5
trust_game_reward/082803_glm-5.1-three/experiment_config.json,699,b2317c579bdecc0765b097ac6690367c56ff07e91b6a41b59fe83f9e1a08cf0c
trust_game_reward/082804_claude-opus-4-6-three/data/agent_histories/Agent_10_game1.json,47070,aa01298bc6c44907d845561d9e31a170144851afea0207bbb6463c6e65c7e413
trust_game_reward/082804_claude-opus-4-6-three/data/agent_histories/Agent_10_game2.json,46222,49c9ea6f1f17fba12fb84b4fd6086ea31ec545df3a6db5afedd97f39c8b5e3d0
trust_game_reward/082804_claude-opus-4-6-three/data/agent_histories/Agent_10_game3.json,47428,6674b50948c6dccb0df4a3dfe208db367c0e574db157da3e830fc99dafc4aab1
trust_game_reward/082804_claude-opus-4-6-three/data/agent_histories/Agent_11_game1.json,44570,c11426a45e5837911417c8e5ea2c85c0b59a0a8d314b4a85e6333409783b9189
trust_game_reward/082804_claude-opus-4-6-three/data/agent_histories/Agent_11_game2.json,46665,3082cf3e769cc63891a4d4dc3ae1844e93ab2081deb34bf26e39babb75f4c64c
trust_game_reward/082804_claude-opus-4-6-three/data/agent_histories/Agent_11_game3.json,44403,6842af9e88b018916022821f8db0be1c5d8fb3cccdcbd07dd9c53e793c791dc5
trust_game_reward/082804_claude-opus-4-6-three/data/agent_histories/Agent_12_game1.json,44268,ef49869dcd383791265f1f206c43c9045adf75d034413253d6705ccddfdb3ec9
trust_game_reward/082804_claude-opus-4-6-three/data/agent_histories/Agent_12_game2.json,48025,9f522d7495b89e6c4496513844c2f22b39d114f7ad47d94a858cacddf60e0a7a
trust_game_reward/082804_claude-opus-4-6-three/data/agent_histories/Agent_12_game3.json,45436,7f36b5a735faf9a01631634b02d7305bc4fa3128b41be2880e8ec65f44ac5968
trust_game_reward/082804_claude-opus-4-6-three/data/agent_histories/Agent_13_game1.json,46597,9f0febb2ff2dc615e14cf9296f3f8604675ca91b16dfb708e28bd16f4911b918
trust_game_reward/082804_claude-opus-4-6-three/data/agent_histories/Agent_13_game2.json,43799,8d50d964230bc2e6aa02247acbc8ba5a441ab57ede953631d9cd789215c9206c
trust_game_reward/082804_claude-opus-4-6-three/data/agent_histories/Agent_13_game3.json,48075,6c0a34fb372cada15f1dc8058c6effa41b84b7f95ab063585b7a6f1c1e79fada
trust_game_reward/082804_claude-opus-4-6-three/data/agent_histories/Agent_14_game1.json,45416,9b2c2ff6e1c4c4fa088d95550f4e83bf0aa6263e47634899c02d12fd6b1c0616
trust_game_reward/082804_claude-opus-4-6-three/data/agent_histories/Agent_14_game2.json,46162,352f8b4fb30fed436a80217809bdad65c28c62765381a9f1c89171779cf89e67
trust_game_reward/082804_claude-opus-4-6-three/data/agent_histories/Agent_14_game3.json,44254,ff81282d031b6cf9ddf996f2b20730b8056997ddba3b10b91482cf645fec1155
trust_game_reward/082804_claude-opus-4-6-three/data/agent_histories/Agent_15_game1.json,47489,eb9a6b7f1fa5b4af53afb013afe212cc5dbdc09c3cfa44287ced851a3e45372a
trust_game_reward/082804_claude-opus-4-6-three/data/agent_histories/Agent_15_game2.json,45055,2f139837ee99d77dc86944f7724ea47fb54f2b1c4f5e0ffe4398704bb6a94eae
trust_game_reward/082804_claude-opus-4-6-three/data/agent_histories/Agent_15_game3.json,44282,7bd8ea3eed025dc2e1e4e6153fa95d37050d559716a72af27843d8c7cb000d7f
trust_game_reward/082804_claude-opus-4-6-three/data/agent_histories/Agent_16_game1.json,47920,1a1e257b391fa3957b0c40ccbe51e08f18a58706e466cab3bf14945d7f10f0eb
trust_game_reward/082804_claude-opus-4-6-three/data/agent_histories/Agent_16_game2.json,44486,a5fbd7d76fdbcda0d57c8f9429313e8f4553a470992238b90de7aaae9e8991a5
trust_game_reward/082804_claude-opus-4-6-three/data/agent_histories/Agent_16_game3.json,46653,ddf4a3581a50eabdc09647f064aec395d7c45f149cb1f9a7156fd6dbe9345b3a
trust_game_reward/082804_claude-opus-4-6-three/data/agent_histories/Agent_17_game1.json,45513,cb400af3f1ef15ee372d4419b2597984427525617fca0c2473aeba4acf4f69ce
trust_game_reward/082804_claude-opus-4-6-three/data/agent_histories/Agent_17_game2.json,45313,d8d77629a1f7534d958f3830ce173bf07f51c52e933e622958a5062d1e481a45
trust_game_reward/082804_claude-opus-4-6-three/data/agent_histories/Agent_17_game3.json,45571,d076c6a965ae68d001110ecc5948fdd21de88b9bc995af5e988d8105a622b3c4
trust_game_reward/082804_claude-opus-4-6-three/data/agent_histories/Agent_18_game1.json,43597,6031e1f8a7a0b8106f0f53ad4a7cd16d89166caedec768ab8d0590510209f3f2
trust_game_reward/082804_claude-opus-4-6-three/data/agent_histories/Agent_18_game2.json,45498,f83bfd03e8b95cb47a7a336c834cdd71136068388005f4683956eb52516ef4bd
trust_game_reward/082804_claude-opus-4-6-three/data/agent_histories/Agent_18_game3.json,45344,1994d20259cf7c1e926d5540a0922681d2f1939776b7f72488cdcf8de254ef7b
trust_game_reward/082804_claude-opus-4-6-three/data/agent_histories/Agent_19_game1.json,45086,7392551dd04b1e9a9491b5a1c32a6800b09c37de886061fc89cc8b8e333e0f65
trust_game_reward/082804_claude-opus-4-6-three/data/agent_histories/Agent_19_game2.json,45766,328cc4a5b38fbd6e770d566ee4eb1bd6374af0f03939b7412f0474c00722bbe8
trust_game_reward/082804_claude-opus-4-6-three/data/agent_histories/Agent_19_game3.json,45812,88ad64e38f2f1a087b053715268d16d9af0cbd4d344332e7fe460a87408806df
trust_game_reward/082804_claude-opus-4-6-three/data/agent_histories/Agent_1_game1.json,43962,746fb59926d48bc5526572c2574e90508cae664f2c71af0b33c316c7e36a8b9c
trust_game_reward/082804_claude-opus-4-6-three/data/agent_histories/Agent_1_game2.json,45473,8680a63dc40b9d01190ae29bd5b859f720fe77d3a8463d5251f90b7d5b7a7445
trust_game_reward/082804_claude-opus-4-6-three/data/agent_histories/Agent_1_game3.json,48502,ec1b40623c488f51b665a7814fa045361181c46aa6d895b697b5e40f5a621114
trust_game_reward/082804_claude-opus-4-6-three/data/agent_histories/Agent_20_game1.json,46905,9d3780a78d045a0b5a36c0c66d915f3a1e73478b4673df90a8cf172db70fc09c
trust_game_reward/082804_claude-opus-4-6-three/data/agent_histories/Agent_20_game2.json,43297,401251d703cebf5c361d44c32e6617e3acd10f9d627d13743f631dd923167dc8
trust_game_reward/082804_claude-opus-4-6-three/data/agent_histories/Agent_20_game3.json,45053,a8c89a5c75ae773d4c36eee9660a9c071a1319ebfa498e0b5d3586057a5b1ea7
trust_game_reward/082804_claude-opus-4-6-three/data/agent_histories/Agent_21_game1.json,43028,ef4422352c2ae1dd40a3492bd49a51447272fc7ec902e973cf812b37c995330e
trust_game_reward/082804_claude-opus-4-6-three/data/agent_histories/Agent_21_game2.json,47485,3221bd7682580b525a23ed26e60b3e2a6739318148dabab39d82f4156312ec6b
trust_game_reward/082804_claude-opus-4-6-three/data/agent_histories/Agent_21_game3.json,44557,5bf0fac334c85e457540620cc4b5a3c325e3f3124a440c1ca2a1bdd3abfc7eb4
trust_game_reward/082804_claude-opus-4-6-three/data/agent_histories/Agent_22_game1.json,48211,3cfe7b7d065596aedfe37b1f9abb3f4e696097c3c0fee78a15de219726325f71
trust_game_reward/082804_claude-opus-4-6-three/data/agent_histories/Agent_22_game2.json,45504,bbb197ac5a70280df1b2e63fc19e87538ef5caed2f6f50889145ab25f5b1c3c5
trust_game_reward/082804_claude-opus-4-6-three/data/agent_histories/Agent_22_game3.json,45704,9a22bce4818b31f0d8b8a68803347f7d220092fd8fce892c28fd1f1089608016
trust_game_reward/082804_claude-opus-4-6-three/data/agent_histories/Agent_23_game1.json,46244,a4121abf187481c122e00ccf78b2c05fc32eacccdafd556d89136e968a30de75
trust_game_reward/082804_claude-opus-4-6-three/data/agent_histories/Agent_23_game2.json,46303,9ebbcff2ee3ee65e9f818215e0d561d5dbb23e78668fb82424176e98ef979a92
trust_game_reward/082804_claude-opus-4-6-three/data/agent_histories/Agent_23_game3.json,43946,05ae1c91be3e6b5e9f113573fe9d20aa8fdb5bd284d01d7c58987728f50efd99
trust_game_reward/082804_claude-opus-4-6-three/data/agent_histories/Agent_24_game1.json,45808,b34f0880f2bb9e9c2f9698139a8dcbfb08f89791388ba7b4f3440239817d730a
trust_game_reward/082804_claude-opus-4-6-three/data/agent_histories/Agent_24_game2.json,43269,fdee56b0d7c96a463204a99a75815284ca8ed79ecbb48a38537930b9298ec58c
trust_game_reward/082804_claude-opus-4-6-three/data/agent_histories/Agent_24_game3.json,47466,708f3e81acedbacdcdff5600c48ab7ae16bf0117a71b83ba1ab6c887281132e5
trust_game_reward/082804_claude-opus-4-6-three/data/agent_histories/Agent_2_game1.json,47582,852550d6bcff65869f2026ee4901931b6cba6fae7715a6b6ecd378ed58af60a7
trust_game_reward/082804_claude-opus-4-6-three/data/agent_histories/Agent_2_game2.json,47287,bd76d5234309c468010a926d6645061b99090b33623ee88e783fd037e3106485
trust_game_reward/082804_claude-opus-4-6-three/data/agent_histories/Agent_2_game3.json,47503,e66176e9eab933eecb52b1081257d0bf07d662b4200f743431a7ff3e150631f2
trust_game_reward/082804_claude-opus-4-6-three/data/agent_histories/Agent_3_game1.json,44217,6216a4b405e0921b385c983ee053d5807bcab2537f892069d9a3f335a80a74a9
trust_game_reward/082804_claude-opus-4-6-three/data/agent_histories/Agent_3_game2.json,47641,ce3cf568a1989b243e80ceb3ff92f18f40a7bf2af4e97ea5a56aea9afe190df8
trust_game_reward/082804_claude-opus-4-6-three/data/agent_histories/Agent_3_game3.json,48947,ff4420d15ff1be5cbb625fd8d0530f690421f482750565d286afeb4fcfe6e5d8
trust_game_reward/082804_claude-opus-4-6-three/data/agent_histories/Agent_4_game1.json,46797,e856088613cbc4bdac26d0e87bb926671ab20b844e4d6cac2c21d668c939a160
trust_game_reward/082804_claude-opus-4-6-three/data/agent_histories/Agent_4_game2.json,44693,f2d9d7d539cba922aa8fdd951bb187ef864d2c3a5788b8c021daff0e1c2c1743
trust_game_reward/082804_claude-opus-4-6-three/data/agent_histories/Agent_4_game3.json,46019,d52d38c7e6392612c3b53964922947abf0ce36442123258dcb1eccf93f6ddba7
trust_game_reward/082804_claude-opus-4-6-three/data/agent_histories/Agent_5_game1.json,49301,73f0a3691f2d48f4151ec696da07d8be9437a21a267d97166644d6db7b54c74e
trust_game_reward/082804_claude-opus-4-6-three/data/agent_histories/Agent_5_game2.json,47824,10d6b8a08c6d3c3efad2770f3f0772533cdf1e34abac3545b6db2af79e162b6e
trust_game_reward/082804_claude-opus-4-6-three/data/agent_histories/Agent_5_game3.json,46709,94f8de0a031cafc916c0ffcaa222c6bf9c68a432dd827fe16e321c569ce39bbc
trust_game_reward/082804_claude-opus-4-6-three/data/agent_histories/Agent_6_game1.json,47281,f431c3e3ed1074d24fe75334a946b64c7f9cbd8ffaaff041ccf9653bad3350bf
trust_game_reward/082804_claude-opus-4-6-three/data/agent_histories/Agent_6_game2.json,50127,b73a3bd56dcc2065e423b506d34b1457cb7c321a2dc9e1f951014f925b69f87e
trust_game_reward/082804_claude-opus-4-6-three/data/agent_histories/Agent_6_game3.json,46497,9bd2a2592176e8811434d3122359783e3ea77fa06b13ae92a50f5b1e02b082d6
trust_game_reward/082804_claude-opus-4-6-three/data/agent_histories/Agent_7_game1.json,48215,d1e22c8357b37a399531783ce902ef516654a935267e02e7a23e5a79d5c12197
trust_game_reward/082804_claude-opus-4-6-three/data/agent_histories/Agent_7_game2.json,47563,6b8efa5c896822a255102f7906d122531295194eef9f85533b25963e32c52ea8
trust_game_reward/082804_claude-opus-4-6-three/data/agent_histories/Agent_7_game3.json,45199,237dae79505c98a4096aa56048646d6fb156f9ef86df312442c800a0c5168ef0
trust_game_reward/082804_claude-opus-4-6-three/data/agent_histories/Agent_8_game1.json,44133,d4b8d0eaaec2b40e85ac77cc1ca689c780e5f2952fccd3c339b4d57bec3177b6
trust_game_reward/082804_claude-opus-4-6-three/data/agent_histories/Agent_8_game2.json,47171,97424e807961cef15ea0da4c8262d11c698600baee154587773e8860d8674742
trust_game_reward/082804_claude-opus-4-6-three/data/agent_histories/Agent_8_game3.json,46182,30f807881ade4cb9d5fb632d43e1f6b14fd6ade415d44e32852f73ed0cc98393
trust_game_reward/082804_claude-opus-4-6-three/data/agent_histories/Agent_9_game1.json,47814,44e4c5675434d9396cbeec13095ef9c44a4a54e90a96da2f2b78227a452b9c27
trust_game_reward/082804_claude-opus-4-6-three/data/agent_histories/Agent_9_game2.json,45120,766191d5d1f2bc2bbb3a498fa22d92e0abb2d38bd331dd3949a77c776dc33785
trust_game_reward/082804_claude-opus-4-6-three/data/agent_histories/Agent_9_game3.json,45944,27a97008188d01204ad21be4e60b62f3ee5a780ed3cfb280da4bd6b0f49bab0e
trust_game_reward/082804_claude-opus-4-6-three/data/experiment_stats.json,2118589,f9564eb4a88213718baa9b4dcd6f00eba7ccc0182186cb646c39156480d3b70d
trust_game_reward/082804_claude-opus-4-6-three/data/game_log1.json,591963,76f8300041fad53f65de1053e768496fdbba7955d323782b57f2ea44c6895d39
trust_game_reward/082804_claude-opus-4-6-three/data/game_log2.json,593767,5341599bbb1bc9f65cca0be94dc4eb6a326faa87972762e919e15157797068dc
trust_game_reward/082804_claude-opus-4-6-three/data/game_log3.json,589352,c083a413daaab67a261a4f96725749041129f5f2d961c8946bc0d523948021ac
trust_game_reward/082804_claude-opus-4-6-three/data/summary_stats.json,26085,7432c2f872480e263847e6dbbc29a63b34c5731aa025eea0499671f4db1a7748
trust_game_reward/082804_claude-opus-4-6-three/experiment_config.json,699,b2317c579bdecc0765b097ac6690367c56ff07e91b6a41b59fe83f9e1a08cf0c
trust_game_reward/082805_gemini-3.1-pro-preview-three/data/agent_histories/Agent_10_game1.json,39394,1fda9bdce691975e1183691fc9a8c239295b8589f951002596f2066d7a33d172
trust_game_reward/082805_gemini-3.1-pro-preview-three/data/agent_histories/Agent_10_game2.json,38917,96d9bf5b459d1f805f15fb989e9cc12942d78cd6ab059d092a037759c80319ff
trust_game_reward/082805_gemini-3.1-pro-preview-three/data/agent_histories/Agent_10_game3.json,40043,6eb21d76c26c54e286cd264ce963e72935fd9d6771f5fd3828ee810436593827
trust_game_reward/082805_gemini-3.1-pro-preview-three/data/agent_histories/Agent_11_game1.json,36777,2a4b6f279b721457e042bcf6aa88a5185a9b56986e6bbd5c3c4cac89b1915771
trust_game_reward/082805_gemini-3.1-pro-preview-three/data/agent_histories/Agent_11_game2.json,39059,af3b5571dcc33cf9ac20d2997d3b872ae06e2f9f546aae321f84c1ed0f2b96cd
trust_game_reward/082805_gemini-3.1-pro-preview-three/data/agent_histories/Agent_11_game3.json,37390,e9bc0a269c3f60d777cf85ba576e80a2fe1c545cb254929e9a49dd3df364dce1
trust_game_reward/082805_gemini-3.1-pro-preview-three/data/agent_histories/Agent_12_game1.json,36736,f7b00939b8102d29fda44eecfa1b0449e76c01ba6b7a0a7e6ca6f63f86f886f2
trust_game_reward/082805_gemini-3.1-pro-preview-three/data/agent_histories/Agent_12_game2.json,41153,901f9f4acaa91df97c543071938e2ee7295a4c7e1d761d85eae9d3f69971822d
trust_game_reward/082805_gemini-3.1-pro-preview-three/data/agent_histories/Agent_12_game3.json,38032,fead9b6351d97e76e3a5f52f1f2476efed10e6efad32ed84aafcc1ee75bb1f44
trust_game_reward/082805_gemini-3.1-pro-preview-three/data/agent_histories/Agent_13_game1.json,39998,913df02b4d4d0e2aeff44e11c069e71de4602e6ce3e5b23bd03fb58afdd4c25e
trust_game_reward/082805_gemini-3.1-pro-preview-three/data/agent_histories/Agent_13_game2.json,36548,23b3e370b2eeeba55d09b88d491e6ed16a8178a123ec92b5a0ed35b04e72c3c6
trust_game_reward/082805_gemini-3.1-pro-preview-three/data/agent_histories/Agent_13_game3.json,41422,d4d78fbd9d31828183cf2ae4b126ba0b4d98e3a7d12a7986e8dc8515f774fdad
trust_game_reward/082805_gemini-3.1-pro-preview-three/data/agent_histories/Agent_14_game1.json,37955,f77e4604f011b01114c70e2f0d144d78145f2fef4bf66a9adf79feeccca2c15c
trust_game_reward/082805_gemini-3.1-pro-preview-three/data/agent_histories/Agent_14_game2.json,38763,88d83ab4fd932e6b17e7aa7ccc8dda2e4e8b695b7cc669718eedb4bfd427098c
trust_game_reward/082805_gemini-3.1-pro-preview-three/data/agent_histories/Agent_14_game3.json,37288,b61fa1b3111f84332a26ac2e75c5f8a8c72389a87c25508612f46d66b39e6c08
trust_game_reward/082805_gemini-3.1-pro-preview-three/data/agent_histories/Agent_15_game1.json,40868,1682d241a1d9aa750fd4da51066a91b8cf830a2bfe950a4891bb1c1a5908320e
trust_game_reward/082805_gemini-3.1-pro-preview-three/data/agent_histories/Agent_15_game2.json,37366,fada1315e8060e4bd92e322905b01b4e9d5679690f8b8f6a5085767421efce77
trust_game_reward/082805_gemini-3.1-pro-preview-three/data/agent_histories/Agent_15_game3.json,37012,9e3e20934ca97e513dfa4c41b58bd9997d10d7ba793180efad67ef05ec9a6488
trust_game_reward/082805_gemini-3.1-pro-preview-three/data/agent_histories/Agent_16_game1.json,40861,de917fff3999d72f68e76708dd9c03fd42b6aef8bf78e72e92be639f2841aa96
trust_game_reward/082805_gemini-3.1-pro-preview-three/data/agent_histories/Agent_16_game2.json,37531,8181bf5ca900d58d1981d72135912d8e9868acf1a0318e9d16280bbc413935d0
trust_game_reward/082805_gemini-3.1-pro-preview-three/data/agent_histories/Agent_16_game3.json,39904,f6997f6c070f774ada11af77b96e349d47ea497c0a3c631213bec2d123a13dd9
trust_game_reward/082805_gemini-3.1-pro-preview-three/data/agent_histories/Agent_17_game1.json,38072,010800a699e1a3d8d047daefbecba81c396316bde1a27d2ecf680d46618eb4a5
trust_game_reward/082805_gemini-3.1-pro-preview-three/data/agent_histories/Agent_17_game2.json,37766,76e643afde0c35e7052919e3219c56381ebde3f931ed4b80939e5a17ecceebde
trust_game_reward/082805_gemini-3.1-pro-preview-three/data/agent_histories/Agent_17_game3.json,38196,20c30d58350c8a2a6bf4111251d33d72c09888d2f21ec158fb2a4063c399563a
trust_game_reward/082805_gemini-3.1-pro-preview-three/data/agent_histories/Agent_18_game1.json,36522,e9cdc79ec6074c3c8e586c107ffeec2c8ad10e60c26096049dc47914101575dd
trust_game_reward/082805_gemini-3.1-pro-preview-three/data/agent_histories/Agent_18_game2.json,38117,e18f4ff55c276ebf1cd439c9df720dd540df7ad334d0c66ee5ac20706ff54188
trust_game_reward/082805_gemini-3.1-pro-preview-three/data/agent_histories/Agent_18_game3.json,37862,144af573a8113f91cf6d62929f62d0a94271081fc792556c93711f14cf51645c
trust_game_reward/082805_gemini-3.1-pro-preview-three/data/agent_histories/Agent_19_game1.json,37737,bca47f8b17cdb8170176dec55c5ceba1dde4bde3f947109c7f56d643fa95b477
trust_game_reward/082805_gemini-3.1-pro-preview-three/data/agent_histories/Agent_19_game2.json,37949,d314af9fcfeffd74fb6aa79bcc0b3bd5fd521c506b1b83430cb01c5f61026b2a
trust_game_reward/082805_gemini-3.1-pro-preview-three/data/agent_histories/Agent_19_game3.json,38512,dbb98b0ebf59101fd1676bda523430121d21102a71e8f576b9970807f9f63e3f
trust_game_reward/082805_gemini-3.1-pro-preview-three/data/agent_histories/Agent_1_game1.json,36930,47eeac4229aa343ad8a9dc1c8e834dbb51b18eaee01aa0275080300ee0ecf12c
trust_game_reward/082805_gemini-3.1-pro-preview-three/data/agent_histories/Agent_1_game2.json,38491,1c7fd8c233db53b5dd750a3fe87263e92b5c68c9b96ff0ee323fc2fbb08009cd
trust_game_reward/082805_gemini-3.1-pro-preview-three/data/agent_histories/Agent_1_game3.json,41367,530cdf36230ae06471081495b5696c41fa46a16a702fb7b880b58e2a9e9cf0c0
trust_game_reward/082805_gemini-3.1-pro-preview-three/data/agent_histories/Agent_20_game1.json,40507,9b2528a87270e435a6aaa7c31055355bab6ad00c53e378f73fd57b509abf9b86
trust_game_reward/082805_gemini-3.1-pro-preview-three/data/agent_histories/Agent_20_game2.json,35746,e00f284342192ed77e8d119f3e4226bf9b826142d32e729155fad981a6bbc7ee
trust_game_reward/082805_gemini-3.1-pro-preview-three/data/agent_histories/Agent_20_game3.json,37763,58b804f2a270a1446f8cf17f6f2b169b3d0f77ae26f9b37744f74570f0b38dc3
trust_game_reward/082805_gemini-3.1-pro-preview-three/data/agent_histories/Agent_21_game1.json,35913,2bfe9af2627a2e39e0ae9dbaded6c9c2e29740969c33b17c51a47f72085ba6e5
trust_game_reward/082805_gemini-3.1-pro-preview-three/data/agent_histories/Agent_21_game2.json,40951,ff87cfeca714ba08cb1a81a97f0936327c1fb9b2053c53c4a7d40278c4d6aa6d
trust_game_reward/082805_gemini-3.1-pro-preview-three/data/agent_histories/Agent_21_game3.json,37148,9e81856f916b9c5420698b23cfb94780ccec53ccfed29fe4f3b1ed7d4e375ad3
trust_game_reward/082805_gemini-3.1-pro-preview-three/data/agent_histories/Agent_22_game1.json,41361,4ad406711a282f73bf47c44f325c8569821b43ca133cb8ec59a1e136b6883c9f
trust_game_reward/082805_gemini-3.1-pro-preview-three/data/agent_histories/Agent_22_game2.json,38128,ad20aaac865a87659c8281770d642fd93ac8ae1e7b430d4688eeca207507987e
trust_game_reward/082805_gemini-3.1-pro-preview-three/data/agent_histories/Agent_22_game3.json,38440,c4ef4e4385e2360387caa4277394720686eb7fea932335f986fc7fc63ccf2f49
trust_game_reward/082805_gemini-3.1-pro-preview-three/data/agent_histories/Agent_23_game1.json,39157,62d23acfbc25999b49f27c21b45974c049f52a6b50fcf6c58a79103ebde635a9
trust_game_reward/082805_gemini-3.1-pro-preview-three/data/agent_histories/Agent_23_game2.json,38965,3c80ff0fd73c6f54f78151911620ecf75d9df78f43dcf69bbf6ec208f8d2cea5
trust_game_reward/082805_gemini-3.1-pro-preview-three/data/agent_histories/Agent_23_game3.json,36460,7233136b7c1ab37819e93a76890d1690d52767866359c31b71dc90b4baf762be
trust_game_reward/082805_gemini-3.1-pro-preview-three/data/agent_histories/Agent_24_game1.json,37839,d476f46d7e61a551339ccd7f993c5aadb5509c0163e8312c360c673f59682e87
trust_game_reward/082805_gemini-3.1-pro-preview-three/data/agent_histories/Agent_24_game2.json,36299,322d37886d58f23e5b4e16ee75c13a21fee40c9e6f9580c36c780e75d97e47b4
trust_game_reward/082805_gemini-3.1-pro-preview-three/data/agent_histories/Agent_24_game3.json,40768,06617808aacf3c23de7fd6eb3127c5582e44127d93c0a6a8f030b32575bda74a
trust_game_reward/082805_gemini-3.1-pro-preview-three/data/agent_histories/Agent_2_game1.json,39736,b70e42d2f70d7f8a86ace313dbff023863ab70f057110e7d7d9749f37037d08b
trust_game_reward/082805_gemini-3.1-pro-preview-three/data/agent_histories/Agent_2_game2.json,39957,37bd887f3b304a0ded45dff49e43b0a0891508d5343d09f47c594666cac82477
trust_game_reward/082805_gemini-3.1-pro-preview-three/data/agent_histories/Agent_2_game3.json,39926,17a5067a80785adfbb3902df66aecd6d1470fc3c33cdbc23e3797a445534b038
trust_game_reward/082805_gemini-3.1-pro-preview-three/data/agent_histories/Agent_3_game1.json,36651,fad02dfe7cb1a73ddb59325aea5ef8165dee54f4a01fef70cca85bc7f0946ed2
trust_game_reward/082805_gemini-3.1-pro-preview-three/data/agent_histories/Agent_3_game2.json,39887,56152338d787cabcbff072ebb3c6d96e40bad71ab6d65adf96b078eb31ff5ebd
trust_game_reward/082805_gemini-3.1-pro-preview-three/data/agent_histories/Agent_3_game3.json,41891,668ca8107bc008e9c9102e3cec3d1ee94b272e3a29482dc5514c0d074336823b
trust_game_reward/082805_gemini-3.1-pro-preview-three/data/agent_histories/Agent_4_game1.json,39338,3a73b71d71ad7ce374679610f258672e5c95bafd0d39a8b521bba8e186634db4
trust_game_reward/082805_gemini-3.1-pro-preview-three/data/agent_histories/Agent_4_game2.json,37296,d518cd9794b1be3d6e7d4b354335667e1594b485501f0a9390c0259e6b53367a
trust_game_reward/082805_gemini-3.1-pro-preview-three/data/agent_histories/Agent_4_game3.json,38116,f3d590ea1f29baf7433beac5479bb11b4aa0f32fedb78b8ff0aa6466ddf5c50f
trust_game_reward/082805_gemini-3.1-pro-preview-three/data/agent_histories/Agent_5_game1.json,42254,69a331ddc31c816db7ffd405e9148fce83ed01bcce504872e1d58f514c551e60
trust_game_reward/082805_gemini-3.1-pro-preview-three/data/agent_histories/Agent_5_game2.json,40022,8a3128e5746a39a6ff85039b0e783cd246caf306e2c0e22a28fc586c5db12854
trust_game_reward/082805_gemini-3.1-pro-preview-three/data/agent_histories/Agent_5_game3.json,39598,c9f7c10b7785a8287ca254540c6aff51279de567356d6881bda48a0108655c4d
trust_game_reward/082805_gemini-3.1-pro-preview-three/data/agent_histories/Agent_6_game1.json,39857,8fa86888a1a2fe30964e9418059f7ebaecc5e254d87795d5411139b305923801
trust_game_reward/082805_gemini-3.1-pro-preview-three/data/agent_histories/Agent_6_game2.json,42723,cf6b8ee8c4be03619576e0fdffc3b97a02748b4d80cfc8f06142f9ee3e09e2c9
trust_game_reward/082805_gemini-3.1-pro-preview-three/data/agent_histories/Agent_6_game3.json,38884,c6d8880585a1013461401499759cc715c0bfcea4e3f2fd3a9e437ddc262772d1
trust_game_reward/082805_gemini-3.1-pro-preview-three/data/agent_histories/Agent_7_game1.json,40085,1ef73cd4173742122a8e248c59e63a10325bde43c4b812d69089279c60e33daa
trust_game_reward/082805_gemini-3.1-pro-preview-three/data/agent_histories/Agent_7_game2.json,40079,5565d1827f3019013e867641c5aafc719e2ee0010783dbe37460023c7501a231
trust_game_reward/082805_gemini-3.1-pro-preview-three/data/agent_histories/Agent_7_game3.json,37776,2f2c9c04100e4ace89d4934648a7bf741590965bc00e0de1845f65c2583a5e3a
trust_game_reward/082805_gemini-3.1-pro-preview-three/data/agent_histories/Agent_8_game1.json,37517,d41d5d5ec6ff12c2dc59db55817458634dd55c2db4728eaa1a9e22df57fbe9f9
trust_game_reward/082805_gemini-3.1-pro-preview-three/data/agent_histories/Agent_8_game2.json,39715,c2ed84b3af23d3b6de29c1f4e6b4676dc794f7f95f218fdbc7de33bc301ed39c
trust_game_reward/082805_gemini-3.1-pro-preview-three/data/agent_histories/Agent_8_game3.json,39817,5789db563bac972b8fcf4b09a7c23d1a8ee76f122eaa54a098730f370a22be24
trust_game_reward/082805_gemini-3.1-pro-preview-three/data/agent_histories/Agent_9_game1.json,40145,8b8a2a9de13f4f4e08a110bd717a5a6c6b1061fe3923b6b3932ca56a58d22ee0
trust_game_reward/082805_gemini-3.1-pro-preview-three/data/agent_histories/Agent_9_game2.json,37924,d6d18c377ebcc6a9bc4ea0a3c0c0e3a5c1dc33a5cd4234a4499e413ed61467de
trust_game_reward/082805_gemini-3.1-pro-preview-three/data/agent_histories/Agent_9_game3.json,38886,8498648324faf3c1752d3e87216066fb87e6e54893a64a19e1eec6c249ad504b
trust_game_reward/082805_gemini-3.1-pro-preview-three/data/experiment_stats.json,1576983,08e228e94858f1af97e6fe01efe508e3948062419ba0660a8514d566cd0188fc
trust_game_reward/082805_gemini-3.1-pro-preview-three/data/game_log1.json,414787,669cb687f9e13192b29f19e11e79ad5da6fea80abcf98b84d8c04fa90a35355d
trust_game_reward/082805_gemini-3.1-pro-preview-three/data/game_log2.json,414981,3421f32498b77efe4ad71410db3bc52cc87065104774ff413c03626031657766
trust_game_reward/082805_gemini-3.1-pro-preview-three/data/game_log3.json,413991,ba61598f0644e69f3afe82cd638ccedf692820e396a02e1d925b19dec490ce94
trust_game_reward/082805_gemini-3.1-pro-preview-three/data/summary_stats.json,25043,08b54ce61355118ac73518bda551f931cc4881847e9472cb0edae088e3be7225
trust_game_reward/082805_gemini-3.1-pro-preview-three/experiment_config.json,699,b2317c579bdecc0765b097ac6690367c56ff07e91b6a41b59fe83f9e1a08cf0c
trust_game_reward/082806_gpt-5.4-three/data/agent_histories/Agent_10_game1.json,36658,b8ab6198a9733f2fe0bef9ccdf47db661abb600eac254fc3b7ab8646de0c5c86
trust_game_reward/082806_gpt-5.4-three/data/agent_histories/Agent_10_game2.json,36370,68efa67fe96018bdd9ff7d8f87a563b80739287dbf4fb6992cd0e061325589d9
trust_game_reward/082806_gpt-5.4-three/data/agent_histories/Agent_10_game3.json,37031,2acd9a5ecf55f9c7f1cdcf3d2daef79a2fb9b4146338b807bc2be3454112c6d8
trust_game_reward/082806_gpt-5.4-three/data/agent_histories/Agent_11_game1.json,34817,28defc8c8c801c710440ace00d2530e57d0c50d04d1524e1f04820128479e27a
trust_game_reward/082806_gpt-5.4-three/data/agent_histories/Agent_11_game2.json,36693,8c59f0c2a0522e1fce1cd5b0a3b9ac71dc427630f3f1dfd2d046dbdce995a454
trust_game_reward/082806_gpt-5.4-three/data/agent_histories/Agent_11_game3.json,35072,47e335e521bdf6affe525061122853411db427d762f139573212a4a713f1c7d8
trust_game_reward/082806_gpt-5.4-three/data/agent_histories/Agent_12_game1.json,34759,78784ac4df03015d1525ee52fbac645f4820995e142fe1b02d4cb7251a6369a0
trust_game_reward/082806_gpt-5.4-three/data/agent_histories/Agent_12_game2.json,37652,5a709d5cac278e8ab25b98e611e8f76b0c609f3e0e50fade22a960b59ea7c10a
trust_game_reward/082806_gpt-5.4-three/data/agent_histories/Agent_12_game3.json,35764,fd33440b7ad003ec42e9cc896a7443451c768a1cb37eba7a11d8f40ffe53b36f
trust_game_reward/082806_gpt-5.4-three/data/agent_histories/Agent_13_game1.json,36706,1e74a5e319270a37dabd7bcf703c8a7757ca974e324eec15424e5897147e7c8d
trust_game_reward/082806_gpt-5.4-three/data/agent_histories/Agent_13_game2.json,34415,671432bbf12bf5d120c3a0482b701497ee08e3f2cbb81bb1b67fccee62d6980e
trust_game_reward/082806_gpt-5.4-three/data/agent_histories/Agent_13_game3.json,38141,7c3da641f35ced971250fffc0477afe956e391cb9c71eca1a456a4b0798a06c6
trust_game_reward/082806_gpt-5.4-three/data/agent_histories/Agent_14_game1.json,35620,2d62cafbc53795bcb9e2a8d8e405188d687543a23adf50c0d8ef262a0e155985
trust_game_reward/082806_gpt-5.4-three/data/agent_histories/Agent_14_game2.json,36289,146cae5c1980e495ea0bdcde7b2b4e181dee05ea6cd3123586c5f3627a36a714
trust_game_reward/082806_gpt-5.4-three/data/agent_histories/Agent_14_game3.json,34495,04fc6d2f8bef9b0a0d8f6ce2afd1c2a5a5eab6bab2cf785d5bd56b9da91ad45c
trust_game_reward/082806_gpt-5.4-three/data/agent_histories/Agent_15_game1.json,37628,c24320d4490f916ce59665d9eb5680f0b6b7cfda7325a368072d0d9736e6f07b
trust_game_reward/082806_gpt-5.4-three/data/agent_histories/Agent_15_game2.json,34721,9aa56a493c40f0b6f1df8fcaf1924c9e3d01d1131cc2962071a996b7b30627a5
trust_game_reward/082806_gpt-5.4-three/data/agent_histories/Agent_15_game3.json,34632,b819b07a77cf0caa54832f668a102ce95ebd1da0dd4fbbeb5825b8d1bab8351c
trust_game_reward/082806_gpt-5.4-three/data/agent_histories/Agent_16_game1.json,37480,a4ad31dec530bbf92642a10aae6bf707b624580a4e862c4633e68cbe677c392f
trust_game_reward/082806_gpt-5.4-three/data/agent_histories/Agent_16_game2.json,35363,d3f3017cf86e3265cf63d69481393c851d1e550e0f5730689d5bdbeac5c93e45
trust_game_reward/082806_gpt-5.4-three/data/agent_histories/Agent_16_game3.json,37278,4f4ab6d88fb8e387a3499b5ac9747fdbc9cd3104be9d5a1ac230bf5d18436047
trust_game_reward/082806_gpt-5.4-three/data/agent_histories/Agent_17_game1.json,35623,c1aed5fb9f4a66d0608cde608c0d01b5a5b08d96c744bf02afc5905a7522d0ae
trust_game_reward/082806_gpt-5.4-three/data/agent_histories/Agent_17_game2.json,35408,3d43e569bf702ef577734a0360907e3f2b6435e80ee8112d3b8dc323c7e957c0
trust_game_reward/082806_gpt-5.4-three/data/agent_histories/Agent_17_game3.json,35917,b1937ddc2a1d302013be1b92e8aec1a2c1975ff5a1c121f2d2038b283ea7bc0b
trust_game_reward/082806_gpt-5.4-three/data/agent_histories/Agent_18_game1.json,34809,35fbec511362e5bedeacf8470988fd13729c2aacca880ce231a10d7722de8602
trust_game_reward/082806_gpt-5.4-three/data/agent_histories/Agent_18_game2.json,35715,f4b3fb6b09ec83eaa43bf098ed62633723787cf56d75823cc62e7c8f677c28fb
trust_game_reward/082806_gpt-5.4-three/data/agent_histories/Agent_18_game3.json,34966,ba37c6d7ed694f9e4a7b864c1fbdd8f1b2a0b3fa4460d9079de8bf57d18bd9d1
trust_game_reward/082806_gpt-5.4-three/data/agent_histories/Agent_19_game1.json,35344,5450565f9fd180c5382c74034fa7fbd151ca61395f5a0a43e4ffa9dcd9acee21
trust_game_reward/082806_gpt-5.4-three/data/agent_histories/Agent_19_game2.json,35599,643b494f6aeff68799ffa0a023cc3e4221b3c2305162050425dfdc8205ab0279
trust_game_reward/082806_gpt-5.4-three/data/agent_histories/Agent_19_game3.json,35895,6eb2a9c8d0aa0342be45f963b32c256c909036271b77a5206e09ff5aef710820
trust_game_reward/082806_gpt-5.4-three/data/agent_histories/Agent_1_game1.json,35306,5cb222224623a2cb787633dd387663ff1bb245da5c6bbdf4d9b84f56921842be
trust_game_reward/082806_gpt-5.4-three/data/agent_histories/Agent_1_game2.json,36487,c7849738b4ec9be4e2e84a12024074211e2b4aacd412f55771cdf86697ffaa3d
trust_game_reward/082806_gpt-5.4-three/data/agent_histories/Agent_1_game3.json,38043,bdea251c4e1c8dda72ff71be82a3fb4b5e22c230f77f5f9826d25b472831f99b
trust_game_reward/082806_gpt-5.4-three/data/agent_histories/Agent_20_game1.json,36993,bfc70c21db51b9174aa2159c08ec0acf9b602d341d1f068171bbe3ab7d59dce1
trust_game_reward/082806_gpt-5.4-three/data/agent_histories/Agent_20_game2.json,34029,b54108567c4d13748b16137962bcc215ffce5ffb77030cb54b198057b6a7de81
trust_game_reward/082806_gpt-5.4-three/data/agent_histories/Agent_20_game3.json,34919,bc5bfcf74a1ad9e7a8a217e25fd92b4faf20de88dc103a460d777e86bcaddfde
trust_game_reward/082806_gpt-5.4-three/data/agent_histories/Agent_21_game1.json,34084,256d7c55d15c96c0cfc0e00e88a8c7470e6933a9d839f50d4ddac147daae236b
trust_game_reward/082806_gpt-5.4-three/data/agent_histories/Agent_21_game2.json,37968,8efd8e87c752b3d291a4c32d6ab5b5c831853e8de89e6debb49af226ed9fb4f7
trust_game_reward/082806_gpt-5.4-three/data/agent_histories/Agent_21_game3.json,35427,35457889ef62b8398e3634cf40f0e470a64ab21be572097caa095c66d622c2cb
trust_game_reward/082806_gpt-5.4-three/data/agent_histories/Agent_22_game1.json,38170,48f735ed3d47861482638a47ffa915b9e5fcbf902735fa945d97e683e302d4d1
trust_game_reward/082806_gpt-5.4-three/data/agent_histories/Agent_22_game2.json,35885,6ec6a41dbc02a887327bba489b1478585ec86173c546db0be0d55c4fa2269228
trust_game_reward/082806_gpt-5.4-three/data/agent_histories/Agent_22_game3.json,35826,efa5c8394bc6138482b9cdc1776191b0a4b5595aa84f6b58f7d716dd30e9f3bd
trust_game_reward/082806_gpt-5.4-three/data/agent_histories/Agent_23_game1.json,36691,80a000228bb2974ab56f8b6928ecbd37a510964fd0c550278059bc3f7559cd62
trust_game_reward/082806_gpt-5.4-three/data/agent_histories/Agent_23_game2.json,36654,a3460da4a256a353c47ebd05708000d3ef9787bc4c881e827da5400892dea5fc
trust_game_reward/082806_gpt-5.4-three/data/agent_histories/Agent_23_game3.json,34349,b62f9a2b09d591d399107199586e08312500250be88aad1f03344e737ad19774
trust_game_reward/082806_gpt-5.4-three/data/agent_histories/Agent_24_game1.json,35420,d2210ac07da24eb3549b9f8dad1dca59d294d77d1e200264497c82b5fdc7df85
trust_game_reward/082806_gpt-5.4-three/data/agent_histories/Agent_24_game2.json,34293,90f32a38885a789ed071de45427d84a2241cbd0824c3f1b92f99ce7f615fd9e1
trust_game_reward/082806_gpt-5.4-three/data/agent_histories/Agent_24_game3.json,37359,ae76a526ddd3f00b48322c7049d98776d93027416e005572910cae9fe9d23565
trust_game_reward/082806_gpt-5.4-three/data/agent_histories/Agent_2_game1.json,37644,020bbb88ee31901fc91f08c0838c751f52124f28e63d3b7ec3142799f38befa1
trust_game_reward/082806_gpt-5.4-three/data/agent_histories/Agent_2_game2.json,37143,7a57b6612331ab4a998e43606547dd54834bbf6c9dca63bc3fefd58d94edf384
trust_game_reward/082806_gpt-5.4-three/data/agent_histories/Agent_2_game3.json,36656,4321e885fb308bb7538f5319b7cf69352ee3fc57b0592de4b825842fd861d77d
trust_game_reward/082806_gpt-5.4-three/data/agent_histories/Agent_3_game1.json,34804,947b165f425434eb5ce032dcc176c530761a88f3bb2218798c44d14e4d487828
trust_game_reward/082806_gpt-5.4-three/data/agent_histories/Agent_3_game2.json,37594,ab6111f83a9a7ee3f6ed18f45f291fc54a33fca25b582645c66c8fcdcb2cc2e4
trust_game_reward/082806_gpt-5.4-three/data/agent_histories/Agent_3_game3.json,38617,13a1eb968d3d59f7a28a20b36775b078740aa1d85688184324a02b283b807e92
trust_game_reward/082806_gpt-5.4-three/data/agent_histories/Agent_4_game1.json,36742,6ba0fdd3004122248663574898e232927a2dcccfb2eeec14d355e337d8356f95
trust_game_reward/082806_gpt-5.4-three/data/agent_histories/Agent_4_game2.json,35766,3b024c073653382c8dd194f29c8c3e21d67d865ece4a7433f672c9add8288b74
trust_game_reward/082806_gpt-5.4-three/data/agent_histories/Agent_4_game3.json,35715,9c003bb13302277eb03c7528a0b0d391f5471992e63ca0e24d9e43e56bd5526b
trust_game_reward/082806_gpt-5.4-three/data/agent_histories/Agent_5_game1.json,38139,bffcb1359cc455eed8f07f48021043b24424adbd70876fe5b4ad6595d611ee54
trust_game_reward/082806_gpt-5.4-three/data/agent_histories/Agent_5_game2.json,37504,cc6b6ac59f7a74dbc1f14bce10b20dae48331e0b31d67ff369e2721ff89104b9
trust_game_reward/082806_gpt-5.4-three/data/agent_histories/Agent_5_game3.json,36575,c358702267ffd3082f2e89f5d4c32cb0def6fd917925d225a61c751cdbaa3dd5
trust_game_reward/082806_gpt-5.4-three/data/agent_histories/Agent_6_game1.json,37602,799e8cd3d0821ac4bc37df27a3cd83ff9b4556b492336baea2136220859cac54
trust_game_reward/082806_gpt-5.4-three/data/agent_histories/Agent_6_game2.json,39290,bcffb455494e9938f3d5173715ff53a2983dcfa163db5bbadd492d03fe9a0a09
trust_game_reward/082806_gpt-5.4-three/data/agent_histories/Agent_6_game3.json,36330,14f2dd259338e9e350c5eaa927e747f477488c486c9b66c2abbf1e97ae7825a9
trust_game_reward/082806_gpt-5.4-three/data/agent_histories/Agent_7_game1.json,37346,2c3b119587f9c0f2a87504ac9fcf842511a6c727d8d5691c6acc3ab6963ffdff
trust_game_reward/082806_gpt-5.4-three/data/agent_histories/Agent_7_game2.json,36850,db382f750ecf5e0bc65d135cc977d642602fd3e84d9efaf41c68ffc9324871d2
trust_game_reward/082806_gpt-5.4-three/data/agent_histories/Agent_7_game3.json,35291,72d55421066c3ca7287924918731dfd5a8df1b730b31f5a65211254db9ec6123
trust_game_reward/082806_gpt-5.4-three/data/agent_histories/Agent_8_game1.json,35082,40dff5c19873bdbd0218a7f6acd5b9cb71f4c6095157e14f1d2f301fad56a50b
trust_game_reward/082806_gpt-5.4-three/data/agent_histories/Agent_8_game2.json,36686,56b703d97b4c83428af6117577465b0697e225b1da8bc21267c399a29cf7d27f
trust_game_reward/082806_gpt-5.4-three/data/agent_histories/Agent_8_game3.json,36618,87c15b632e7af2f3d1cdc10212a3efcb1fbd432c42677604392b795bd69034cd
trust_game_reward/082806_gpt-5.4-three/data/agent_histories/Agent_9_game1.json,37141,f25419a336fe20a06b061498d125b002bbbfa0d35645403393e3ff9136d61ef0
trust_game_reward/082806_gpt-5.4-three/data/agent_histories/Agent_9_game2.json,35374,89d880e1464bf2de98a7d61b1a5e3614acfe693d3d26d063ec9a970816eb0174
trust_game_reward/082806_gpt-5.4-three/data/agent_histories/Agent_9_game3.json,36635,b92b8631fd6fcfd03f05ec4d5988904009c8a2397b4aead625667ccf72dc922d
trust_game_reward/082806_gpt-5.4-three/data/experiment_stats.json,1409595,f0cb7801d655651fa8606ff9ff54002166cbe5c79c2fb1436938a95329532552
trust_game_reward/082806_gpt-5.4-three/data/game_log1.json,357095,b3cdc3bafaebbb39ee6edc1ca7fcc1c772d03067b0cf3c5174e6207d5c9e82b6
trust_game_reward/082806_gpt-5.4-three/data/game_log2.json,359324,2e1d7295150aa784ef25725ca1b7788cfa69476103a60b392e2d4fe741a5162d
trust_game_reward/082806_gpt-5.4-three/data/game_log3.json,352961,058236c16b19405efee997d811d29778cd384edf86bb8ed910ad93f59f60033d
trust_game_reward/082806_gpt-5.4-three/data/summary_stats.json,26120,6855367247c7fe88dbee4f5a050120aeeac192492a763c07950c86e5f9a9c6ba
trust_game_reward/082806_gpt-5.4-three/experiment_config.json,699,b2317c579bdecc0765b097ac6690367c56ff07e91b6a41b59fe83f9e1a08cf0c
