model,game,run,source_file,round,outcome,value_pct,n_observations,observed_value_pct,value_origin,estimate_source_rounds,observed_n_observations
Llama 3 8B,PD,game_log1,RQ1_old_result/result_prisoners_dilemma_group/10轮_3次_012404_llama3-8b/data/game_log1.json,1,cooperation,12.5,24,12.5,observed,,24
Llama 3 8B,PD,game_log1,RQ1_old_result/result_prisoners_dilemma_group/10轮_3次_012404_llama3-8b/data/game_log1.json,2,cooperation,0.0,24,0.0,observed,,24
Llama 3 8B,PD,game_log1,RQ1_old_result/result_prisoners_dilemma_group/10轮_3次_012404_llama3-8b/data/game_log1.json,3,cooperation,4.166666666666666,24,4.166666666666666,observed,,24
Llama 3 8B,PD,game_log1,RQ1_old_result/result_prisoners_dilemma_group/10轮_3次_012404_llama3-8b/data/game_log1.json,4,cooperation,0.0,24,0.0,observed,,24
Llama 3 8B,PD,game_log1,RQ1_old_result/result_prisoners_dilemma_group/10轮_3次_012404_llama3-8b/data/game_log1.json,5,cooperation,8.333333333333332,24,8.333333333333332,observed,,24
Llama 3 8B,PD,game_log1,RQ1_old_result/result_prisoners_dilemma_group/10轮_3次_012404_llama3-8b/data/game_log1.json,6,cooperation,0.0,24,0.0,observed,,24
Llama 3 8B,PD,game_log1,RQ1_old_result/result_prisoners_dilemma_group/10轮_3次_012404_llama3-8b/data/game_log1.json,7,cooperation,4.166666666666666,24,4.166666666666666,observed,,24
Llama 3 8B,PD,game_log1,RQ1_old_result/result_prisoners_dilemma_group/10轮_3次_012404_llama3-8b/data/game_log1.json,8,cooperation,0.0,24,0.0,observed,,24
Llama 3 8B,PD,game_log1,RQ1_old_result/result_prisoners_dilemma_group/10轮_3次_012404_llama3-8b/data/game_log1.json,9,cooperation,0.0,24,0.0,observed,,24
Llama 3 8B,PD,game_log1,RQ1_old_result/result_prisoners_dilemma_group/10轮_3次_012404_llama3-8b/data/game_log1.json,10,cooperation,0.0,24,0.0,observed,,24
Llama 3 8B,PD,game_log2,RQ1_old_result/result_prisoners_dilemma_group/10轮_3次_012404_llama3-8b/data/game_log2.json,1,cooperation,8.333333333333332,24,8.333333333333332,observed,,24
Llama 3 8B,PD,game_log2,RQ1_old_result/result_prisoners_dilemma_group/10轮_3次_012404_llama3-8b/data/game_log2.json,2,cooperation,0.0,24,0.0,observed,,24
Llama 3 8B,PD,game_log2,RQ1_old_result/result_prisoners_dilemma_group/10轮_3次_012404_llama3-8b/data/game_log2.json,3,cooperation,0.0,24,0.0,observed,,24
Llama 3 8B,PD,game_log2,RQ1_old_result/result_prisoners_dilemma_group/10轮_3次_012404_llama3-8b/data/game_log2.json,4,cooperation,0.0,24,0.0,observed,,24
Llama 3 8B,PD,game_log2,RQ1_old_result/result_prisoners_dilemma_group/10轮_3次_012404_llama3-8b/data/game_log2.json,5,cooperation,0.0,24,0.0,observed,,24
Llama 3 8B,PD,game_log2,RQ1_old_result/result_prisoners_dilemma_group/10轮_3次_012404_llama3-8b/data/game_log2.json,6,cooperation,0.0,24,0.0,observed,,24
Llama 3 8B,PD,game_log2,RQ1_old_result/result_prisoners_dilemma_group/10轮_3次_012404_llama3-8b/data/game_log2.json,7,cooperation,0.0,24,0.0,observed,,24
Llama 3 8B,PD,game_log2,RQ1_old_result/result_prisoners_dilemma_group/10轮_3次_012404_llama3-8b/data/game_log2.json,8,cooperation,0.0,24,0.0,observed,,24
Llama 3 8B,PD,game_log2,RQ1_old_result/result_prisoners_dilemma_group/10轮_3次_012404_llama3-8b/data/game_log2.json,9,cooperation,0.0,24,0.0,observed,,24
Llama 3 8B,PD,game_log2,RQ1_old_result/result_prisoners_dilemma_group/10轮_3次_012404_llama3-8b/data/game_log2.json,10,cooperation,0.0,24,0.0,observed,,24
Llama 3 8B,PD,game_log3,RQ1_old_result/result_prisoners_dilemma_group/10轮_3次_012404_llama3-8b/data/game_log3.json,1,cooperation,16.666666666666664,24,16.666666666666664,observed,,24
Llama 3 8B,PD,game_log3,RQ1_old_result/result_prisoners_dilemma_group/10轮_3次_012404_llama3-8b/data/game_log3.json,2,cooperation,12.5,24,12.5,observed,,24
Llama 3 8B,PD,game_log3,RQ1_old_result/result_prisoners_dilemma_group/10轮_3次_012404_llama3-8b/data/game_log3.json,3,cooperation,0.0,24,0.0,observed,,24
Llama 3 8B,PD,game_log3,RQ1_old_result/result_prisoners_dilemma_group/10轮_3次_012404_llama3-8b/data/game_log3.json,4,cooperation,0.0,24,0.0,observed,,24
Llama 3 8B,PD,game_log3,RQ1_old_result/result_prisoners_dilemma_group/10轮_3次_012404_llama3-8b/data/game_log3.json,5,cooperation,0.0,24,0.0,observed,,24
Llama 3 8B,PD,game_log3,RQ1_old_result/result_prisoners_dilemma_group/10轮_3次_012404_llama3-8b/data/game_log3.json,6,cooperation,0.0,24,0.0,observed,,24
Llama 3 8B,PD,game_log3,RQ1_old_result/result_prisoners_dilemma_group/10轮_3次_012404_llama3-8b/data/game_log3.json,7,cooperation,0.0,24,0.0,observed,,24
Llama 3 8B,PD,game_log3,RQ1_old_result/result_prisoners_dilemma_group/10轮_3次_012404_llama3-8b/data/game_log3.json,8,cooperation,0.0,24,0.0,observed,,24
Llama 3 8B,PD,game_log3,RQ1_old_result/result_prisoners_dilemma_group/10轮_3次_012404_llama3-8b/data/game_log3.json,9,cooperation,0.0,24,0.0,observed,,24
Llama 3 8B,PD,game_log3,RQ1_old_result/result_prisoners_dilemma_group/10轮_3次_012404_llama3-8b/data/game_log3.json,10,cooperation,0.0,24,0.0,observed,,24
Llama 3 8B,PGG,game_logs1,RQ1_old_result/result_public_goods_group/llama3-8b-three/game_logs1.json,1,contribution,42.70833333333333,24,42.70833333333333,observed,,24
Llama 3 8B,PGG,game_logs1,RQ1_old_result/result_public_goods_group/llama3-8b-three/game_logs1.json,2,contribution,49.375,24,49.375,observed,,24
Llama 3 8B,PGG,game_logs1,RQ1_old_result/result_public_goods_group/llama3-8b-three/game_logs1.json,3,contribution,53.333333333333336,24,53.333333333333336,observed,,24
Llama 3 8B,PGG,game_logs1,RQ1_old_result/result_public_goods_group/llama3-8b-three/game_logs1.json,4,contribution,69.79166666666666,24,69.79166666666666,observed,,24
Llama 3 8B,PGG,game_logs1,RQ1_old_result/result_public_goods_group/llama3-8b-three/game_logs1.json,5,contribution,65.20833333333333,24,65.20833333333333,observed,,24
Llama 3 8B,PGG,game_logs1,RQ1_old_result/result_public_goods_group/llama3-8b-three/game_logs1.json,6,contribution,63.95833333333333,24,63.95833333333333,observed,,24
Llama 3 8B,PGG,game_logs1,RQ1_old_result/result_public_goods_group/llama3-8b-three/game_logs1.json,7,contribution,56.458333333333336,24,56.458333333333336,observed,,24
Llama 3 8B,PGG,game_logs1,RQ1_old_result/result_public_goods_group/llama3-8b-three/game_logs1.json,8,contribution,51.66666666666667,24,51.66666666666667,observed,,24
Llama 3 8B,PGG,game_logs1,RQ1_old_result/result_public_goods_group/llama3-8b-three/game_logs1.json,9,contribution,55.625,24,55.625,observed,,24
Llama 3 8B,PGG,game_logs1,RQ1_old_result/result_public_goods_group/llama3-8b-three/game_logs1.json,10,contribution,58.75,24,58.75,observed,,24
Llama 3 8B,PGG,game_logs1,RQ1_old_result/result_public_goods_group/llama3-8b-three/game_logs1.json,11,contribution,54.166666666666664,24,54.166666666666664,observed,,24
Llama 3 8B,PGG,game_logs1,RQ1_old_result/result_public_goods_group/llama3-8b-three/game_logs1.json,12,contribution,53.75,24,53.75,observed,,24
Llama 3 8B,PGG,game_logs1,RQ1_old_result/result_public_goods_group/llama3-8b-three/game_logs1.json,13,contribution,47.70833333333333,24,47.70833333333333,observed,,24
Llama 3 8B,PGG,game_logs1,RQ1_old_result/result_public_goods_group/llama3-8b-three/game_logs1.json,14,contribution,62.91666666666668,24,62.91666666666668,observed,,24
Llama 3 8B,PGG,game_logs1,RQ1_old_result/result_public_goods_group/llama3-8b-three/game_logs1.json,15,contribution,47.29166666666667,24,47.29166666666667,observed,,24
Llama 3 8B,PGG,game_logs1,RQ1_old_result/result_public_goods_group/llama3-8b-three/game_logs1.json,16,contribution,50.0,24,50.0,observed,,24
Llama 3 8B,PGG,game_logs1,RQ1_old_result/result_public_goods_group/llama3-8b-three/game_logs1.json,17,contribution,53.333333333333336,24,53.333333333333336,observed,,24
Llama 3 8B,PGG,game_logs1,RQ1_old_result/result_public_goods_group/llama3-8b-three/game_logs1.json,18,contribution,53.541666666666664,24,53.541666666666664,observed,,24
Llama 3 8B,PGG,game_logs1,RQ1_old_result/result_public_goods_group/llama3-8b-three/game_logs1.json,19,contribution,51.041666666666664,24,51.041666666666664,observed,,24
Llama 3 8B,PGG,game_logs1,RQ1_old_result/result_public_goods_group/llama3-8b-three/game_logs1.json,20,contribution,56.458333333333336,24,56.458333333333336,observed,,24
Llama 3 8B,PGG,game_logs1,RQ1_old_result/result_public_goods_group/llama3-8b-three/game_logs1.json,21,contribution,60.83333333333333,24,60.83333333333333,observed,,24
Llama 3 8B,PGG,game_logs1,RQ1_old_result/result_public_goods_group/llama3-8b-three/game_logs1.json,22,contribution,64.79166666666667,24,64.79166666666667,observed,,24
Llama 3 8B,PGG,game_logs1,RQ1_old_result/result_public_goods_group/llama3-8b-three/game_logs1.json,23,contribution,57.08333333333334,24,57.08333333333334,observed,,24
Llama 3 8B,PGG,game_logs1,RQ1_old_result/result_public_goods_group/llama3-8b-three/game_logs1.json,24,contribution,63.75000000000001,24,63.75000000000001,observed,,24
Llama 3 8B,PGG,game_logs1,RQ1_old_result/result_public_goods_group/llama3-8b-three/game_logs1.json,25,contribution,61.875,24,61.875,observed,,24
Llama 3 8B,PGG,game_logs1,RQ1_old_result/result_public_goods_group/llama3-8b-three/game_logs1.json,26,contribution,55.00000000000001,24,55.00000000000001,observed,,24
Llama 3 8B,PGG,game_logs1,RQ1_old_result/result_public_goods_group/llama3-8b-three/game_logs1.json,27,contribution,57.70833333333333,24,57.70833333333333,observed,,24
Llama 3 8B,PGG,game_logs1,RQ1_old_result/result_public_goods_group/llama3-8b-three/game_logs1.json,28,contribution,47.70833333333333,24,47.70833333333333,observed,,24
Llama 3 8B,PGG,game_logs1,RQ1_old_result/result_public_goods_group/llama3-8b-three/game_logs1.json,29,contribution,60.83333333333333,24,60.83333333333333,observed,,24
Llama 3 8B,PGG,game_logs1,RQ1_old_result/result_public_goods_group/llama3-8b-three/game_logs1.json,30,contribution,60.416666666666664,24,60.416666666666664,observed,,24
Llama 3 8B,PGG,game_logs2,RQ1_old_result/result_public_goods_group/llama3-8b-three/game_logs2.json,1,contribution,46.875,24,46.875,observed,,24
Llama 3 8B,PGG,game_logs2,RQ1_old_result/result_public_goods_group/llama3-8b-three/game_logs2.json,2,contribution,51.66666666666667,24,51.66666666666667,observed,,24
Llama 3 8B,PGG,game_logs2,RQ1_old_result/result_public_goods_group/llama3-8b-three/game_logs2.json,3,contribution,62.083333333333336,24,62.083333333333336,observed,,24
Llama 3 8B,PGG,game_logs2,RQ1_old_result/result_public_goods_group/llama3-8b-three/game_logs2.json,4,contribution,62.708333333333336,24,62.708333333333336,observed,,24
Llama 3 8B,PGG,game_logs2,RQ1_old_result/result_public_goods_group/llama3-8b-three/game_logs2.json,5,contribution,56.666666666666664,24,56.666666666666664,observed,,24
Llama 3 8B,PGG,game_logs2,RQ1_old_result/result_public_goods_group/llama3-8b-three/game_logs2.json,6,contribution,63.541666666666664,24,63.541666666666664,observed,,24
Llama 3 8B,PGG,game_logs2,RQ1_old_result/result_public_goods_group/llama3-8b-three/game_logs2.json,7,contribution,64.16666666666667,24,64.16666666666667,observed,,24
Llama 3 8B,PGG,game_logs2,RQ1_old_result/result_public_goods_group/llama3-8b-three/game_logs2.json,8,contribution,61.458333333333336,24,61.458333333333336,observed,,24
Llama 3 8B,PGG,game_logs2,RQ1_old_result/result_public_goods_group/llama3-8b-three/game_logs2.json,9,contribution,68.75,24,68.75,observed,,24
Llama 3 8B,PGG,game_logs2,RQ1_old_result/result_public_goods_group/llama3-8b-three/game_logs2.json,10,contribution,67.91666666666667,24,67.91666666666667,observed,,24
Llama 3 8B,PGG,game_logs2,RQ1_old_result/result_public_goods_group/llama3-8b-three/game_logs2.json,11,contribution,60.83333333333333,24,60.83333333333333,observed,,24
Llama 3 8B,PGG,game_logs2,RQ1_old_result/result_public_goods_group/llama3-8b-three/game_logs2.json,12,contribution,61.24999999999999,24,61.24999999999999,observed,,24
Llama 3 8B,PGG,game_logs2,RQ1_old_result/result_public_goods_group/llama3-8b-three/game_logs2.json,13,contribution,60.0,24,60.0,observed,,24
Llama 3 8B,PGG,game_logs2,RQ1_old_result/result_public_goods_group/llama3-8b-three/game_logs2.json,14,contribution,64.58333333333334,24,64.58333333333334,observed,,24
Llama 3 8B,PGG,game_logs2,RQ1_old_result/result_public_goods_group/llama3-8b-three/game_logs2.json,15,contribution,56.458333333333336,24,56.458333333333336,observed,,24
Llama 3 8B,PGG,game_logs2,RQ1_old_result/result_public_goods_group/llama3-8b-three/game_logs2.json,16,contribution,51.66666666666667,24,51.66666666666667,observed,,24
Llama 3 8B,PGG,game_logs2,RQ1_old_result/result_public_goods_group/llama3-8b-three/game_logs2.json,17,contribution,61.458333333333336,24,61.458333333333336,observed,,24
Llama 3 8B,PGG,game_logs2,RQ1_old_result/result_public_goods_group/llama3-8b-three/game_logs2.json,18,contribution,59.791666666666664,24,59.791666666666664,observed,,24
Llama 3 8B,PGG,game_logs2,RQ1_old_result/result_public_goods_group/llama3-8b-three/game_logs2.json,19,contribution,62.08333333333332,24,62.08333333333332,observed,,24
Llama 3 8B,PGG,game_logs2,RQ1_old_result/result_public_goods_group/llama3-8b-three/game_logs2.json,20,contribution,62.5,24,62.5,observed,,24
Llama 3 8B,PGG,game_logs2,RQ1_old_result/result_public_goods_group/llama3-8b-three/game_logs2.json,21,contribution,62.08333333333332,24,62.08333333333332,observed,,24
Llama 3 8B,PGG,game_logs2,RQ1_old_result/result_public_goods_group/llama3-8b-three/game_logs2.json,22,contribution,67.08333333333333,24,67.08333333333333,observed,,24
Llama 3 8B,PGG,game_logs2,RQ1_old_result/result_public_goods_group/llama3-8b-three/game_logs2.json,23,contribution,67.70833333333334,24,67.70833333333334,observed,,24
Llama 3 8B,PGG,game_logs2,RQ1_old_result/result_public_goods_group/llama3-8b-three/game_logs2.json,24,contribution,70.0,24,70.0,observed,,24
Llama 3 8B,PGG,game_logs2,RQ1_old_result/result_public_goods_group/llama3-8b-three/game_logs2.json,25,contribution,58.333333333333336,24,58.333333333333336,observed,,24
Llama 3 8B,PGG,game_logs2,RQ1_old_result/result_public_goods_group/llama3-8b-three/game_logs2.json,26,contribution,48.95833333333333,24,48.95833333333333,observed,,24
Llama 3 8B,PGG,game_logs2,RQ1_old_result/result_public_goods_group/llama3-8b-three/game_logs2.json,27,contribution,57.50000000000001,24,57.50000000000001,observed,,24
Llama 3 8B,PGG,game_logs2,RQ1_old_result/result_public_goods_group/llama3-8b-three/game_logs2.json,28,contribution,59.583333333333336,24,59.583333333333336,observed,,24
Llama 3 8B,PGG,game_logs2,RQ1_old_result/result_public_goods_group/llama3-8b-three/game_logs2.json,29,contribution,63.541666666666664,24,63.541666666666664,observed,,24
Llama 3 8B,PGG,game_logs2,RQ1_old_result/result_public_goods_group/llama3-8b-three/game_logs2.json,30,contribution,63.75000000000001,24,63.75000000000001,observed,,24
Llama 3 8B,PGG,game_logs3,RQ1_old_result/result_public_goods_group/llama3-8b-three/game_logs3.json,1,contribution,43.75,24,43.75,observed,,24
Llama 3 8B,PGG,game_logs3,RQ1_old_result/result_public_goods_group/llama3-8b-three/game_logs3.json,2,contribution,54.166666666666664,24,54.166666666666664,observed,,24
Llama 3 8B,PGG,game_logs3,RQ1_old_result/result_public_goods_group/llama3-8b-three/game_logs3.json,3,contribution,60.416666666666664,24,60.416666666666664,observed,,24
Llama 3 8B,PGG,game_logs3,RQ1_old_result/result_public_goods_group/llama3-8b-three/game_logs3.json,4,contribution,70.41666666666666,24,70.41666666666666,observed,,24
Llama 3 8B,PGG,game_logs3,RQ1_old_result/result_public_goods_group/llama3-8b-three/game_logs3.json,5,contribution,66.66666666666666,24,66.66666666666666,observed,,24
Llama 3 8B,PGG,game_logs3,RQ1_old_result/result_public_goods_group/llama3-8b-three/game_logs3.json,6,contribution,61.875,24,61.875,observed,,24
Llama 3 8B,PGG,game_logs3,RQ1_old_result/result_public_goods_group/llama3-8b-three/game_logs3.json,7,contribution,65.0,24,65.0,observed,,24
Llama 3 8B,PGG,game_logs3,RQ1_old_result/result_public_goods_group/llama3-8b-three/game_logs3.json,8,contribution,61.66666666666666,24,61.66666666666666,observed,,24
Llama 3 8B,PGG,game_logs3,RQ1_old_result/result_public_goods_group/llama3-8b-three/game_logs3.json,9,contribution,61.04166666666667,24,61.04166666666667,observed,,24
Llama 3 8B,PGG,game_logs3,RQ1_old_result/result_public_goods_group/llama3-8b-three/game_logs3.json,10,contribution,58.75,24,58.75,observed,,24
Llama 3 8B,PGG,game_logs3,RQ1_old_result/result_public_goods_group/llama3-8b-three/game_logs3.json,11,contribution,66.04166666666667,24,66.04166666666667,observed,,24
Llama 3 8B,PGG,game_logs3,RQ1_old_result/result_public_goods_group/llama3-8b-three/game_logs3.json,12,contribution,57.91666666666666,24,57.91666666666666,observed,,24
Llama 3 8B,PGG,game_logs3,RQ1_old_result/result_public_goods_group/llama3-8b-three/game_logs3.json,13,contribution,62.08333333333332,24,62.08333333333332,observed,,24
Llama 3 8B,PGG,game_logs3,RQ1_old_result/result_public_goods_group/llama3-8b-three/game_logs3.json,14,contribution,62.291666666666664,24,62.291666666666664,observed,,24
Llama 3 8B,PGG,game_logs3,RQ1_old_result/result_public_goods_group/llama3-8b-three/game_logs3.json,15,contribution,59.583333333333336,24,59.583333333333336,observed,,24
Llama 3 8B,PGG,game_logs3,RQ1_old_result/result_public_goods_group/llama3-8b-three/game_logs3.json,16,contribution,61.66666666666667,24,61.66666666666667,observed,,24
Llama 3 8B,PGG,game_logs3,RQ1_old_result/result_public_goods_group/llama3-8b-three/game_logs3.json,17,contribution,64.58333333333334,24,64.58333333333334,observed,,24
Llama 3 8B,PGG,game_logs3,RQ1_old_result/result_public_goods_group/llama3-8b-three/game_logs3.json,18,contribution,57.08333333333333,24,57.08333333333333,observed,,24
Llama 3 8B,PGG,game_logs3,RQ1_old_result/result_public_goods_group/llama3-8b-three/game_logs3.json,19,contribution,64.16666666666667,24,64.16666666666667,observed,,24
Llama 3 8B,PGG,game_logs3,RQ1_old_result/result_public_goods_group/llama3-8b-three/game_logs3.json,20,contribution,65.62500000000001,24,65.62500000000001,observed,,24
Llama 3 8B,PGG,game_logs3,RQ1_old_result/result_public_goods_group/llama3-8b-three/game_logs3.json,21,contribution,65.83333333333333,24,65.83333333333333,observed,,24
Llama 3 8B,PGG,game_logs3,RQ1_old_result/result_public_goods_group/llama3-8b-three/game_logs3.json,22,contribution,74.16666666666667,24,74.16666666666667,observed,,24
Llama 3 8B,PGG,game_logs3,RQ1_old_result/result_public_goods_group/llama3-8b-three/game_logs3.json,23,contribution,72.70833333333333,24,72.70833333333333,observed,,24
Llama 3 8B,PGG,game_logs3,RQ1_old_result/result_public_goods_group/llama3-8b-three/game_logs3.json,24,contribution,75.625,24,75.625,observed,,24
Llama 3 8B,PGG,game_logs3,RQ1_old_result/result_public_goods_group/llama3-8b-three/game_logs3.json,25,contribution,66.25,24,66.25,observed,,24
Llama 3 8B,PGG,game_logs3,RQ1_old_result/result_public_goods_group/llama3-8b-three/game_logs3.json,26,contribution,63.95833333333333,24,63.95833333333333,observed,,24
Llama 3 8B,PGG,game_logs3,RQ1_old_result/result_public_goods_group/llama3-8b-three/game_logs3.json,27,contribution,58.958333333333336,24,58.958333333333336,observed,,24
Llama 3 8B,PGG,game_logs3,RQ1_old_result/result_public_goods_group/llama3-8b-three/game_logs3.json,28,contribution,63.125,24,63.125,observed,,24
Llama 3 8B,PGG,game_logs3,RQ1_old_result/result_public_goods_group/llama3-8b-three/game_logs3.json,29,contribution,68.54166666666667,24,68.54166666666667,observed,,24
Llama 3 8B,PGG,game_logs3,RQ1_old_result/result_public_goods_group/llama3-8b-three/game_logs3.json,30,contribution,70.20833333333334,24,70.20833333333334,observed,,24
Llama 3 8B,TG,game_log1,RQ1_old_result/result_trust_game_population/30lun_3ci_012401_llama3-8b/data/game_log1.json,1,sender,48.333333333333336,12,48.333333333333336,observed,,12
Llama 3 8B,TG,game_log1,RQ1_old_result/result_trust_game_population/30lun_3ci_012401_llama3-8b/data/game_log1.json,1,receiver,57.777777777777786,12,57.777777777777786,observed,,12
Llama 3 8B,TG,game_log1,RQ1_old_result/result_trust_game_population/30lun_3ci_012401_llama3-8b/data/game_log1.json,2,sender,48.333333333333336,12,48.333333333333336,observed,,12
Llama 3 8B,TG,game_log1,RQ1_old_result/result_trust_game_population/30lun_3ci_012401_llama3-8b/data/game_log1.json,2,receiver,61.66666666666667,12,61.66666666666667,observed,,12
Llama 3 8B,TG,game_log1,RQ1_old_result/result_trust_game_population/30lun_3ci_012401_llama3-8b/data/game_log1.json,3,sender,48.333333333333336,12,48.333333333333336,observed,,12
Llama 3 8B,TG,game_log1,RQ1_old_result/result_trust_game_population/30lun_3ci_012401_llama3-8b/data/game_log1.json,3,receiver,43.888888888888886,12,43.888888888888886,observed,,12
Llama 3 8B,TG,game_log1,RQ1_old_result/result_trust_game_population/30lun_3ci_012401_llama3-8b/data/game_log1.json,4,sender,48.333333333333336,12,48.333333333333336,observed,,12
Llama 3 8B,TG,game_log1,RQ1_old_result/result_trust_game_population/30lun_3ci_012401_llama3-8b/data/game_log1.json,4,receiver,45.55555555555555,12,45.55555555555555,observed,,12
Llama 3 8B,TG,game_log1,RQ1_old_result/result_trust_game_population/30lun_3ci_012401_llama3-8b/data/game_log1.json,5,sender,60.0,12,60.0,observed,,12
Llama 3 8B,TG,game_log1,RQ1_old_result/result_trust_game_population/30lun_3ci_012401_llama3-8b/data/game_log1.json,5,receiver,50.416666666666664,12,50.416666666666664,observed,,12
Llama 3 8B,TG,game_log1,RQ1_old_result/result_trust_game_population/30lun_3ci_012401_llama3-8b/data/game_log1.json,6,sender,54.99999999999999,12,54.99999999999999,observed,,12
Llama 3 8B,TG,game_log1,RQ1_old_result/result_trust_game_population/30lun_3ci_012401_llama3-8b/data/game_log1.json,6,receiver,43.611111111111114,12,43.611111111111114,observed,,12
Llama 3 8B,TG,game_log1,RQ1_old_result/result_trust_game_population/30lun_3ci_012401_llama3-8b/data/game_log1.json,7,sender,50.0,12,50.0,observed,,12
Llama 3 8B,TG,game_log1,RQ1_old_result/result_trust_game_population/30lun_3ci_012401_llama3-8b/data/game_log1.json,7,receiver,46.03174603174603,12,46.03174603174603,observed,,12
Llama 3 8B,TG,game_log1,RQ1_old_result/result_trust_game_population/30lun_3ci_012401_llama3-8b/data/game_log1.json,8,sender,50.83333333333334,12,50.83333333333334,observed,,12
Llama 3 8B,TG,game_log1,RQ1_old_result/result_trust_game_population/30lun_3ci_012401_llama3-8b/data/game_log1.json,8,receiver,72.5,12,72.5,observed,,12
Llama 3 8B,TG,game_log1,RQ1_old_result/result_trust_game_population/30lun_3ci_012401_llama3-8b/data/game_log1.json,9,sender,47.49999999999999,12,47.49999999999999,observed,,12
Llama 3 8B,TG,game_log1,RQ1_old_result/result_trust_game_population/30lun_3ci_012401_llama3-8b/data/game_log1.json,9,receiver,64.62962962962962,12,64.62962962962962,observed,,12
Llama 3 8B,TG,game_log1,RQ1_old_result/result_trust_game_population/30lun_3ci_012401_llama3-8b/data/game_log1.json,10,sender,51.66666666666666,12,51.66666666666666,observed,,12
Llama 3 8B,TG,game_log1,RQ1_old_result/result_trust_game_population/30lun_3ci_012401_llama3-8b/data/game_log1.json,10,receiver,59.72222222222222,12,59.72222222222222,observed,,12
Llama 3 8B,TG,game_log1,RQ1_old_result/result_trust_game_population/30lun_3ci_012401_llama3-8b/data/game_log1.json,11,sender,48.333333333333336,12,48.333333333333336,observed,,12
Llama 3 8B,TG,game_log1,RQ1_old_result/result_trust_game_population/30lun_3ci_012401_llama3-8b/data/game_log1.json,11,receiver,61.6931216931217,12,61.6931216931217,observed,,12
Llama 3 8B,TG,game_log1,RQ1_old_result/result_trust_game_population/30lun_3ci_012401_llama3-8b/data/game_log1.json,12,sender,48.333333333333336,12,48.333333333333336,observed,,12
Llama 3 8B,TG,game_log1,RQ1_old_result/result_trust_game_population/30lun_3ci_012401_llama3-8b/data/game_log1.json,12,receiver,53.333333333333336,12,53.333333333333336,observed,,12
Llama 3 8B,TG,game_log1,RQ1_old_result/result_trust_game_population/30lun_3ci_012401_llama3-8b/data/game_log1.json,13,sender,51.66666666666667,12,51.66666666666667,observed,,12
Llama 3 8B,TG,game_log1,RQ1_old_result/result_trust_game_population/30lun_3ci_012401_llama3-8b/data/game_log1.json,13,receiver,57.06349206349206,12,57.06349206349206,observed,,12
Llama 3 8B,TG,game_log1,RQ1_old_result/result_trust_game_population/30lun_3ci_012401_llama3-8b/data/game_log1.json,14,sender,59.166666666666664,12,59.166666666666664,observed,,12
Llama 3 8B,TG,game_log1,RQ1_old_result/result_trust_game_population/30lun_3ci_012401_llama3-8b/data/game_log1.json,14,receiver,57.36111111111111,12,57.36111111111111,observed,,12
Llama 3 8B,TG,game_log1,RQ1_old_result/result_trust_game_population/30lun_3ci_012401_llama3-8b/data/game_log1.json,15,sender,64.16666666666667,12,64.16666666666667,observed,,12
Llama 3 8B,TG,game_log1,RQ1_old_result/result_trust_game_population/30lun_3ci_012401_llama3-8b/data/game_log1.json,15,receiver,55.47839506172839,12,55.47839506172839,observed,,12
Llama 3 8B,TG,game_log1,RQ1_old_result/result_trust_game_population/30lun_3ci_012401_llama3-8b/data/game_log1.json,16,sender,52.5,12,52.5,observed,,12
Llama 3 8B,TG,game_log1,RQ1_old_result/result_trust_game_population/30lun_3ci_012401_llama3-8b/data/game_log1.json,16,receiver,48.6111111111111,12,48.6111111111111,observed,,12
Llama 3 8B,TG,game_log1,RQ1_old_result/result_trust_game_population/30lun_3ci_012401_llama3-8b/data/game_log1.json,17,sender,57.49999999999999,12,57.49999999999999,observed,,12
Llama 3 8B,TG,game_log1,RQ1_old_result/result_trust_game_population/30lun_3ci_012401_llama3-8b/data/game_log1.json,17,receiver,51.79232804232804,12,51.79232804232804,observed,,12
Llama 3 8B,TG,game_log1,RQ1_old_result/result_trust_game_population/30lun_3ci_012401_llama3-8b/data/game_log1.json,18,sender,57.49999999999999,12,57.49999999999999,observed,,12
Llama 3 8B,TG,game_log1,RQ1_old_result/result_trust_game_population/30lun_3ci_012401_llama3-8b/data/game_log1.json,18,receiver,71.29629629629629,12,71.29629629629629,observed,,12
Llama 3 8B,TG,game_log1,RQ1_old_result/result_trust_game_population/30lun_3ci_012401_llama3-8b/data/game_log1.json,19,sender,51.66666666666667,12,51.66666666666667,observed,,12
Llama 3 8B,TG,game_log1,RQ1_old_result/result_trust_game_population/30lun_3ci_012401_llama3-8b/data/game_log1.json,19,receiver,56.666666666666664,12,56.666666666666664,observed,,12
Llama 3 8B,TG,game_log1,RQ1_old_result/result_trust_game_population/30lun_3ci_012401_llama3-8b/data/game_log1.json,20,sender,59.166666666666664,12,59.166666666666664,observed,,12
Llama 3 8B,TG,game_log1,RQ1_old_result/result_trust_game_population/30lun_3ci_012401_llama3-8b/data/game_log1.json,20,receiver,62.88690476190476,12,62.88690476190476,observed,,12
Llama 3 8B,TG,game_log1,RQ1_old_result/result_trust_game_population/30lun_3ci_012401_llama3-8b/data/game_log1.json,21,sender,56.66666666666668,12,56.66666666666668,observed,,12
Llama 3 8B,TG,game_log1,RQ1_old_result/result_trust_game_population/30lun_3ci_012401_llama3-8b/data/game_log1.json,21,receiver,64.83796296296298,12,64.83796296296298,observed,,12
Llama 3 8B,TG,game_log1,RQ1_old_result/result_trust_game_population/30lun_3ci_012401_llama3-8b/data/game_log1.json,22,sender,52.5,12,52.5,observed,,12
Llama 3 8B,TG,game_log1,RQ1_old_result/result_trust_game_population/30lun_3ci_012401_llama3-8b/data/game_log1.json,22,receiver,57.22222222222223,12,57.22222222222223,observed,,12
Llama 3 8B,TG,game_log1,RQ1_old_result/result_trust_game_population/30lun_3ci_012401_llama3-8b/data/game_log1.json,23,sender,54.166666666666664,12,54.166666666666664,observed,,12
Llama 3 8B,TG,game_log1,RQ1_old_result/result_trust_game_population/30lun_3ci_012401_llama3-8b/data/game_log1.json,23,receiver,62.63888888888888,12,62.63888888888888,observed,,12
Llama 3 8B,TG,game_log1,RQ1_old_result/result_trust_game_population/30lun_3ci_012401_llama3-8b/data/game_log1.json,24,sender,58.333333333333336,12,58.333333333333336,observed,,12
Llama 3 8B,TG,game_log1,RQ1_old_result/result_trust_game_population/30lun_3ci_012401_llama3-8b/data/game_log1.json,24,receiver,66.62367724867725,12,66.62367724867725,observed,,12
Llama 3 8B,TG,game_log1,RQ1_old_result/result_trust_game_population/30lun_3ci_012401_llama3-8b/data/game_log1.json,25,sender,52.5,12,52.5,observed,,12
Llama 3 8B,TG,game_log1,RQ1_old_result/result_trust_game_population/30lun_3ci_012401_llama3-8b/data/game_log1.json,25,receiver,53.61111111111111,12,53.61111111111111,observed,,12
Llama 3 8B,TG,game_log1,RQ1_old_result/result_trust_game_population/30lun_3ci_012401_llama3-8b/data/game_log1.json,26,sender,69.16666666666667,12,69.16666666666667,observed,,12
Llama 3 8B,TG,game_log1,RQ1_old_result/result_trust_game_population/30lun_3ci_012401_llama3-8b/data/game_log1.json,26,receiver,47.701719576719576,12,47.701719576719576,observed,,12
Llama 3 8B,TG,game_log1,RQ1_old_result/result_trust_game_population/30lun_3ci_012401_llama3-8b/data/game_log1.json,27,sender,60.0,12,60.0,observed,,12
Llama 3 8B,TG,game_log1,RQ1_old_result/result_trust_game_population/30lun_3ci_012401_llama3-8b/data/game_log1.json,27,receiver,62.02932098765432,12,62.02932098765432,observed,,12
Llama 3 8B,TG,game_log1,RQ1_old_result/result_trust_game_population/30lun_3ci_012401_llama3-8b/data/game_log1.json,28,sender,60.83333333333333,12,60.83333333333333,observed,,12
Llama 3 8B,TG,game_log1,RQ1_old_result/result_trust_game_population/30lun_3ci_012401_llama3-8b/data/game_log1.json,28,receiver,64.02777777777777,12,64.02777777777777,observed,,12
Llama 3 8B,TG,game_log1,RQ1_old_result/result_trust_game_population/30lun_3ci_012401_llama3-8b/data/game_log1.json,29,sender,68.33333333333333,12,68.33333333333333,observed,,12
Llama 3 8B,TG,game_log1,RQ1_old_result/result_trust_game_population/30lun_3ci_012401_llama3-8b/data/game_log1.json,29,receiver,78.97376543209877,12,78.97376543209877,observed,,12
Llama 3 8B,TG,game_log1,RQ1_old_result/result_trust_game_population/30lun_3ci_012401_llama3-8b/data/game_log1.json,30,sender,70.0,12,70.0,observed,,12
Llama 3 8B,TG,game_log1,RQ1_old_result/result_trust_game_population/30lun_3ci_012401_llama3-8b/data/game_log1.json,30,receiver,58.63425925925926,12,58.63425925925926,observed,,12
Llama 3 8B,TG,game_log2,RQ1_old_result/result_trust_game_population/30lun_3ci_012401_llama3-8b/data/game_log2.json,1,sender,48.333333333333336,12,48.333333333333336,observed,,12
Llama 3 8B,TG,game_log2,RQ1_old_result/result_trust_game_population/30lun_3ci_012401_llama3-8b/data/game_log2.json,1,receiver,69.44444444444446,12,69.44444444444446,observed,,12
Llama 3 8B,TG,game_log2,RQ1_old_result/result_trust_game_population/30lun_3ci_012401_llama3-8b/data/game_log2.json,2,sender,50.0,12,50.0,observed,,12
Llama 3 8B,TG,game_log2,RQ1_old_result/result_trust_game_population/30lun_3ci_012401_llama3-8b/data/game_log2.json,2,receiver,54.44444444444444,12,54.44444444444444,observed,,12
Llama 3 8B,TG,game_log2,RQ1_old_result/result_trust_game_population/30lun_3ci_012401_llama3-8b/data/game_log2.json,3,sender,48.333333333333336,12,48.333333333333336,observed,,12
Llama 3 8B,TG,game_log2,RQ1_old_result/result_trust_game_population/30lun_3ci_012401_llama3-8b/data/game_log2.json,3,receiver,60.55555555555555,12,60.55555555555555,observed,,12
Llama 3 8B,TG,game_log2,RQ1_old_result/result_trust_game_population/30lun_3ci_012401_llama3-8b/data/game_log2.json,4,sender,51.66666666666667,12,51.66666666666667,observed,,12
Llama 3 8B,TG,game_log2,RQ1_old_result/result_trust_game_population/30lun_3ci_012401_llama3-8b/data/game_log2.json,4,receiver,51.66666666666666,12,51.66666666666666,observed,,12
Llama 3 8B,TG,game_log2,RQ1_old_result/result_trust_game_population/30lun_3ci_012401_llama3-8b/data/game_log2.json,5,sender,55.83333333333332,12,55.83333333333332,observed,,12
Llama 3 8B,TG,game_log2,RQ1_old_result/result_trust_game_population/30lun_3ci_012401_llama3-8b/data/game_log2.json,5,receiver,46.666666666666664,12,46.666666666666664,observed,,12
Llama 3 8B,TG,game_log2,RQ1_old_result/result_trust_game_population/30lun_3ci_012401_llama3-8b/data/game_log2.json,6,sender,50.83333333333334,12,50.83333333333334,observed,,12
Llama 3 8B,TG,game_log2,RQ1_old_result/result_trust_game_population/30lun_3ci_012401_llama3-8b/data/game_log2.json,6,receiver,63.19444444444445,12,63.19444444444445,observed,,12
Llama 3 8B,TG,game_log2,RQ1_old_result/result_trust_game_population/30lun_3ci_012401_llama3-8b/data/game_log2.json,7,sender,54.166666666666664,12,54.166666666666664,observed,,12
Llama 3 8B,TG,game_log2,RQ1_old_result/result_trust_game_population/30lun_3ci_012401_llama3-8b/data/game_log2.json,7,receiver,49.30555555555556,12,49.30555555555556,observed,,12
Llama 3 8B,TG,game_log2,RQ1_old_result/result_trust_game_population/30lun_3ci_012401_llama3-8b/data/game_log2.json,8,sender,49.166666666666664,12,49.166666666666664,observed,,12
Llama 3 8B,TG,game_log2,RQ1_old_result/result_trust_game_population/30lun_3ci_012401_llama3-8b/data/game_log2.json,8,receiver,48.47222222222222,12,48.47222222222222,observed,,12
Llama 3 8B,TG,game_log2,RQ1_old_result/result_trust_game_population/30lun_3ci_012401_llama3-8b/data/game_log2.json,9,sender,45.83333333333333,12,45.83333333333333,observed,,12
Llama 3 8B,TG,game_log2,RQ1_old_result/result_trust_game_population/30lun_3ci_012401_llama3-8b/data/game_log2.json,9,receiver,54.722222222222214,12,54.722222222222214,observed,,12
Llama 3 8B,TG,game_log2,RQ1_old_result/result_trust_game_population/30lun_3ci_012401_llama3-8b/data/game_log2.json,10,sender,54.166666666666664,12,54.166666666666664,observed,,12
Llama 3 8B,TG,game_log2,RQ1_old_result/result_trust_game_population/30lun_3ci_012401_llama3-8b/data/game_log2.json,10,receiver,56.75925925925925,12,56.75925925925925,observed,,12
Llama 3 8B,TG,game_log2,RQ1_old_result/result_trust_game_population/30lun_3ci_012401_llama3-8b/data/game_log2.json,11,sender,60.0,12,60.0,observed,,12
Llama 3 8B,TG,game_log2,RQ1_old_result/result_trust_game_population/30lun_3ci_012401_llama3-8b/data/game_log2.json,11,receiver,60.416666666666664,12,60.416666666666664,observed,,12
Llama 3 8B,TG,game_log2,RQ1_old_result/result_trust_game_population/30lun_3ci_012401_llama3-8b/data/game_log2.json,12,sender,57.49999999999999,12,57.49999999999999,observed,,12
Llama 3 8B,TG,game_log2,RQ1_old_result/result_trust_game_population/30lun_3ci_012401_llama3-8b/data/game_log2.json,12,receiver,50.06944444444444,12,50.06944444444444,observed,,12
Llama 3 8B,TG,game_log2,RQ1_old_result/result_trust_game_population/30lun_3ci_012401_llama3-8b/data/game_log2.json,13,sender,56.666666666666664,12,56.666666666666664,observed,,12
Llama 3 8B,TG,game_log2,RQ1_old_result/result_trust_game_population/30lun_3ci_012401_llama3-8b/data/game_log2.json,13,receiver,55.03968253968253,12,55.03968253968253,observed,,12
Llama 3 8B,TG,game_log2,RQ1_old_result/result_trust_game_population/30lun_3ci_012401_llama3-8b/data/game_log2.json,14,sender,59.166666666666664,12,59.166666666666664,observed,,12
Llama 3 8B,TG,game_log2,RQ1_old_result/result_trust_game_population/30lun_3ci_012401_llama3-8b/data/game_log2.json,14,receiver,58.2716049382716,12,58.2716049382716,observed,,12
Llama 3 8B,TG,game_log2,RQ1_old_result/result_trust_game_population/30lun_3ci_012401_llama3-8b/data/game_log2.json,15,sender,52.5,12,52.5,observed,,12
Llama 3 8B,TG,game_log2,RQ1_old_result/result_trust_game_population/30lun_3ci_012401_llama3-8b/data/game_log2.json,15,receiver,56.75925925925925,12,56.75925925925925,observed,,12
Llama 3 8B,TG,game_log2,RQ1_old_result/result_trust_game_population/30lun_3ci_012401_llama3-8b/data/game_log2.json,16,sender,54.166666666666664,12,54.166666666666664,observed,,12
Llama 3 8B,TG,game_log2,RQ1_old_result/result_trust_game_population/30lun_3ci_012401_llama3-8b/data/game_log2.json,16,receiver,57.48015873015871,12,57.48015873015871,observed,,12
Llama 3 8B,TG,game_log2,RQ1_old_result/result_trust_game_population/30lun_3ci_012401_llama3-8b/data/game_log2.json,17,sender,54.99999999999999,12,54.99999999999999,observed,,12
Llama 3 8B,TG,game_log2,RQ1_old_result/result_trust_game_population/30lun_3ci_012401_llama3-8b/data/game_log2.json,17,receiver,62.31481481481481,12,62.31481481481481,observed,,12
Llama 3 8B,TG,game_log2,RQ1_old_result/result_trust_game_population/30lun_3ci_012401_llama3-8b/data/game_log2.json,18,sender,57.50000000000001,12,57.50000000000001,observed,,12
Llama 3 8B,TG,game_log2,RQ1_old_result/result_trust_game_population/30lun_3ci_012401_llama3-8b/data/game_log2.json,18,receiver,69.22839506172839,12,69.22839506172839,observed,,12
Llama 3 8B,TG,game_log2,RQ1_old_result/result_trust_game_population/30lun_3ci_012401_llama3-8b/data/game_log2.json,19,sender,54.99999999999999,12,54.99999999999999,observed,,12
Llama 3 8B,TG,game_log2,RQ1_old_result/result_trust_game_population/30lun_3ci_012401_llama3-8b/data/game_log2.json,19,receiver,63.587962962962955,12,63.587962962962955,observed,,12
Llama 3 8B,TG,game_log2,RQ1_old_result/result_trust_game_population/30lun_3ci_012401_llama3-8b/data/game_log2.json,20,sender,60.83333333333334,12,60.83333333333334,observed,,12
Llama 3 8B,TG,game_log2,RQ1_old_result/result_trust_game_population/30lun_3ci_012401_llama3-8b/data/game_log2.json,20,receiver,70.16754850088182,12,70.16754850088182,observed,,12
Llama 3 8B,TG,game_log2,RQ1_old_result/result_trust_game_population/30lun_3ci_012401_llama3-8b/data/game_log2.json,21,sender,58.333333333333336,12,58.333333333333336,observed,,12
Llama 3 8B,TG,game_log2,RQ1_old_result/result_trust_game_population/30lun_3ci_012401_llama3-8b/data/game_log2.json,21,receiver,66.94444444444446,12,66.94444444444446,observed,,12
Llama 3 8B,TG,game_log2,RQ1_old_result/result_trust_game_population/30lun_3ci_012401_llama3-8b/data/game_log2.json,22,sender,50.83333333333334,12,50.83333333333334,observed,,12
Llama 3 8B,TG,game_log2,RQ1_old_result/result_trust_game_population/30lun_3ci_012401_llama3-8b/data/game_log2.json,22,receiver,65.53571428571429,12,65.53571428571429,observed,,12
Llama 3 8B,TG,game_log2,RQ1_old_result/result_trust_game_population/30lun_3ci_012401_llama3-8b/data/game_log2.json,23,sender,54.166666666666664,12,54.166666666666664,observed,,12
Llama 3 8B,TG,game_log2,RQ1_old_result/result_trust_game_population/30lun_3ci_012401_llama3-8b/data/game_log2.json,23,receiver,62.420634920634924,12,62.420634920634924,observed,,12
Llama 3 8B,TG,game_log2,RQ1_old_result/result_trust_game_population/30lun_3ci_012401_llama3-8b/data/game_log2.json,24,sender,55.83333333333332,12,55.83333333333332,observed,,12
Llama 3 8B,TG,game_log2,RQ1_old_result/result_trust_game_population/30lun_3ci_012401_llama3-8b/data/game_log2.json,24,receiver,61.80555555555556,12,61.80555555555556,observed,,12
Llama 3 8B,TG,game_log2,RQ1_old_result/result_trust_game_population/30lun_3ci_012401_llama3-8b/data/game_log2.json,25,sender,60.0,12,60.0,observed,,12
Llama 3 8B,TG,game_log2,RQ1_old_result/result_trust_game_population/30lun_3ci_012401_llama3-8b/data/game_log2.json,25,receiver,57.7116402116402,12,57.7116402116402,observed,,12
Llama 3 8B,TG,game_log2,RQ1_old_result/result_trust_game_population/30lun_3ci_012401_llama3-8b/data/game_log2.json,26,sender,68.33333333333334,12,68.33333333333334,observed,,12
Llama 3 8B,TG,game_log2,RQ1_old_result/result_trust_game_population/30lun_3ci_012401_llama3-8b/data/game_log2.json,26,receiver,73.60339506172839,12,73.60339506172839,observed,,12
Llama 3 8B,TG,game_log2,RQ1_old_result/result_trust_game_population/30lun_3ci_012401_llama3-8b/data/game_log2.json,27,sender,63.33333333333333,12,63.33333333333333,observed,,12
Llama 3 8B,TG,game_log2,RQ1_old_result/result_trust_game_population/30lun_3ci_012401_llama3-8b/data/game_log2.json,27,receiver,68.6904761904762,12,68.6904761904762,observed,,12
Llama 3 8B,TG,game_log2,RQ1_old_result/result_trust_game_population/30lun_3ci_012401_llama3-8b/data/game_log2.json,28,sender,62.500000000000014,12,62.500000000000014,observed,,12
Llama 3 8B,TG,game_log2,RQ1_old_result/result_trust_game_population/30lun_3ci_012401_llama3-8b/data/game_log2.json,28,receiver,67.08333333333334,12,67.08333333333334,observed,,12
Llama 3 8B,TG,game_log2,RQ1_old_result/result_trust_game_population/30lun_3ci_012401_llama3-8b/data/game_log2.json,29,sender,60.83333333333333,12,60.83333333333333,observed,,12
Llama 3 8B,TG,game_log2,RQ1_old_result/result_trust_game_population/30lun_3ci_012401_llama3-8b/data/game_log2.json,29,receiver,72.06349206349206,12,72.06349206349206,observed,,12
Llama 3 8B,TG,game_log2,RQ1_old_result/result_trust_game_population/30lun_3ci_012401_llama3-8b/data/game_log2.json,30,sender,55.833333333333336,12,55.833333333333336,observed,,12
Llama 3 8B,TG,game_log2,RQ1_old_result/result_trust_game_population/30lun_3ci_012401_llama3-8b/data/game_log2.json,30,receiver,55.67460317460318,12,55.67460317460318,observed,,12
Llama 3 8B,TG,game_log3,RQ1_old_result/result_trust_game_population/30lun_3ci_012401_llama3-8b/data/game_log3.json,1,sender,54.166666666666664,12,54.166666666666664,observed,,12
Llama 3 8B,TG,game_log3,RQ1_old_result/result_trust_game_population/30lun_3ci_012401_llama3-8b/data/game_log3.json,1,receiver,52.22222222222223,12,52.22222222222223,observed,,12
Llama 3 8B,TG,game_log3,RQ1_old_result/result_trust_game_population/30lun_3ci_012401_llama3-8b/data/game_log3.json,2,sender,48.333333333333336,12,48.333333333333336,observed,,12
Llama 3 8B,TG,game_log3,RQ1_old_result/result_trust_game_population/30lun_3ci_012401_llama3-8b/data/game_log3.json,2,receiver,53.70370370370369,12,53.70370370370369,observed,,12
Llama 3 8B,TG,game_log3,RQ1_old_result/result_trust_game_population/30lun_3ci_012401_llama3-8b/data/game_log3.json,3,sender,48.333333333333336,12,48.333333333333336,observed,,12
Llama 3 8B,TG,game_log3,RQ1_old_result/result_trust_game_population/30lun_3ci_012401_llama3-8b/data/game_log3.json,3,receiver,38.33333333333333,12,38.33333333333333,observed,,12
Llama 3 8B,TG,game_log3,RQ1_old_result/result_trust_game_population/30lun_3ci_012401_llama3-8b/data/game_log3.json,4,sender,47.49999999999999,12,47.49999999999999,observed,,12
Llama 3 8B,TG,game_log3,RQ1_old_result/result_trust_game_population/30lun_3ci_012401_llama3-8b/data/game_log3.json,4,receiver,53.61111111111111,12,53.61111111111111,observed,,12
Llama 3 8B,TG,game_log3,RQ1_old_result/result_trust_game_population/30lun_3ci_012401_llama3-8b/data/game_log3.json,5,sender,57.50000000000001,12,57.50000000000001,observed,,12
Llama 3 8B,TG,game_log3,RQ1_old_result/result_trust_game_population/30lun_3ci_012401_llama3-8b/data/game_log3.json,5,receiver,42.00617283950616,12,42.00617283950616,observed,,12
Llama 3 8B,TG,game_log3,RQ1_old_result/result_trust_game_population/30lun_3ci_012401_llama3-8b/data/game_log3.json,6,sender,50.0,12,50.0,observed,,12
Llama 3 8B,TG,game_log3,RQ1_old_result/result_trust_game_population/30lun_3ci_012401_llama3-8b/data/game_log3.json,6,receiver,49.44444444444444,12,49.44444444444444,observed,,12
Llama 3 8B,TG,game_log3,RQ1_old_result/result_trust_game_population/30lun_3ci_012401_llama3-8b/data/game_log3.json,7,sender,52.5,12,52.5,observed,,12
Llama 3 8B,TG,game_log3,RQ1_old_result/result_trust_game_population/30lun_3ci_012401_llama3-8b/data/game_log3.json,7,receiver,53.333333333333336,12,53.333333333333336,observed,,12
Llama 3 8B,TG,game_log3,RQ1_old_result/result_trust_game_population/30lun_3ci_012401_llama3-8b/data/game_log3.json,8,sender,52.5,12,52.5,observed,,12
Llama 3 8B,TG,game_log3,RQ1_old_result/result_trust_game_population/30lun_3ci_012401_llama3-8b/data/game_log3.json,8,receiver,66.0185185185185,12,66.0185185185185,observed,,12
Llama 3 8B,TG,game_log3,RQ1_old_result/result_trust_game_population/30lun_3ci_012401_llama3-8b/data/game_log3.json,9,sender,58.333333333333336,12,58.333333333333336,observed,,12
Llama 3 8B,TG,game_log3,RQ1_old_result/result_trust_game_population/30lun_3ci_012401_llama3-8b/data/game_log3.json,9,receiver,45.69664902998236,12,45.69664902998236,observed,,12
Llama 3 8B,TG,game_log3,RQ1_old_result/result_trust_game_population/30lun_3ci_012401_llama3-8b/data/game_log3.json,10,sender,56.666666666666664,12,56.666666666666664,observed,,12
Llama 3 8B,TG,game_log3,RQ1_old_result/result_trust_game_population/30lun_3ci_012401_llama3-8b/data/game_log3.json,10,receiver,58.88888888888889,12,58.88888888888889,observed,,12
Llama 3 8B,TG,game_log3,RQ1_old_result/result_trust_game_population/30lun_3ci_012401_llama3-8b/data/game_log3.json,11,sender,52.5,12,52.5,observed,,12
Llama 3 8B,TG,game_log3,RQ1_old_result/result_trust_game_population/30lun_3ci_012401_llama3-8b/data/game_log3.json,11,receiver,67.87037037037037,12,67.87037037037037,observed,,12
Llama 3 8B,TG,game_log3,RQ1_old_result/result_trust_game_population/30lun_3ci_012401_llama3-8b/data/game_log3.json,12,sender,54.99999999999999,12,54.99999999999999,observed,,12
Llama 3 8B,TG,game_log3,RQ1_old_result/result_trust_game_population/30lun_3ci_012401_llama3-8b/data/game_log3.json,12,receiver,56.041666666666664,12,56.041666666666664,observed,,12
Llama 3 8B,TG,game_log3,RQ1_old_result/result_trust_game_population/30lun_3ci_012401_llama3-8b/data/game_log3.json,13,sender,54.99999999999999,12,54.99999999999999,observed,,12
Llama 3 8B,TG,game_log3,RQ1_old_result/result_trust_game_population/30lun_3ci_012401_llama3-8b/data/game_log3.json,13,receiver,56.94444444444445,12,56.94444444444445,observed,,12
Llama 3 8B,TG,game_log3,RQ1_old_result/result_trust_game_population/30lun_3ci_012401_llama3-8b/data/game_log3.json,14,sender,50.0,12,50.0,observed,,12
Llama 3 8B,TG,game_log3,RQ1_old_result/result_trust_game_population/30lun_3ci_012401_llama3-8b/data/game_log3.json,14,receiver,47.61904761904761,12,47.61904761904761,observed,,12
Llama 3 8B,TG,game_log3,RQ1_old_result/result_trust_game_population/30lun_3ci_012401_llama3-8b/data/game_log3.json,15,sender,65.0,12,65.0,observed,,12
Llama 3 8B,TG,game_log3,RQ1_old_result/result_trust_game_population/30lun_3ci_012401_llama3-8b/data/game_log3.json,15,receiver,54.99999999999999,12,54.99999999999999,observed,,12
Llama 3 8B,TG,game_log3,RQ1_old_result/result_trust_game_population/30lun_3ci_012401_llama3-8b/data/game_log3.json,16,sender,54.99999999999999,12,54.99999999999999,observed,,12
Llama 3 8B,TG,game_log3,RQ1_old_result/result_trust_game_population/30lun_3ci_012401_llama3-8b/data/game_log3.json,16,receiver,62.083333333333336,12,62.083333333333336,observed,,12
Llama 3 8B,TG,game_log3,RQ1_old_result/result_trust_game_population/30lun_3ci_012401_llama3-8b/data/game_log3.json,17,sender,52.5,12,52.5,observed,,12
Llama 3 8B,TG,game_log3,RQ1_old_result/result_trust_game_population/30lun_3ci_012401_llama3-8b/data/game_log3.json,17,receiver,61.62037037037038,12,61.62037037037038,observed,,12
Llama 3 8B,TG,game_log3,RQ1_old_result/result_trust_game_population/30lun_3ci_012401_llama3-8b/data/game_log3.json,18,sender,55.83333333333332,12,55.83333333333332,observed,,12
Llama 3 8B,TG,game_log3,RQ1_old_result/result_trust_game_population/30lun_3ci_012401_llama3-8b/data/game_log3.json,18,receiver,54.30555555555555,12,54.30555555555555,observed,,12
Llama 3 8B,TG,game_log3,RQ1_old_result/result_trust_game_population/30lun_3ci_012401_llama3-8b/data/game_log3.json,19,sender,60.0,12,60.0,observed,,12
Llama 3 8B,TG,game_log3,RQ1_old_result/result_trust_game_population/30lun_3ci_012401_llama3-8b/data/game_log3.json,19,receiver,51.57407407407407,12,51.57407407407407,observed,,12
Llama 3 8B,TG,game_log3,RQ1_old_result/result_trust_game_population/30lun_3ci_012401_llama3-8b/data/game_log3.json,20,sender,50.83333333333333,12,50.83333333333333,observed,,12
Llama 3 8B,TG,game_log3,RQ1_old_result/result_trust_game_population/30lun_3ci_012401_llama3-8b/data/game_log3.json,20,receiver,46.944444444444436,12,46.944444444444436,observed,,12
Llama 3 8B,TG,game_log3,RQ1_old_result/result_trust_game_population/30lun_3ci_012401_llama3-8b/data/game_log3.json,21,sender,64.16666666666667,12,64.16666666666667,observed,,12
Llama 3 8B,TG,game_log3,RQ1_old_result/result_trust_game_population/30lun_3ci_012401_llama3-8b/data/game_log3.json,21,receiver,58.17901234567901,12,58.17901234567901,observed,,12
Llama 3 8B,TG,game_log3,RQ1_old_result/result_trust_game_population/30lun_3ci_012401_llama3-8b/data/game_log3.json,22,sender,56.666666666666664,12,56.666666666666664,observed,,12
Llama 3 8B,TG,game_log3,RQ1_old_result/result_trust_game_population/30lun_3ci_012401_llama3-8b/data/game_log3.json,22,receiver,53.273809523809526,12,53.273809523809526,observed,,12
Llama 3 8B,TG,game_log3,RQ1_old_result/result_trust_game_population/30lun_3ci_012401_llama3-8b/data/game_log3.json,23,sender,61.66666666666667,12,61.66666666666667,observed,,12
Llama 3 8B,TG,game_log3,RQ1_old_result/result_trust_game_population/30lun_3ci_012401_llama3-8b/data/game_log3.json,23,receiver,65.83333333333333,12,65.83333333333333,observed,,12
Llama 3 8B,TG,game_log3,RQ1_old_result/result_trust_game_population/30lun_3ci_012401_llama3-8b/data/game_log3.json,24,sender,67.50000000000001,12,67.50000000000001,observed,,12
Llama 3 8B,TG,game_log3,RQ1_old_result/result_trust_game_population/30lun_3ci_012401_llama3-8b/data/game_log3.json,24,receiver,61.79012345679013,12,61.79012345679013,observed,,12
Llama 3 8B,TG,game_log3,RQ1_old_result/result_trust_game_population/30lun_3ci_012401_llama3-8b/data/game_log3.json,25,sender,51.66666666666667,12,51.66666666666667,observed,,12
Llama 3 8B,TG,game_log3,RQ1_old_result/result_trust_game_population/30lun_3ci_012401_llama3-8b/data/game_log3.json,25,receiver,55.97222222222222,12,55.97222222222222,observed,,12
Llama 3 8B,TG,game_log3,RQ1_old_result/result_trust_game_population/30lun_3ci_012401_llama3-8b/data/game_log3.json,26,sender,65.83333333333331,12,65.83333333333331,observed,,12
Llama 3 8B,TG,game_log3,RQ1_old_result/result_trust_game_population/30lun_3ci_012401_llama3-8b/data/game_log3.json,26,receiver,55.8256172839506,12,55.8256172839506,observed,,12
Llama 3 8B,TG,game_log3,RQ1_old_result/result_trust_game_population/30lun_3ci_012401_llama3-8b/data/game_log3.json,27,sender,52.5,12,52.5,observed,,12
Llama 3 8B,TG,game_log3,RQ1_old_result/result_trust_game_population/30lun_3ci_012401_llama3-8b/data/game_log3.json,27,receiver,60.972222222222214,12,60.972222222222214,observed,,12
Llama 3 8B,TG,game_log3,RQ1_old_result/result_trust_game_population/30lun_3ci_012401_llama3-8b/data/game_log3.json,28,sender,55.833333333333336,12,55.833333333333336,observed,,12
Llama 3 8B,TG,game_log3,RQ1_old_result/result_trust_game_population/30lun_3ci_012401_llama3-8b/data/game_log3.json,28,receiver,64.62301587301587,12,64.62301587301587,observed,,12
Llama 3 8B,TG,game_log3,RQ1_old_result/result_trust_game_population/30lun_3ci_012401_llama3-8b/data/game_log3.json,29,sender,65.0,12,65.0,observed,,12
Llama 3 8B,TG,game_log3,RQ1_old_result/result_trust_game_population/30lun_3ci_012401_llama3-8b/data/game_log3.json,29,receiver,62.5,12,62.5,observed,,12
Llama 3 8B,TG,game_log3,RQ1_old_result/result_trust_game_population/30lun_3ci_012401_llama3-8b/data/game_log3.json,30,sender,62.5,12,62.5,observed,,12
Llama 3 8B,TG,game_log3,RQ1_old_result/result_trust_game_population/30lun_3ci_012401_llama3-8b/data/game_log3.json,30,receiver,58.5163139329806,12,58.5163139329806,observed,,12
Llama 3 70B,PD,game_log1,RQ1_old_result/result_prisoners_dilemma_group/10轮_3次_012403_llama3-70b/data/game_log1.json,1,cooperation,4.166666666666666,24,4.166666666666666,observed,,24
Llama 3 70B,PD,game_log1,RQ1_old_result/result_prisoners_dilemma_group/10轮_3次_012403_llama3-70b/data/game_log1.json,2,cooperation,0.0,24,0.0,observed,,24
Llama 3 70B,PD,game_log1,RQ1_old_result/result_prisoners_dilemma_group/10轮_3次_012403_llama3-70b/data/game_log1.json,3,cooperation,0.0,24,0.0,observed,,24
Llama 3 70B,PD,game_log1,RQ1_old_result/result_prisoners_dilemma_group/10轮_3次_012403_llama3-70b/data/game_log1.json,4,cooperation,0.0,24,0.0,observed,,24
Llama 3 70B,PD,game_log1,RQ1_old_result/result_prisoners_dilemma_group/10轮_3次_012403_llama3-70b/data/game_log1.json,5,cooperation,0.0,24,0.0,observed,,24
Llama 3 70B,PD,game_log1,RQ1_old_result/result_prisoners_dilemma_group/10轮_3次_012403_llama3-70b/data/game_log1.json,6,cooperation,0.0,24,0.0,observed,,24
Llama 3 70B,PD,game_log1,RQ1_old_result/result_prisoners_dilemma_group/10轮_3次_012403_llama3-70b/data/game_log1.json,7,cooperation,0.0,24,0.0,observed,,24
Llama 3 70B,PD,game_log1,RQ1_old_result/result_prisoners_dilemma_group/10轮_3次_012403_llama3-70b/data/game_log1.json,8,cooperation,0.0,24,0.0,observed,,24
Llama 3 70B,PD,game_log1,RQ1_old_result/result_prisoners_dilemma_group/10轮_3次_012403_llama3-70b/data/game_log1.json,9,cooperation,0.0,24,0.0,observed,,24
Llama 3 70B,PD,game_log1,RQ1_old_result/result_prisoners_dilemma_group/10轮_3次_012403_llama3-70b/data/game_log1.json,10,cooperation,0.0,24,0.0,observed,,24
Llama 3 70B,PD,game_log2,RQ1_old_result/result_prisoners_dilemma_group/10轮_3次_012403_llama3-70b/data/game_log2.json,1,cooperation,0.0,24,0.0,observed,,24
Llama 3 70B,PD,game_log2,RQ1_old_result/result_prisoners_dilemma_group/10轮_3次_012403_llama3-70b/data/game_log2.json,2,cooperation,0.0,24,0.0,observed,,24
Llama 3 70B,PD,game_log2,RQ1_old_result/result_prisoners_dilemma_group/10轮_3次_012403_llama3-70b/data/game_log2.json,3,cooperation,0.0,24,0.0,observed,,24
Llama 3 70B,PD,game_log2,RQ1_old_result/result_prisoners_dilemma_group/10轮_3次_012403_llama3-70b/data/game_log2.json,4,cooperation,0.0,24,0.0,observed,,24
Llama 3 70B,PD,game_log2,RQ1_old_result/result_prisoners_dilemma_group/10轮_3次_012403_llama3-70b/data/game_log2.json,5,cooperation,0.0,24,0.0,observed,,24
Llama 3 70B,PD,game_log2,RQ1_old_result/result_prisoners_dilemma_group/10轮_3次_012403_llama3-70b/data/game_log2.json,6,cooperation,0.0,24,0.0,observed,,24
Llama 3 70B,PD,game_log2,RQ1_old_result/result_prisoners_dilemma_group/10轮_3次_012403_llama3-70b/data/game_log2.json,7,cooperation,0.0,24,0.0,observed,,24
Llama 3 70B,PD,game_log2,RQ1_old_result/result_prisoners_dilemma_group/10轮_3次_012403_llama3-70b/data/game_log2.json,8,cooperation,0.0,24,0.0,observed,,24
Llama 3 70B,PD,game_log2,RQ1_old_result/result_prisoners_dilemma_group/10轮_3次_012403_llama3-70b/data/game_log2.json,9,cooperation,0.0,24,0.0,observed,,24
Llama 3 70B,PD,game_log2,RQ1_old_result/result_prisoners_dilemma_group/10轮_3次_012403_llama3-70b/data/game_log2.json,10,cooperation,0.0,24,0.0,observed,,24
Llama 3 70B,PD,game_log3,RQ1_old_result/result_prisoners_dilemma_group/10轮_3次_012403_llama3-70b/data/game_log3.json,1,cooperation,0.0,24,0.0,observed,,24
Llama 3 70B,PD,game_log3,RQ1_old_result/result_prisoners_dilemma_group/10轮_3次_012403_llama3-70b/data/game_log3.json,2,cooperation,0.0,24,0.0,observed,,24
Llama 3 70B,PD,game_log3,RQ1_old_result/result_prisoners_dilemma_group/10轮_3次_012403_llama3-70b/data/game_log3.json,3,cooperation,0.0,24,0.0,observed,,24
Llama 3 70B,PD,game_log3,RQ1_old_result/result_prisoners_dilemma_group/10轮_3次_012403_llama3-70b/data/game_log3.json,4,cooperation,0.0,24,0.0,observed,,24
Llama 3 70B,PD,game_log3,RQ1_old_result/result_prisoners_dilemma_group/10轮_3次_012403_llama3-70b/data/game_log3.json,5,cooperation,0.0,24,0.0,observed,,24
Llama 3 70B,PD,game_log3,RQ1_old_result/result_prisoners_dilemma_group/10轮_3次_012403_llama3-70b/data/game_log3.json,6,cooperation,0.0,24,0.0,observed,,24
Llama 3 70B,PD,game_log3,RQ1_old_result/result_prisoners_dilemma_group/10轮_3次_012403_llama3-70b/data/game_log3.json,7,cooperation,0.0,24,0.0,observed,,24
Llama 3 70B,PD,game_log3,RQ1_old_result/result_prisoners_dilemma_group/10轮_3次_012403_llama3-70b/data/game_log3.json,8,cooperation,0.0,24,0.0,observed,,24
Llama 3 70B,PD,game_log3,RQ1_old_result/result_prisoners_dilemma_group/10轮_3次_012403_llama3-70b/data/game_log3.json,9,cooperation,0.0,24,0.0,observed,,24
Llama 3 70B,PD,game_log3,RQ1_old_result/result_prisoners_dilemma_group/10轮_3次_012403_llama3-70b/data/game_log3.json,10,cooperation,0.0,24,0.0,observed,,24
Llama 3 70B,PGG,game_logs1,RQ1_old_result/result_public_goods_group/llama3-70b-three/game_logs1.json,1,contribution,49.583333333333336,24,49.583333333333336,observed,,24
Llama 3 70B,PGG,game_logs1,RQ1_old_result/result_public_goods_group/llama3-70b-three/game_logs1.json,2,contribution,50.0,24,50.0,observed,,24
Llama 3 70B,PGG,game_logs1,RQ1_old_result/result_public_goods_group/llama3-70b-three/game_logs1.json,3,contribution,52.29166666666667,24,52.29166666666667,observed,,24
Llama 3 70B,PGG,game_logs1,RQ1_old_result/result_public_goods_group/llama3-70b-three/game_logs1.json,4,contribution,49.583333333333336,24,49.583333333333336,observed,,24
Llama 3 70B,PGG,game_logs1,RQ1_old_result/result_public_goods_group/llama3-70b-three/game_logs1.json,5,contribution,47.5,24,47.5,observed,,24
Llama 3 70B,PGG,game_logs1,RQ1_old_result/result_public_goods_group/llama3-70b-three/game_logs1.json,6,contribution,50.0,24,50.0,observed,,24
Llama 3 70B,PGG,game_logs1,RQ1_old_result/result_public_goods_group/llama3-70b-three/game_logs1.json,7,contribution,50.0,24,50.0,observed,,24
Llama 3 70B,PGG,game_logs1,RQ1_old_result/result_public_goods_group/llama3-70b-three/game_logs1.json,8,contribution,50.0,24,50.0,observed,,24
Llama 3 70B,PGG,game_logs1,RQ1_old_result/result_public_goods_group/llama3-70b-three/game_logs1.json,9,contribution,50.0,24,50.0,observed,,24
Llama 3 70B,PGG,game_logs1,RQ1_old_result/result_public_goods_group/llama3-70b-three/game_logs1.json,10,contribution,47.91666666666667,24,47.91666666666667,observed,,24
Llama 3 70B,PGG,game_logs1,RQ1_old_result/result_public_goods_group/llama3-70b-three/game_logs1.json,11,contribution,50.0,24,50.0,observed,,24
Llama 3 70B,PGG,game_logs1,RQ1_old_result/result_public_goods_group/llama3-70b-three/game_logs1.json,12,contribution,50.0,24,50.0,observed,,24
Llama 3 70B,PGG,game_logs1,RQ1_old_result/result_public_goods_group/llama3-70b-three/game_logs1.json,13,contribution,50.0,24,50.0,observed,,24
Llama 3 70B,PGG,game_logs1,RQ1_old_result/result_public_goods_group/llama3-70b-three/game_logs1.json,14,contribution,50.0,24,50.0,observed,,24
Llama 3 70B,PGG,game_logs1,RQ1_old_result/result_public_goods_group/llama3-70b-three/game_logs1.json,15,contribution,43.75,24,43.75,observed,,24
Llama 3 70B,PGG,game_logs1,RQ1_old_result/result_public_goods_group/llama3-70b-three/game_logs1.json,16,contribution,49.583333333333336,24,49.583333333333336,observed,,24
Llama 3 70B,PGG,game_logs1,RQ1_old_result/result_public_goods_group/llama3-70b-three/game_logs1.json,17,contribution,50.0,24,50.0,observed,,24
Llama 3 70B,PGG,game_logs1,RQ1_old_result/result_public_goods_group/llama3-70b-three/game_logs1.json,18,contribution,50.0,24,50.0,observed,,24
Llama 3 70B,PGG,game_logs1,RQ1_old_result/result_public_goods_group/llama3-70b-three/game_logs1.json,19,contribution,50.0,24,50.0,observed,,24
Llama 3 70B,PGG,game_logs1,RQ1_old_result/result_public_goods_group/llama3-70b-three/game_logs1.json,20,contribution,49.583333333333336,24,49.583333333333336,observed,,24
Llama 3 70B,PGG,game_logs1,RQ1_old_result/result_public_goods_group/llama3-70b-three/game_logs1.json,21,contribution,48.333333333333336,24,48.333333333333336,observed,,24
Llama 3 70B,PGG,game_logs1,RQ1_old_result/result_public_goods_group/llama3-70b-three/game_logs1.json,22,contribution,49.16666666666667,24,49.16666666666667,observed,,24
Llama 3 70B,PGG,game_logs1,RQ1_old_result/result_public_goods_group/llama3-70b-three/game_logs1.json,23,contribution,50.83333333333333,24,50.83333333333333,observed,,24
Llama 3 70B,PGG,game_logs1,RQ1_old_result/result_public_goods_group/llama3-70b-three/game_logs1.json,24,contribution,50.416666666666664,24,50.416666666666664,observed,,24
Llama 3 70B,PGG,game_logs1,RQ1_old_result/result_public_goods_group/llama3-70b-three/game_logs1.json,25,contribution,48.95833333333333,24,48.95833333333333,observed,,24
Llama 3 70B,PGG,game_logs1,RQ1_old_result/result_public_goods_group/llama3-70b-three/game_logs1.json,26,contribution,47.91666666666667,24,47.91666666666667,observed,,24
Llama 3 70B,PGG,game_logs1,RQ1_old_result/result_public_goods_group/llama3-70b-three/game_logs1.json,27,contribution,44.79166666666667,24,44.79166666666667,observed,,24
Llama 3 70B,PGG,game_logs1,RQ1_old_result/result_public_goods_group/llama3-70b-three/game_logs1.json,28,contribution,50.83333333333333,24,50.83333333333333,observed,,24
Llama 3 70B,PGG,game_logs1,RQ1_old_result/result_public_goods_group/llama3-70b-three/game_logs1.json,29,contribution,46.875,24,46.875,observed,,24
Llama 3 70B,PGG,game_logs1,RQ1_old_result/result_public_goods_group/llama3-70b-three/game_logs1.json,30,contribution,47.875,0,12.5,estimated,25-29,24
Llama 3 70B,PGG,game_logs2,RQ1_old_result/result_public_goods_group/llama3-70b-three/game_logs2.json,1,contribution,51.041666666666664,24,51.041666666666664,observed,,24
Llama 3 70B,PGG,game_logs2,RQ1_old_result/result_public_goods_group/llama3-70b-three/game_logs2.json,2,contribution,50.0,24,50.0,observed,,24
Llama 3 70B,PGG,game_logs2,RQ1_old_result/result_public_goods_group/llama3-70b-three/game_logs2.json,3,contribution,49.375,24,49.375,observed,,24
Llama 3 70B,PGG,game_logs2,RQ1_old_result/result_public_goods_group/llama3-70b-three/game_logs2.json,4,contribution,48.95833333333333,24,48.95833333333333,observed,,24
Llama 3 70B,PGG,game_logs2,RQ1_old_result/result_public_goods_group/llama3-70b-three/game_logs2.json,5,contribution,47.91666666666667,24,47.91666666666667,observed,,24
Llama 3 70B,PGG,game_logs2,RQ1_old_result/result_public_goods_group/llama3-70b-three/game_logs2.json,6,contribution,48.95833333333333,24,48.95833333333333,observed,,24
Llama 3 70B,PGG,game_logs2,RQ1_old_result/result_public_goods_group/llama3-70b-three/game_logs2.json,7,contribution,47.91666666666667,24,47.91666666666667,observed,,24
Llama 3 70B,PGG,game_logs2,RQ1_old_result/result_public_goods_group/llama3-70b-three/game_logs2.json,8,contribution,50.0,24,50.0,observed,,24
Llama 3 70B,PGG,game_logs2,RQ1_old_result/result_public_goods_group/llama3-70b-three/game_logs2.json,9,contribution,50.0,24,50.0,observed,,24
Llama 3 70B,PGG,game_logs2,RQ1_old_result/result_public_goods_group/llama3-70b-three/game_logs2.json,10,contribution,50.0,24,50.0,observed,,24
Llama 3 70B,PGG,game_logs2,RQ1_old_result/result_public_goods_group/llama3-70b-three/game_logs2.json,11,contribution,50.0,24,50.0,observed,,24
Llama 3 70B,PGG,game_logs2,RQ1_old_result/result_public_goods_group/llama3-70b-three/game_logs2.json,12,contribution,41.66666666666667,24,41.66666666666667,observed,,24
Llama 3 70B,PGG,game_logs2,RQ1_old_result/result_public_goods_group/llama3-70b-three/game_logs2.json,13,contribution,48.95833333333333,24,48.95833333333333,observed,,24
Llama 3 70B,PGG,game_logs2,RQ1_old_result/result_public_goods_group/llama3-70b-three/game_logs2.json,14,contribution,50.0,24,50.0,observed,,24
Llama 3 70B,PGG,game_logs2,RQ1_old_result/result_public_goods_group/llama3-70b-three/game_logs2.json,15,contribution,50.0,24,50.0,observed,,24
Llama 3 70B,PGG,game_logs2,RQ1_old_result/result_public_goods_group/llama3-70b-three/game_logs2.json,16,contribution,50.0,24,50.0,observed,,24
Llama 3 70B,PGG,game_logs2,RQ1_old_result/result_public_goods_group/llama3-70b-three/game_logs2.json,17,contribution,50.0,24,50.0,observed,,24
Llama 3 70B,PGG,game_logs2,RQ1_old_result/result_public_goods_group/llama3-70b-three/game_logs2.json,18,contribution,45.83333333333333,24,45.83333333333333,observed,,24
Llama 3 70B,PGG,game_logs2,RQ1_old_result/result_public_goods_group/llama3-70b-three/game_logs2.json,19,contribution,48.95833333333333,24,48.95833333333333,observed,,24
Llama 3 70B,PGG,game_logs2,RQ1_old_result/result_public_goods_group/llama3-70b-three/game_logs2.json,20,contribution,51.041666666666664,24,51.041666666666664,observed,,24
Llama 3 70B,PGG,game_logs2,RQ1_old_result/result_public_goods_group/llama3-70b-three/game_logs2.json,21,contribution,47.91666666666667,24,47.91666666666667,observed,,24
Llama 3 70B,PGG,game_logs2,RQ1_old_result/result_public_goods_group/llama3-70b-three/game_logs2.json,22,contribution,48.95833333333333,24,48.95833333333333,observed,,24
Llama 3 70B,PGG,game_logs2,RQ1_old_result/result_public_goods_group/llama3-70b-three/game_logs2.json,23,contribution,50.0,24,50.0,observed,,24
Llama 3 70B,PGG,game_logs2,RQ1_old_result/result_public_goods_group/llama3-70b-three/game_logs2.json,24,contribution,47.91666666666667,24,47.91666666666667,observed,,24
Llama 3 70B,PGG,game_logs2,RQ1_old_result/result_public_goods_group/llama3-70b-three/game_logs2.json,25,contribution,50.0,24,50.0,observed,,24
Llama 3 70B,PGG,game_logs2,RQ1_old_result/result_public_goods_group/llama3-70b-three/game_logs2.json,26,contribution,50.0,24,50.0,observed,,24
Llama 3 70B,PGG,game_logs2,RQ1_old_result/result_public_goods_group/llama3-70b-three/game_logs2.json,27,contribution,46.875,24,46.875,observed,,24
Llama 3 70B,PGG,game_logs2,RQ1_old_result/result_public_goods_group/llama3-70b-three/game_logs2.json,28,contribution,49.375,24,49.375,observed,,24
Llama 3 70B,PGG,game_logs2,RQ1_old_result/result_public_goods_group/llama3-70b-three/game_logs2.json,29,contribution,35.41666666666667,24,35.41666666666667,observed,,24
Llama 3 70B,PGG,game_logs2,RQ1_old_result/result_public_goods_group/llama3-70b-three/game_logs2.json,30,contribution,46.333333333333336,0,5.208333333333334,estimated,25-29,24
Llama 3 70B,PGG,game_logs3,RQ1_old_result/result_public_goods_group/llama3-70b-three/game_logs3.json,1,contribution,51.041666666666664,24,51.041666666666664,observed,,24
Llama 3 70B,PGG,game_logs3,RQ1_old_result/result_public_goods_group/llama3-70b-three/game_logs3.json,2,contribution,50.0,24,50.0,observed,,24
Llama 3 70B,PGG,game_logs3,RQ1_old_result/result_public_goods_group/llama3-70b-three/game_logs3.json,3,contribution,49.375,24,49.375,observed,,24
Llama 3 70B,PGG,game_logs3,RQ1_old_result/result_public_goods_group/llama3-70b-three/game_logs3.json,4,contribution,48.95833333333333,24,48.95833333333333,observed,,24
Llama 3 70B,PGG,game_logs3,RQ1_old_result/result_public_goods_group/llama3-70b-three/game_logs3.json,5,contribution,47.91666666666667,24,47.91666666666667,observed,,24
Llama 3 70B,PGG,game_logs3,RQ1_old_result/result_public_goods_group/llama3-70b-three/game_logs3.json,6,contribution,48.95833333333333,24,48.95833333333333,observed,,24
Llama 3 70B,PGG,game_logs3,RQ1_old_result/result_public_goods_group/llama3-70b-three/game_logs3.json,7,contribution,47.91666666666667,24,47.91666666666667,observed,,24
Llama 3 70B,PGG,game_logs3,RQ1_old_result/result_public_goods_group/llama3-70b-three/game_logs3.json,8,contribution,50.0,24,50.0,observed,,24
Llama 3 70B,PGG,game_logs3,RQ1_old_result/result_public_goods_group/llama3-70b-three/game_logs3.json,9,contribution,50.0,24,50.0,observed,,24
Llama 3 70B,PGG,game_logs3,RQ1_old_result/result_public_goods_group/llama3-70b-three/game_logs3.json,10,contribution,50.0,24,50.0,observed,,24
Llama 3 70B,PGG,game_logs3,RQ1_old_result/result_public_goods_group/llama3-70b-three/game_logs3.json,11,contribution,50.0,24,50.0,observed,,24
Llama 3 70B,PGG,game_logs3,RQ1_old_result/result_public_goods_group/llama3-70b-three/game_logs3.json,12,contribution,41.66666666666667,24,41.66666666666667,observed,,24
Llama 3 70B,PGG,game_logs3,RQ1_old_result/result_public_goods_group/llama3-70b-three/game_logs3.json,13,contribution,48.95833333333333,24,48.95833333333333,observed,,24
Llama 3 70B,PGG,game_logs3,RQ1_old_result/result_public_goods_group/llama3-70b-three/game_logs3.json,14,contribution,50.0,24,50.0,observed,,24
Llama 3 70B,PGG,game_logs3,RQ1_old_result/result_public_goods_group/llama3-70b-three/game_logs3.json,15,contribution,50.0,24,50.0,observed,,24
Llama 3 70B,PGG,game_logs3,RQ1_old_result/result_public_goods_group/llama3-70b-three/game_logs3.json,16,contribution,50.0,24,50.0,observed,,24
Llama 3 70B,PGG,game_logs3,RQ1_old_result/result_public_goods_group/llama3-70b-three/game_logs3.json,17,contribution,50.0,24,50.0,observed,,24
Llama 3 70B,PGG,game_logs3,RQ1_old_result/result_public_goods_group/llama3-70b-three/game_logs3.json,18,contribution,45.83333333333333,24,45.83333333333333,observed,,24
Llama 3 70B,PGG,game_logs3,RQ1_old_result/result_public_goods_group/llama3-70b-three/game_logs3.json,19,contribution,48.95833333333333,24,48.95833333333333,observed,,24
Llama 3 70B,PGG,game_logs3,RQ1_old_result/result_public_goods_group/llama3-70b-three/game_logs3.json,20,contribution,51.041666666666664,24,51.041666666666664,observed,,24
Llama 3 70B,PGG,game_logs3,RQ1_old_result/result_public_goods_group/llama3-70b-three/game_logs3.json,21,contribution,47.91666666666667,24,47.91666666666667,observed,,24
Llama 3 70B,PGG,game_logs3,RQ1_old_result/result_public_goods_group/llama3-70b-three/game_logs3.json,22,contribution,48.95833333333333,24,48.95833333333333,observed,,24
Llama 3 70B,PGG,game_logs3,RQ1_old_result/result_public_goods_group/llama3-70b-three/game_logs3.json,23,contribution,50.0,24,50.0,observed,,24
Llama 3 70B,PGG,game_logs3,RQ1_old_result/result_public_goods_group/llama3-70b-three/game_logs3.json,24,contribution,47.91666666666667,24,47.91666666666667,observed,,24
Llama 3 70B,PGG,game_logs3,RQ1_old_result/result_public_goods_group/llama3-70b-three/game_logs3.json,25,contribution,50.0,24,50.0,observed,,24
Llama 3 70B,PGG,game_logs3,RQ1_old_result/result_public_goods_group/llama3-70b-three/game_logs3.json,26,contribution,50.0,24,50.0,observed,,24
Llama 3 70B,PGG,game_logs3,RQ1_old_result/result_public_goods_group/llama3-70b-three/game_logs3.json,27,contribution,46.875,24,46.875,observed,,24
Llama 3 70B,PGG,game_logs3,RQ1_old_result/result_public_goods_group/llama3-70b-three/game_logs3.json,28,contribution,49.375,24,49.375,observed,,24
Llama 3 70B,PGG,game_logs3,RQ1_old_result/result_public_goods_group/llama3-70b-three/game_logs3.json,29,contribution,35.41666666666667,24,35.41666666666667,observed,,24
Llama 3 70B,PGG,game_logs3,RQ1_old_result/result_public_goods_group/llama3-70b-three/game_logs3.json,30,contribution,46.333333333333336,0,5.208333333333334,estimated,25-29,24
Llama 3 70B,TG,game_log1,RQ1_old_result/result_trust_game_population/30lun_3ci_012402_llama3-70b/data/game_log1.json,1,sender,50.0,12,50.0,observed,,12
Llama 3 70B,TG,game_log1,RQ1_old_result/result_trust_game_population/30lun_3ci_012402_llama3-70b/data/game_log1.json,1,receiver,43.888888888888886,12,43.888888888888886,observed,,12
Llama 3 70B,TG,game_log1,RQ1_old_result/result_trust_game_population/30lun_3ci_012402_llama3-70b/data/game_log1.json,2,sender,46.666666666666664,12,46.666666666666664,observed,,12
Llama 3 70B,TG,game_log1,RQ1_old_result/result_trust_game_population/30lun_3ci_012402_llama3-70b/data/game_log1.json,2,receiver,31.111111111111118,12,31.111111111111118,observed,,12
Llama 3 70B,TG,game_log1,RQ1_old_result/result_trust_game_population/30lun_3ci_012402_llama3-70b/data/game_log1.json,3,sender,50.0,12,50.0,observed,,12
Llama 3 70B,TG,game_log1,RQ1_old_result/result_trust_game_population/30lun_3ci_012402_llama3-70b/data/game_log1.json,3,receiver,38.88888888888889,12,38.88888888888889,observed,,12
Llama 3 70B,TG,game_log1,RQ1_old_result/result_trust_game_population/30lun_3ci_012402_llama3-70b/data/game_log1.json,4,sender,50.0,12,50.0,observed,,12
Llama 3 70B,TG,game_log1,RQ1_old_result/result_trust_game_population/30lun_3ci_012402_llama3-70b/data/game_log1.json,4,receiver,39.444444444444436,12,39.444444444444436,observed,,12
Llama 3 70B,TG,game_log1,RQ1_old_result/result_trust_game_population/30lun_3ci_012402_llama3-70b/data/game_log1.json,5,sender,50.0,12,50.0,observed,,12
Llama 3 70B,TG,game_log1,RQ1_old_result/result_trust_game_population/30lun_3ci_012402_llama3-70b/data/game_log1.json,5,receiver,30.555555555555557,12,30.555555555555557,observed,,12
Llama 3 70B,TG,game_log1,RQ1_old_result/result_trust_game_population/30lun_3ci_012402_llama3-70b/data/game_log1.json,6,sender,45.83333333333333,12,45.83333333333333,observed,,12
Llama 3 70B,TG,game_log1,RQ1_old_result/result_trust_game_population/30lun_3ci_012402_llama3-70b/data/game_log1.json,6,receiver,32.22222222222222,12,32.22222222222222,observed,,12
Llama 3 70B,TG,game_log1,RQ1_old_result/result_trust_game_population/30lun_3ci_012402_llama3-70b/data/game_log1.json,7,sender,49.16666666666667,12,49.16666666666667,observed,,12
Llama 3 70B,TG,game_log1,RQ1_old_result/result_trust_game_population/30lun_3ci_012402_llama3-70b/data/game_log1.json,7,receiver,34.09722222222222,12,34.09722222222222,observed,,12
Llama 3 70B,TG,game_log1,RQ1_old_result/result_trust_game_population/30lun_3ci_012402_llama3-70b/data/game_log1.json,8,sender,46.666666666666664,12,46.666666666666664,observed,,12
Llama 3 70B,TG,game_log1,RQ1_old_result/result_trust_game_population/30lun_3ci_012402_llama3-70b/data/game_log1.json,8,receiver,35.555555555555564,12,35.555555555555564,observed,,12
Llama 3 70B,TG,game_log1,RQ1_old_result/result_trust_game_population/30lun_3ci_012402_llama3-70b/data/game_log1.json,9,sender,46.666666666666664,12,46.666666666666664,observed,,12
Llama 3 70B,TG,game_log1,RQ1_old_result/result_trust_game_population/30lun_3ci_012402_llama3-70b/data/game_log1.json,9,receiver,37.22222222222222,12,37.22222222222222,observed,,12
Llama 3 70B,TG,game_log1,RQ1_old_result/result_trust_game_population/30lun_3ci_012402_llama3-70b/data/game_log1.json,10,sender,52.5,12,52.5,observed,,12
Llama 3 70B,TG,game_log1,RQ1_old_result/result_trust_game_population/30lun_3ci_012402_llama3-70b/data/game_log1.json,10,receiver,40.00000000000001,12,40.00000000000001,observed,,12
Llama 3 70B,TG,game_log1,RQ1_old_result/result_trust_game_population/30lun_3ci_012402_llama3-70b/data/game_log1.json,11,sender,54.99999999999999,12,54.99999999999999,observed,,12
Llama 3 70B,TG,game_log1,RQ1_old_result/result_trust_game_population/30lun_3ci_012402_llama3-70b/data/game_log1.json,11,receiver,34.44444444444445,12,34.44444444444445,observed,,12
Llama 3 70B,TG,game_log1,RQ1_old_result/result_trust_game_population/30lun_3ci_012402_llama3-70b/data/game_log1.json,12,sender,52.5,12,52.5,observed,,12
Llama 3 70B,TG,game_log1,RQ1_old_result/result_trust_game_population/30lun_3ci_012402_llama3-70b/data/game_log1.json,12,receiver,37.361111111111114,12,37.361111111111114,observed,,12
Llama 3 70B,TG,game_log1,RQ1_old_result/result_trust_game_population/30lun_3ci_012402_llama3-70b/data/game_log1.json,13,sender,55.833333333333336,12,55.833333333333336,observed,,12
Llama 3 70B,TG,game_log1,RQ1_old_result/result_trust_game_population/30lun_3ci_012402_llama3-70b/data/game_log1.json,13,receiver,36.94444444444444,12,36.94444444444444,observed,,12
Llama 3 70B,TG,game_log1,RQ1_old_result/result_trust_game_population/30lun_3ci_012402_llama3-70b/data/game_log1.json,14,sender,57.49999999999999,12,57.49999999999999,observed,,12
Llama 3 70B,TG,game_log1,RQ1_old_result/result_trust_game_population/30lun_3ci_012402_llama3-70b/data/game_log1.json,14,receiver,40.416666666666664,12,40.416666666666664,observed,,12
Llama 3 70B,TG,game_log1,RQ1_old_result/result_trust_game_population/30lun_3ci_012402_llama3-70b/data/game_log1.json,15,sender,57.49999999999999,12,57.49999999999999,observed,,12
Llama 3 70B,TG,game_log1,RQ1_old_result/result_trust_game_population/30lun_3ci_012402_llama3-70b/data/game_log1.json,15,receiver,39.27469135802469,12,39.27469135802469,observed,,12
Llama 3 70B,TG,game_log1,RQ1_old_result/result_trust_game_population/30lun_3ci_012402_llama3-70b/data/game_log1.json,16,sender,45.83333333333333,12,45.83333333333333,observed,,12
Llama 3 70B,TG,game_log1,RQ1_old_result/result_trust_game_population/30lun_3ci_012402_llama3-70b/data/game_log1.json,16,receiver,36.969696969696976,11,36.969696969696976,observed,,11
Llama 3 70B,TG,game_log1,RQ1_old_result/result_trust_game_population/30lun_3ci_012402_llama3-70b/data/game_log1.json,17,sender,53.333333333333336,12,53.333333333333336,observed,,12
Llama 3 70B,TG,game_log1,RQ1_old_result/result_trust_game_population/30lun_3ci_012402_llama3-70b/data/game_log1.json,17,receiver,28.472222222222225,12,28.472222222222225,observed,,12
Llama 3 70B,TG,game_log1,RQ1_old_result/result_trust_game_population/30lun_3ci_012402_llama3-70b/data/game_log1.json,18,sender,57.50000000000001,12,57.50000000000001,observed,,12
Llama 3 70B,TG,game_log1,RQ1_old_result/result_trust_game_population/30lun_3ci_012402_llama3-70b/data/game_log1.json,18,receiver,35.41666666666666,12,35.41666666666666,observed,,12
Llama 3 70B,TG,game_log1,RQ1_old_result/result_trust_game_population/30lun_3ci_012402_llama3-70b/data/game_log1.json,19,sender,55.00000000000001,12,55.00000000000001,observed,,12
Llama 3 70B,TG,game_log1,RQ1_old_result/result_trust_game_population/30lun_3ci_012402_llama3-70b/data/game_log1.json,19,receiver,39.39393939393939,11,39.39393939393939,observed,,11
Llama 3 70B,TG,game_log1,RQ1_old_result/result_trust_game_population/30lun_3ci_012402_llama3-70b/data/game_log1.json,20,sender,57.49999999999999,12,57.49999999999999,observed,,12
Llama 3 70B,TG,game_log1,RQ1_old_result/result_trust_game_population/30lun_3ci_012402_llama3-70b/data/game_log1.json,20,receiver,35.97222222222222,12,35.97222222222222,observed,,12
Llama 3 70B,TG,game_log1,RQ1_old_result/result_trust_game_population/30lun_3ci_012402_llama3-70b/data/game_log1.json,21,sender,60.83333333333333,12,60.83333333333333,observed,,12
Llama 3 70B,TG,game_log1,RQ1_old_result/result_trust_game_population/30lun_3ci_012402_llama3-70b/data/game_log1.json,21,receiver,43.842592592592595,12,43.842592592592595,observed,,12
Llama 3 70B,TG,game_log1,RQ1_old_result/result_trust_game_population/30lun_3ci_012402_llama3-70b/data/game_log1.json,22,sender,56.666666666666664,12,56.666666666666664,observed,,12
Llama 3 70B,TG,game_log1,RQ1_old_result/result_trust_game_population/30lun_3ci_012402_llama3-70b/data/game_log1.json,22,receiver,36.172839506172835,12,36.172839506172835,observed,,12
Llama 3 70B,TG,game_log1,RQ1_old_result/result_trust_game_population/30lun_3ci_012402_llama3-70b/data/game_log1.json,23,sender,62.5,12,62.5,observed,,12
Llama 3 70B,TG,game_log1,RQ1_old_result/result_trust_game_population/30lun_3ci_012402_llama3-70b/data/game_log1.json,23,receiver,34.305555555555564,12,34.305555555555564,observed,,12
Llama 3 70B,TG,game_log1,RQ1_old_result/result_trust_game_population/30lun_3ci_012402_llama3-70b/data/game_log1.json,24,sender,56.66666666666668,12,56.66666666666668,observed,,12
Llama 3 70B,TG,game_log1,RQ1_old_result/result_trust_game_population/30lun_3ci_012402_llama3-70b/data/game_log1.json,24,receiver,36.481481481481474,12,36.481481481481474,observed,,12
Llama 3 70B,TG,game_log1,RQ1_old_result/result_trust_game_population/30lun_3ci_012402_llama3-70b/data/game_log1.json,25,sender,55.83333333333332,12,55.83333333333332,observed,,12
Llama 3 70B,TG,game_log1,RQ1_old_result/result_trust_game_population/30lun_3ci_012402_llama3-70b/data/game_log1.json,25,receiver,40.80246913580246,12,40.80246913580246,observed,,12
Llama 3 70B,TG,game_log1,RQ1_old_result/result_trust_game_population/30lun_3ci_012402_llama3-70b/data/game_log1.json,26,sender,61.66666666666667,12,61.66666666666667,observed,,12
Llama 3 70B,TG,game_log1,RQ1_old_result/result_trust_game_population/30lun_3ci_012402_llama3-70b/data/game_log1.json,26,receiver,32.25308641975309,12,32.25308641975309,observed,,12
Llama 3 70B,TG,game_log1,RQ1_old_result/result_trust_game_population/30lun_3ci_012402_llama3-70b/data/game_log1.json,27,sender,62.5,12,62.5,observed,,12
Llama 3 70B,TG,game_log1,RQ1_old_result/result_trust_game_population/30lun_3ci_012402_llama3-70b/data/game_log1.json,27,receiver,33.101851851851855,12,33.101851851851855,observed,,12
Llama 3 70B,TG,game_log1,RQ1_old_result/result_trust_game_population/30lun_3ci_012402_llama3-70b/data/game_log1.json,28,sender,55.83333333333332,12,55.83333333333332,observed,,12
Llama 3 70B,TG,game_log1,RQ1_old_result/result_trust_game_population/30lun_3ci_012402_llama3-70b/data/game_log1.json,28,receiver,36.48148148148149,12,36.48148148148149,observed,,12
Llama 3 70B,TG,game_log1,RQ1_old_result/result_trust_game_population/30lun_3ci_012402_llama3-70b/data/game_log1.json,29,sender,54.166666666666664,12,54.166666666666664,observed,,12
Llama 3 70B,TG,game_log1,RQ1_old_result/result_trust_game_population/30lun_3ci_012402_llama3-70b/data/game_log1.json,29,receiver,32.950937950937956,11,32.950937950937956,observed,,11
Llama 3 70B,TG,game_log1,RQ1_old_result/result_trust_game_population/30lun_3ci_012402_llama3-70b/data/game_log1.json,30,sender,60.83333333333333,12,60.83333333333333,observed,,12
Llama 3 70B,TG,game_log1,RQ1_old_result/result_trust_game_population/30lun_3ci_012402_llama3-70b/data/game_log1.json,30,receiver,34.135802469135804,12,34.135802469135804,observed,,12
Llama 3 70B,TG,game_log2,RQ1_old_result/result_trust_game_population/30lun_3ci_012402_llama3-70b/data/game_log2.json,1,sender,50.0,12,50.0,observed,,12
Llama 3 70B,TG,game_log2,RQ1_old_result/result_trust_game_population/30lun_3ci_012402_llama3-70b/data/game_log2.json,1,receiver,47.77777777777777,12,47.77777777777777,observed,,12
Llama 3 70B,TG,game_log2,RQ1_old_result/result_trust_game_population/30lun_3ci_012402_llama3-70b/data/game_log2.json,2,sender,50.0,12,50.0,observed,,12
Llama 3 70B,TG,game_log2,RQ1_old_result/result_trust_game_population/30lun_3ci_012402_llama3-70b/data/game_log2.json,2,receiver,40.55555555555555,12,40.55555555555555,observed,,12
Llama 3 70B,TG,game_log2,RQ1_old_result/result_trust_game_population/30lun_3ci_012402_llama3-70b/data/game_log2.json,3,sender,43.33333333333333,12,43.33333333333333,observed,,12
Llama 3 70B,TG,game_log2,RQ1_old_result/result_trust_game_population/30lun_3ci_012402_llama3-70b/data/game_log2.json,3,receiver,33.88888888888889,12,33.88888888888889,observed,,12
Llama 3 70B,TG,game_log2,RQ1_old_result/result_trust_game_population/30lun_3ci_012402_llama3-70b/data/game_log2.json,4,sender,50.0,12,50.0,observed,,12
Llama 3 70B,TG,game_log2,RQ1_old_result/result_trust_game_population/30lun_3ci_012402_llama3-70b/data/game_log2.json,4,receiver,30.555555555555557,12,30.555555555555557,observed,,12
Llama 3 70B,TG,game_log2,RQ1_old_result/result_trust_game_population/30lun_3ci_012402_llama3-70b/data/game_log2.json,5,sender,56.666666666666664,12,56.666666666666664,observed,,12
Llama 3 70B,TG,game_log2,RQ1_old_result/result_trust_game_population/30lun_3ci_012402_llama3-70b/data/game_log2.json,5,receiver,34.513888888888886,12,34.513888888888886,observed,,12
Llama 3 70B,TG,game_log2,RQ1_old_result/result_trust_game_population/30lun_3ci_012402_llama3-70b/data/game_log2.json,6,sender,50.0,12,50.0,observed,,12
Llama 3 70B,TG,game_log2,RQ1_old_result/result_trust_game_population/30lun_3ci_012402_llama3-70b/data/game_log2.json,6,receiver,31.66666666666667,12,31.66666666666667,observed,,12
Llama 3 70B,TG,game_log2,RQ1_old_result/result_trust_game_population/30lun_3ci_012402_llama3-70b/data/game_log2.json,7,sender,49.166666666666664,12,49.166666666666664,observed,,12
Llama 3 70B,TG,game_log2,RQ1_old_result/result_trust_game_population/30lun_3ci_012402_llama3-70b/data/game_log2.json,7,receiver,37.361111111111114,12,37.361111111111114,observed,,12
Llama 3 70B,TG,game_log2,RQ1_old_result/result_trust_game_population/30lun_3ci_012402_llama3-70b/data/game_log2.json,8,sender,57.49999999999999,12,57.49999999999999,observed,,12
Llama 3 70B,TG,game_log2,RQ1_old_result/result_trust_game_population/30lun_3ci_012402_llama3-70b/data/game_log2.json,8,receiver,38.05555555555556,12,38.05555555555556,observed,,12
Llama 3 70B,TG,game_log2,RQ1_old_result/result_trust_game_population/30lun_3ci_012402_llama3-70b/data/game_log2.json,9,sender,52.5,12,52.5,observed,,12
Llama 3 70B,TG,game_log2,RQ1_old_result/result_trust_game_population/30lun_3ci_012402_llama3-70b/data/game_log2.json,9,receiver,33.88888888888889,12,33.88888888888889,observed,,12
Llama 3 70B,TG,game_log2,RQ1_old_result/result_trust_game_population/30lun_3ci_012402_llama3-70b/data/game_log2.json,10,sender,45.83333333333333,12,45.83333333333333,observed,,12
Llama 3 70B,TG,game_log2,RQ1_old_result/result_trust_game_population/30lun_3ci_012402_llama3-70b/data/game_log2.json,10,receiver,38.484848484848484,11,38.484848484848484,observed,,11
Llama 3 70B,TG,game_log2,RQ1_old_result/result_trust_game_population/30lun_3ci_012402_llama3-70b/data/game_log2.json,11,sender,54.99999999999999,12,54.99999999999999,observed,,12
Llama 3 70B,TG,game_log2,RQ1_old_result/result_trust_game_population/30lun_3ci_012402_llama3-70b/data/game_log2.json,11,receiver,38.33333333333333,12,38.33333333333333,observed,,12
Llama 3 70B,TG,game_log2,RQ1_old_result/result_trust_game_population/30lun_3ci_012402_llama3-70b/data/game_log2.json,12,sender,57.49999999999999,12,57.49999999999999,observed,,12
Llama 3 70B,TG,game_log2,RQ1_old_result/result_trust_game_population/30lun_3ci_012402_llama3-70b/data/game_log2.json,12,receiver,43.47222222222222,12,43.47222222222222,observed,,12
Llama 3 70B,TG,game_log2,RQ1_old_result/result_trust_game_population/30lun_3ci_012402_llama3-70b/data/game_log2.json,13,sender,48.333333333333336,12,48.333333333333336,observed,,12
Llama 3 70B,TG,game_log2,RQ1_old_result/result_trust_game_population/30lun_3ci_012402_llama3-70b/data/game_log2.json,13,receiver,39.54545454545455,11,39.54545454545455,observed,,11
Llama 3 70B,TG,game_log2,RQ1_old_result/result_trust_game_population/30lun_3ci_012402_llama3-70b/data/game_log2.json,14,sender,60.0,12,60.0,observed,,12
Llama 3 70B,TG,game_log2,RQ1_old_result/result_trust_game_population/30lun_3ci_012402_llama3-70b/data/game_log2.json,14,receiver,37.361111111111114,12,37.361111111111114,observed,,12
Llama 3 70B,TG,game_log2,RQ1_old_result/result_trust_game_population/30lun_3ci_012402_llama3-70b/data/game_log2.json,15,sender,62.499999999999986,12,62.499999999999986,observed,,12
Llama 3 70B,TG,game_log2,RQ1_old_result/result_trust_game_population/30lun_3ci_012402_llama3-70b/data/game_log2.json,15,receiver,37.638888888888886,12,37.638888888888886,observed,,12
Llama 3 70B,TG,game_log2,RQ1_old_result/result_trust_game_population/30lun_3ci_012402_llama3-70b/data/game_log2.json,16,sender,60.0,12,60.0,observed,,12
Llama 3 70B,TG,game_log2,RQ1_old_result/result_trust_game_population/30lun_3ci_012402_llama3-70b/data/game_log2.json,16,receiver,28.888888888888893,12,28.888888888888893,observed,,12
Llama 3 70B,TG,game_log2,RQ1_old_result/result_trust_game_population/30lun_3ci_012402_llama3-70b/data/game_log2.json,17,sender,46.66666666666667,12,46.66666666666667,observed,,12
Llama 3 70B,TG,game_log2,RQ1_old_result/result_trust_game_population/30lun_3ci_012402_llama3-70b/data/game_log2.json,17,receiver,29.75308641975309,12,29.75308641975309,observed,,12
Llama 3 70B,TG,game_log2,RQ1_old_result/result_trust_game_population/30lun_3ci_012402_llama3-70b/data/game_log2.json,18,sender,48.333333333333336,12,48.333333333333336,observed,,12
Llama 3 70B,TG,game_log2,RQ1_old_result/result_trust_game_population/30lun_3ci_012402_llama3-70b/data/game_log2.json,18,receiver,33.333333333333336,11,33.333333333333336,observed,,11
Llama 3 70B,TG,game_log2,RQ1_old_result/result_trust_game_population/30lun_3ci_012402_llama3-70b/data/game_log2.json,19,sender,50.83333333333333,12,50.83333333333333,observed,,12
Llama 3 70B,TG,game_log2,RQ1_old_result/result_trust_game_population/30lun_3ci_012402_llama3-70b/data/game_log2.json,19,receiver,35.757575757575765,11,35.757575757575765,observed,,11
Llama 3 70B,TG,game_log2,RQ1_old_result/result_trust_game_population/30lun_3ci_012402_llama3-70b/data/game_log2.json,20,sender,58.333333333333336,12,58.333333333333336,observed,,12
Llama 3 70B,TG,game_log2,RQ1_old_result/result_trust_game_population/30lun_3ci_012402_llama3-70b/data/game_log2.json,20,receiver,33.217592592592595,12,33.217592592592595,observed,,12
Llama 3 70B,TG,game_log2,RQ1_old_result/result_trust_game_population/30lun_3ci_012402_llama3-70b/data/game_log2.json,21,sender,46.66666666666667,12,46.66666666666667,observed,,12
Llama 3 70B,TG,game_log2,RQ1_old_result/result_trust_game_population/30lun_3ci_012402_llama3-70b/data/game_log2.json,21,receiver,37.57575757575758,11,37.57575757575758,observed,,11
Llama 3 70B,TG,game_log2,RQ1_old_result/result_trust_game_population/30lun_3ci_012402_llama3-70b/data/game_log2.json,22,sender,64.16666666666666,12,64.16666666666666,observed,,12
Llama 3 70B,TG,game_log2,RQ1_old_result/result_trust_game_population/30lun_3ci_012402_llama3-70b/data/game_log2.json,22,receiver,29.44444444444445,12,29.44444444444445,observed,,12
Llama 3 70B,TG,game_log2,RQ1_old_result/result_trust_game_population/30lun_3ci_012402_llama3-70b/data/game_log2.json,23,sender,66.66666666666666,12,66.66666666666666,observed,,12
Llama 3 70B,TG,game_log2,RQ1_old_result/result_trust_game_population/30lun_3ci_012402_llama3-70b/data/game_log2.json,23,receiver,38.74999999999999,12,38.74999999999999,observed,,12
Llama 3 70B,TG,game_log2,RQ1_old_result/result_trust_game_population/30lun_3ci_012402_llama3-70b/data/game_log2.json,24,sender,51.66666666666667,12,51.66666666666667,observed,,12
Llama 3 70B,TG,game_log2,RQ1_old_result/result_trust_game_population/30lun_3ci_012402_llama3-70b/data/game_log2.json,24,receiver,37.71604938271605,12,37.71604938271605,observed,,12
Llama 3 70B,TG,game_log2,RQ1_old_result/result_trust_game_population/30lun_3ci_012402_llama3-70b/data/game_log2.json,25,sender,53.333333333333336,12,53.333333333333336,observed,,12
Llama 3 70B,TG,game_log2,RQ1_old_result/result_trust_game_population/30lun_3ci_012402_llama3-70b/data/game_log2.json,25,receiver,32.22222222222222,12,32.22222222222222,observed,,12
Llama 3 70B,TG,game_log2,RQ1_old_result/result_trust_game_population/30lun_3ci_012402_llama3-70b/data/game_log2.json,26,sender,48.333333333333336,12,48.333333333333336,observed,,12
Llama 3 70B,TG,game_log2,RQ1_old_result/result_trust_game_population/30lun_3ci_012402_llama3-70b/data/game_log2.json,26,receiver,32.916666666666664,12,32.916666666666664,observed,,12
Llama 3 70B,TG,game_log2,RQ1_old_result/result_trust_game_population/30lun_3ci_012402_llama3-70b/data/game_log2.json,27,sender,64.16666666666667,12,64.16666666666667,observed,,12
Llama 3 70B,TG,game_log2,RQ1_old_result/result_trust_game_population/30lun_3ci_012402_llama3-70b/data/game_log2.json,27,receiver,36.06060606060606,11,36.06060606060606,observed,,11
Llama 3 70B,TG,game_log2,RQ1_old_result/result_trust_game_population/30lun_3ci_012402_llama3-70b/data/game_log2.json,28,sender,58.333333333333336,12,58.333333333333336,observed,,12
Llama 3 70B,TG,game_log2,RQ1_old_result/result_trust_game_population/30lun_3ci_012402_llama3-70b/data/game_log2.json,28,receiver,35.8641975308642,12,35.8641975308642,observed,,12
Llama 3 70B,TG,game_log2,RQ1_old_result/result_trust_game_population/30lun_3ci_012402_llama3-70b/data/game_log2.json,29,sender,53.333333333333336,12,53.333333333333336,observed,,12
Llama 3 70B,TG,game_log2,RQ1_old_result/result_trust_game_population/30lun_3ci_012402_llama3-70b/data/game_log2.json,29,receiver,46.3973063973064,11,46.3973063973064,observed,,11
Llama 3 70B,TG,game_log2,RQ1_old_result/result_trust_game_population/30lun_3ci_012402_llama3-70b/data/game_log2.json,30,sender,56.66666666666668,12,56.66666666666668,observed,,12
Llama 3 70B,TG,game_log2,RQ1_old_result/result_trust_game_population/30lun_3ci_012402_llama3-70b/data/game_log2.json,30,receiver,36.0942760942761,11,36.0942760942761,observed,,11
Llama 3 70B,TG,game_log3,RQ1_old_result/result_trust_game_population/30lun_3ci_012402_llama3-70b/data/game_log3.json,1,sender,54.166666666666664,12,54.166666666666664,observed,,12
Llama 3 70B,TG,game_log3,RQ1_old_result/result_trust_game_population/30lun_3ci_012402_llama3-70b/data/game_log3.json,1,receiver,41.11111111111111,12,41.11111111111111,observed,,12
Llama 3 70B,TG,game_log3,RQ1_old_result/result_trust_game_population/30lun_3ci_012402_llama3-70b/data/game_log3.json,2,sender,52.5,12,52.5,observed,,12
Llama 3 70B,TG,game_log3,RQ1_old_result/result_trust_game_population/30lun_3ci_012402_llama3-70b/data/game_log3.json,2,receiver,40.763888888888886,12,40.763888888888886,observed,,12
Llama 3 70B,TG,game_log3,RQ1_old_result/result_trust_game_population/30lun_3ci_012402_llama3-70b/data/game_log3.json,3,sender,50.0,12,50.0,observed,,12
Llama 3 70B,TG,game_log3,RQ1_old_result/result_trust_game_population/30lun_3ci_012402_llama3-70b/data/game_log3.json,3,receiver,37.777777777777786,12,37.777777777777786,observed,,12
Llama 3 70B,TG,game_log3,RQ1_old_result/result_trust_game_population/30lun_3ci_012402_llama3-70b/data/game_log3.json,4,sender,46.666666666666664,12,46.666666666666664,observed,,12
Llama 3 70B,TG,game_log3,RQ1_old_result/result_trust_game_population/30lun_3ci_012402_llama3-70b/data/game_log3.json,4,receiver,42.22222222222222,12,42.22222222222222,observed,,12
Llama 3 70B,TG,game_log3,RQ1_old_result/result_trust_game_population/30lun_3ci_012402_llama3-70b/data/game_log3.json,5,sender,52.5,12,52.5,observed,,12
Llama 3 70B,TG,game_log3,RQ1_old_result/result_trust_game_population/30lun_3ci_012402_llama3-70b/data/game_log3.json,5,receiver,36.064814814814824,12,36.064814814814824,observed,,12
Llama 3 70B,TG,game_log3,RQ1_old_result/result_trust_game_population/30lun_3ci_012402_llama3-70b/data/game_log3.json,6,sender,49.16666666666667,12,49.16666666666667,observed,,12
Llama 3 70B,TG,game_log3,RQ1_old_result/result_trust_game_population/30lun_3ci_012402_llama3-70b/data/game_log3.json,6,receiver,36.111111111111114,12,36.111111111111114,observed,,12
Llama 3 70B,TG,game_log3,RQ1_old_result/result_trust_game_population/30lun_3ci_012402_llama3-70b/data/game_log3.json,7,sender,49.16666666666667,12,49.16666666666667,observed,,12
Llama 3 70B,TG,game_log3,RQ1_old_result/result_trust_game_population/30lun_3ci_012402_llama3-70b/data/game_log3.json,7,receiver,34.44444444444445,12,34.44444444444445,observed,,12
Llama 3 70B,TG,game_log3,RQ1_old_result/result_trust_game_population/30lun_3ci_012402_llama3-70b/data/game_log3.json,8,sender,49.166666666666664,12,49.166666666666664,observed,,12
Llama 3 70B,TG,game_log3,RQ1_old_result/result_trust_game_population/30lun_3ci_012402_llama3-70b/data/game_log3.json,8,receiver,40.55555555555555,12,40.55555555555555,observed,,12
Llama 3 70B,TG,game_log3,RQ1_old_result/result_trust_game_population/30lun_3ci_012402_llama3-70b/data/game_log3.json,9,sender,45.83333333333333,12,45.83333333333333,observed,,12
Llama 3 70B,TG,game_log3,RQ1_old_result/result_trust_game_population/30lun_3ci_012402_llama3-70b/data/game_log3.json,9,receiver,35.0,12,35.0,observed,,12
Llama 3 70B,TG,game_log3,RQ1_old_result/result_trust_game_population/30lun_3ci_012402_llama3-70b/data/game_log3.json,10,sender,50.0,12,50.0,observed,,12
Llama 3 70B,TG,game_log3,RQ1_old_result/result_trust_game_population/30lun_3ci_012402_llama3-70b/data/game_log3.json,10,receiver,39.166666666666664,12,39.166666666666664,observed,,12
Llama 3 70B,TG,game_log3,RQ1_old_result/result_trust_game_population/30lun_3ci_012402_llama3-70b/data/game_log3.json,11,sender,54.99999999999999,12,54.99999999999999,observed,,12
Llama 3 70B,TG,game_log3,RQ1_old_result/result_trust_game_population/30lun_3ci_012402_llama3-70b/data/game_log3.json,11,receiver,37.361111111111114,12,37.361111111111114,observed,,12
Llama 3 70B,TG,game_log3,RQ1_old_result/result_trust_game_population/30lun_3ci_012402_llama3-70b/data/game_log3.json,12,sender,58.333333333333336,12,58.333333333333336,observed,,12
Llama 3 70B,TG,game_log3,RQ1_old_result/result_trust_game_population/30lun_3ci_012402_llama3-70b/data/game_log3.json,12,receiver,38.19444444444445,12,38.19444444444445,observed,,12
Llama 3 70B,TG,game_log3,RQ1_old_result/result_trust_game_population/30lun_3ci_012402_llama3-70b/data/game_log3.json,13,sender,54.99999999999999,12,54.99999999999999,observed,,12
Llama 3 70B,TG,game_log3,RQ1_old_result/result_trust_game_population/30lun_3ci_012402_llama3-70b/data/game_log3.json,13,receiver,38.888888888888886,12,38.888888888888886,observed,,12
Llama 3 70B,TG,game_log3,RQ1_old_result/result_trust_game_population/30lun_3ci_012402_llama3-70b/data/game_log3.json,14,sender,51.66666666666667,12,51.66666666666667,observed,,12
Llama 3 70B,TG,game_log3,RQ1_old_result/result_trust_game_population/30lun_3ci_012402_llama3-70b/data/game_log3.json,14,receiver,35.555555555555564,12,35.555555555555564,observed,,12
Llama 3 70B,TG,game_log3,RQ1_old_result/result_trust_game_population/30lun_3ci_012402_llama3-70b/data/game_log3.json,15,sender,49.16666666666667,12,49.16666666666667,observed,,12
Llama 3 70B,TG,game_log3,RQ1_old_result/result_trust_game_population/30lun_3ci_012402_llama3-70b/data/game_log3.json,15,receiver,35.30303030303031,11,35.30303030303031,observed,,11
Llama 3 70B,TG,game_log3,RQ1_old_result/result_trust_game_population/30lun_3ci_012402_llama3-70b/data/game_log3.json,16,sender,54.99999999999999,12,54.99999999999999,observed,,12
Llama 3 70B,TG,game_log3,RQ1_old_result/result_trust_game_population/30lun_3ci_012402_llama3-70b/data/game_log3.json,16,receiver,35.555555555555564,12,35.555555555555564,observed,,12
Llama 3 70B,TG,game_log3,RQ1_old_result/result_trust_game_population/30lun_3ci_012402_llama3-70b/data/game_log3.json,17,sender,50.0,12,50.0,observed,,12
Llama 3 70B,TG,game_log3,RQ1_old_result/result_trust_game_population/30lun_3ci_012402_llama3-70b/data/game_log3.json,17,receiver,31.419753086419753,12,31.419753086419753,observed,,12
Llama 3 70B,TG,game_log3,RQ1_old_result/result_trust_game_population/30lun_3ci_012402_llama3-70b/data/game_log3.json,18,sender,56.666666666666664,12,56.666666666666664,observed,,12
Llama 3 70B,TG,game_log3,RQ1_old_result/result_trust_game_population/30lun_3ci_012402_llama3-70b/data/game_log3.json,18,receiver,39.02777777777778,12,39.02777777777778,observed,,12
Llama 3 70B,TG,game_log3,RQ1_old_result/result_trust_game_population/30lun_3ci_012402_llama3-70b/data/game_log3.json,19,sender,54.99999999999999,12,54.99999999999999,observed,,12
Llama 3 70B,TG,game_log3,RQ1_old_result/result_trust_game_population/30lun_3ci_012402_llama3-70b/data/game_log3.json,19,receiver,35.55555555555556,12,35.55555555555556,observed,,12
Llama 3 70B,TG,game_log3,RQ1_old_result/result_trust_game_population/30lun_3ci_012402_llama3-70b/data/game_log3.json,20,sender,58.333333333333336,12,58.333333333333336,observed,,12
Llama 3 70B,TG,game_log3,RQ1_old_result/result_trust_game_population/30lun_3ci_012402_llama3-70b/data/game_log3.json,20,receiver,35.44753086419753,12,35.44753086419753,observed,,12
Llama 3 70B,TG,game_log3,RQ1_old_result/result_trust_game_population/30lun_3ci_012402_llama3-70b/data/game_log3.json,21,sender,66.66666666666666,12,66.66666666666666,observed,,12
Llama 3 70B,TG,game_log3,RQ1_old_result/result_trust_game_population/30lun_3ci_012402_llama3-70b/data/game_log3.json,21,receiver,38.10185185185185,12,38.10185185185185,observed,,12
Llama 3 70B,TG,game_log3,RQ1_old_result/result_trust_game_population/30lun_3ci_012402_llama3-70b/data/game_log3.json,22,sender,65.0,12,65.0,observed,,12
Llama 3 70B,TG,game_log3,RQ1_old_result/result_trust_game_population/30lun_3ci_012402_llama3-70b/data/game_log3.json,22,receiver,34.876543209876544,12,34.876543209876544,observed,,12
Llama 3 70B,TG,game_log3,RQ1_old_result/result_trust_game_population/30lun_3ci_012402_llama3-70b/data/game_log3.json,23,sender,58.333333333333336,12,58.333333333333336,observed,,12
Llama 3 70B,TG,game_log3,RQ1_old_result/result_trust_game_population/30lun_3ci_012402_llama3-70b/data/game_log3.json,23,receiver,39.02777777777778,12,39.02777777777778,observed,,12
Llama 3 70B,TG,game_log3,RQ1_old_result/result_trust_game_population/30lun_3ci_012402_llama3-70b/data/game_log3.json,24,sender,66.66666666666666,12,66.66666666666666,observed,,12
Llama 3 70B,TG,game_log3,RQ1_old_result/result_trust_game_population/30lun_3ci_012402_llama3-70b/data/game_log3.json,24,receiver,35.37037037037037,12,35.37037037037037,observed,,12
Llama 3 70B,TG,game_log3,RQ1_old_result/result_trust_game_population/30lun_3ci_012402_llama3-70b/data/game_log3.json,25,sender,58.333333333333336,12,58.333333333333336,observed,,12
Llama 3 70B,TG,game_log3,RQ1_old_result/result_trust_game_population/30lun_3ci_012402_llama3-70b/data/game_log3.json,25,receiver,35.8641975308642,12,35.8641975308642,observed,,12
Llama 3 70B,TG,game_log3,RQ1_old_result/result_trust_game_population/30lun_3ci_012402_llama3-70b/data/game_log3.json,26,sender,63.33333333333334,12,63.33333333333334,observed,,12
Llama 3 70B,TG,game_log3,RQ1_old_result/result_trust_game_population/30lun_3ci_012402_llama3-70b/data/game_log3.json,26,receiver,38.657407407407405,12,38.657407407407405,observed,,12
Llama 3 70B,TG,game_log3,RQ1_old_result/result_trust_game_population/30lun_3ci_012402_llama3-70b/data/game_log3.json,27,sender,63.33333333333333,12,63.33333333333333,observed,,12
Llama 3 70B,TG,game_log3,RQ1_old_result/result_trust_game_population/30lun_3ci_012402_llama3-70b/data/game_log3.json,27,receiver,34.6141975308642,12,34.6141975308642,observed,,12
Llama 3 70B,TG,game_log3,RQ1_old_result/result_trust_game_population/30lun_3ci_012402_llama3-70b/data/game_log3.json,28,sender,61.66666666666666,12,61.66666666666666,observed,,12
Llama 3 70B,TG,game_log3,RQ1_old_result/result_trust_game_population/30lun_3ci_012402_llama3-70b/data/game_log3.json,28,receiver,33.641975308641975,12,33.641975308641975,observed,,12
Llama 3 70B,TG,game_log3,RQ1_old_result/result_trust_game_population/30lun_3ci_012402_llama3-70b/data/game_log3.json,29,sender,56.66666666666666,12,56.66666666666666,observed,,12
Llama 3 70B,TG,game_log3,RQ1_old_result/result_trust_game_population/30lun_3ci_012402_llama3-70b/data/game_log3.json,29,receiver,36.14197530864198,12,36.14197530864198,observed,,12
Llama 3 70B,TG,game_log3,RQ1_old_result/result_trust_game_population/30lun_3ci_012402_llama3-70b/data/game_log3.json,30,sender,47.49999999999999,12,47.49999999999999,observed,,12
Llama 3 70B,TG,game_log3,RQ1_old_result/result_trust_game_population/30lun_3ci_012402_llama3-70b/data/game_log3.json,30,receiver,39.848484848484844,11,39.848484848484844,observed,,11
Qwen 2.5 7B,PD,game_log1,RQ1_old_result/result_prisoners_dilemma_group/10lun_3ci_020501_Qwen2.5-7B-Instruct/data/game_log1.json,1,cooperation,0.0,24,0.0,observed,,24
Qwen 2.5 7B,PD,game_log1,RQ1_old_result/result_prisoners_dilemma_group/10lun_3ci_020501_Qwen2.5-7B-Instruct/data/game_log1.json,2,cooperation,0.0,24,0.0,observed,,24
Qwen 2.5 7B,PD,game_log1,RQ1_old_result/result_prisoners_dilemma_group/10lun_3ci_020501_Qwen2.5-7B-Instruct/data/game_log1.json,3,cooperation,0.0,24,0.0,observed,,24
Qwen 2.5 7B,PD,game_log1,RQ1_old_result/result_prisoners_dilemma_group/10lun_3ci_020501_Qwen2.5-7B-Instruct/data/game_log1.json,4,cooperation,0.0,24,0.0,observed,,24
Qwen 2.5 7B,PD,game_log1,RQ1_old_result/result_prisoners_dilemma_group/10lun_3ci_020501_Qwen2.5-7B-Instruct/data/game_log1.json,5,cooperation,0.0,24,0.0,observed,,24
Qwen 2.5 7B,PD,game_log1,RQ1_old_result/result_prisoners_dilemma_group/10lun_3ci_020501_Qwen2.5-7B-Instruct/data/game_log1.json,6,cooperation,0.0,24,0.0,observed,,24
Qwen 2.5 7B,PD,game_log1,RQ1_old_result/result_prisoners_dilemma_group/10lun_3ci_020501_Qwen2.5-7B-Instruct/data/game_log1.json,7,cooperation,0.0,24,0.0,observed,,24
Qwen 2.5 7B,PD,game_log1,RQ1_old_result/result_prisoners_dilemma_group/10lun_3ci_020501_Qwen2.5-7B-Instruct/data/game_log1.json,8,cooperation,0.0,24,0.0,observed,,24
Qwen 2.5 7B,PD,game_log1,RQ1_old_result/result_prisoners_dilemma_group/10lun_3ci_020501_Qwen2.5-7B-Instruct/data/game_log1.json,9,cooperation,0.0,24,0.0,observed,,24
Qwen 2.5 7B,PD,game_log1,RQ1_old_result/result_prisoners_dilemma_group/10lun_3ci_020501_Qwen2.5-7B-Instruct/data/game_log1.json,10,cooperation,0.0,24,0.0,observed,,24
Qwen 2.5 7B,PD,game_log2,RQ1_old_result/result_prisoners_dilemma_group/10lun_3ci_020501_Qwen2.5-7B-Instruct/data/game_log2.json,1,cooperation,0.0,24,0.0,observed,,24
Qwen 2.5 7B,PD,game_log2,RQ1_old_result/result_prisoners_dilemma_group/10lun_3ci_020501_Qwen2.5-7B-Instruct/data/game_log2.json,2,cooperation,0.0,24,0.0,observed,,24
Qwen 2.5 7B,PD,game_log2,RQ1_old_result/result_prisoners_dilemma_group/10lun_3ci_020501_Qwen2.5-7B-Instruct/data/game_log2.json,3,cooperation,0.0,24,0.0,observed,,24
Qwen 2.5 7B,PD,game_log2,RQ1_old_result/result_prisoners_dilemma_group/10lun_3ci_020501_Qwen2.5-7B-Instruct/data/game_log2.json,4,cooperation,0.0,24,0.0,observed,,24
Qwen 2.5 7B,PD,game_log2,RQ1_old_result/result_prisoners_dilemma_group/10lun_3ci_020501_Qwen2.5-7B-Instruct/data/game_log2.json,5,cooperation,0.0,24,0.0,observed,,24
Qwen 2.5 7B,PD,game_log2,RQ1_old_result/result_prisoners_dilemma_group/10lun_3ci_020501_Qwen2.5-7B-Instruct/data/game_log2.json,6,cooperation,0.0,24,0.0,observed,,24
Qwen 2.5 7B,PD,game_log2,RQ1_old_result/result_prisoners_dilemma_group/10lun_3ci_020501_Qwen2.5-7B-Instruct/data/game_log2.json,7,cooperation,0.0,24,0.0,observed,,24
Qwen 2.5 7B,PD,game_log2,RQ1_old_result/result_prisoners_dilemma_group/10lun_3ci_020501_Qwen2.5-7B-Instruct/data/game_log2.json,8,cooperation,0.0,24,0.0,observed,,24
Qwen 2.5 7B,PD,game_log2,RQ1_old_result/result_prisoners_dilemma_group/10lun_3ci_020501_Qwen2.5-7B-Instruct/data/game_log2.json,9,cooperation,0.0,24,0.0,observed,,24
Qwen 2.5 7B,PD,game_log2,RQ1_old_result/result_prisoners_dilemma_group/10lun_3ci_020501_Qwen2.5-7B-Instruct/data/game_log2.json,10,cooperation,0.0,24,0.0,observed,,24
Qwen 2.5 7B,PD,game_log3,RQ1_old_result/result_prisoners_dilemma_group/10lun_3ci_020501_Qwen2.5-7B-Instruct/data/game_log3.json,1,cooperation,0.0,24,0.0,observed,,24
Qwen 2.5 7B,PD,game_log3,RQ1_old_result/result_prisoners_dilemma_group/10lun_3ci_020501_Qwen2.5-7B-Instruct/data/game_log3.json,2,cooperation,0.0,24,0.0,observed,,24
Qwen 2.5 7B,PD,game_log3,RQ1_old_result/result_prisoners_dilemma_group/10lun_3ci_020501_Qwen2.5-7B-Instruct/data/game_log3.json,3,cooperation,0.0,24,0.0,observed,,24
Qwen 2.5 7B,PD,game_log3,RQ1_old_result/result_prisoners_dilemma_group/10lun_3ci_020501_Qwen2.5-7B-Instruct/data/game_log3.json,4,cooperation,0.0,24,0.0,observed,,24
Qwen 2.5 7B,PD,game_log3,RQ1_old_result/result_prisoners_dilemma_group/10lun_3ci_020501_Qwen2.5-7B-Instruct/data/game_log3.json,5,cooperation,0.0,24,0.0,observed,,24
Qwen 2.5 7B,PD,game_log3,RQ1_old_result/result_prisoners_dilemma_group/10lun_3ci_020501_Qwen2.5-7B-Instruct/data/game_log3.json,6,cooperation,0.0,24,0.0,observed,,24
Qwen 2.5 7B,PD,game_log3,RQ1_old_result/result_prisoners_dilemma_group/10lun_3ci_020501_Qwen2.5-7B-Instruct/data/game_log3.json,7,cooperation,0.0,24,0.0,observed,,24
Qwen 2.5 7B,PD,game_log3,RQ1_old_result/result_prisoners_dilemma_group/10lun_3ci_020501_Qwen2.5-7B-Instruct/data/game_log3.json,8,cooperation,0.0,24,0.0,observed,,24
Qwen 2.5 7B,PD,game_log3,RQ1_old_result/result_prisoners_dilemma_group/10lun_3ci_020501_Qwen2.5-7B-Instruct/data/game_log3.json,9,cooperation,0.0,24,0.0,observed,,24
Qwen 2.5 7B,PD,game_log3,RQ1_old_result/result_prisoners_dilemma_group/10lun_3ci_020501_Qwen2.5-7B-Instruct/data/game_log3.json,10,cooperation,0.0,24,0.0,observed,,24
Qwen 2.5 7B,PGG,game_logs1,RQ1_old_result/result_public_goods_group/qwen2.5-7b-instruct-three/game_logs1.json,1,contribution,0.0,24,0.0,observed,,24
Qwen 2.5 7B,PGG,game_logs1,RQ1_old_result/result_public_goods_group/qwen2.5-7b-instruct-three/game_logs1.json,2,contribution,3.3333333333333335,24,3.3333333333333335,observed,,24
Qwen 2.5 7B,PGG,game_logs1,RQ1_old_result/result_public_goods_group/qwen2.5-7b-instruct-three/game_logs1.json,3,contribution,84.16666666666667,24,84.16666666666667,observed,,24
Qwen 2.5 7B,PGG,game_logs1,RQ1_old_result/result_public_goods_group/qwen2.5-7b-instruct-three/game_logs1.json,4,contribution,0.0,24,0.0,observed,,24
Qwen 2.5 7B,PGG,game_logs1,RQ1_old_result/result_public_goods_group/qwen2.5-7b-instruct-three/game_logs1.json,5,contribution,4.166666666666666,24,4.166666666666666,observed,,24
Qwen 2.5 7B,PGG,game_logs1,RQ1_old_result/result_public_goods_group/qwen2.5-7b-instruct-three/game_logs1.json,6,contribution,0.0,24,0.0,observed,,24
Qwen 2.5 7B,PGG,game_logs1,RQ1_old_result/result_public_goods_group/qwen2.5-7b-instruct-three/game_logs1.json,7,contribution,0.0,24,0.0,observed,,24
Qwen 2.5 7B,PGG,game_logs1,RQ1_old_result/result_public_goods_group/qwen2.5-7b-instruct-three/game_logs1.json,8,contribution,0.0,24,0.0,observed,,24
Qwen 2.5 7B,PGG,game_logs1,RQ1_old_result/result_public_goods_group/qwen2.5-7b-instruct-three/game_logs1.json,9,contribution,0.0,24,0.0,observed,,24
Qwen 2.5 7B,PGG,game_logs1,RQ1_old_result/result_public_goods_group/qwen2.5-7b-instruct-three/game_logs1.json,10,contribution,0.0,24,0.0,observed,,24
Qwen 2.5 7B,PGG,game_logs1,RQ1_old_result/result_public_goods_group/qwen2.5-7b-instruct-three/game_logs1.json,11,contribution,0.0,24,0.0,observed,,24
Qwen 2.5 7B,PGG,game_logs1,RQ1_old_result/result_public_goods_group/qwen2.5-7b-instruct-three/game_logs1.json,12,contribution,0.0,24,0.0,observed,,24
Qwen 2.5 7B,PGG,game_logs1,RQ1_old_result/result_public_goods_group/qwen2.5-7b-instruct-three/game_logs1.json,13,contribution,0.0,24,0.0,observed,,24
Qwen 2.5 7B,PGG,game_logs1,RQ1_old_result/result_public_goods_group/qwen2.5-7b-instruct-three/game_logs1.json,14,contribution,0.0,24,0.0,observed,,24
Qwen 2.5 7B,PGG,game_logs1,RQ1_old_result/result_public_goods_group/qwen2.5-7b-instruct-three/game_logs1.json,15,contribution,0.0,24,0.0,observed,,24
Qwen 2.5 7B,PGG,game_logs1,RQ1_old_result/result_public_goods_group/qwen2.5-7b-instruct-three/game_logs1.json,16,contribution,0.0,24,0.0,observed,,24
Qwen 2.5 7B,PGG,game_logs1,RQ1_old_result/result_public_goods_group/qwen2.5-7b-instruct-three/game_logs1.json,17,contribution,0.0,24,0.0,observed,,24
Qwen 2.5 7B,PGG,game_logs1,RQ1_old_result/result_public_goods_group/qwen2.5-7b-instruct-three/game_logs1.json,18,contribution,0.0,24,0.0,observed,,24
Qwen 2.5 7B,PGG,game_logs1,RQ1_old_result/result_public_goods_group/qwen2.5-7b-instruct-three/game_logs1.json,19,contribution,0.0,24,0.0,observed,,24
Qwen 2.5 7B,PGG,game_logs1,RQ1_old_result/result_public_goods_group/qwen2.5-7b-instruct-three/game_logs1.json,20,contribution,0.0,24,0.0,observed,,24
Qwen 2.5 7B,PGG,game_logs1,RQ1_old_result/result_public_goods_group/qwen2.5-7b-instruct-three/game_logs1.json,21,contribution,0.0,24,0.0,observed,,24
Qwen 2.5 7B,PGG,game_logs1,RQ1_old_result/result_public_goods_group/qwen2.5-7b-instruct-three/game_logs1.json,22,contribution,0.0,24,0.0,observed,,24
Qwen 2.5 7B,PGG,game_logs1,RQ1_old_result/result_public_goods_group/qwen2.5-7b-instruct-three/game_logs1.json,23,contribution,0.0,24,0.0,observed,,24
Qwen 2.5 7B,PGG,game_logs1,RQ1_old_result/result_public_goods_group/qwen2.5-7b-instruct-three/game_logs1.json,24,contribution,0.0,24,0.0,observed,,24
Qwen 2.5 7B,PGG,game_logs1,RQ1_old_result/result_public_goods_group/qwen2.5-7b-instruct-three/game_logs1.json,25,contribution,0.0,24,0.0,observed,,24
Qwen 2.5 7B,PGG,game_logs1,RQ1_old_result/result_public_goods_group/qwen2.5-7b-instruct-three/game_logs1.json,26,contribution,0.0,24,0.0,observed,,24
Qwen 2.5 7B,PGG,game_logs1,RQ1_old_result/result_public_goods_group/qwen2.5-7b-instruct-three/game_logs1.json,27,contribution,0.0,24,0.0,observed,,24
Qwen 2.5 7B,PGG,game_logs1,RQ1_old_result/result_public_goods_group/qwen2.5-7b-instruct-three/game_logs1.json,28,contribution,0.0,24,0.0,observed,,24
Qwen 2.5 7B,PGG,game_logs1,RQ1_old_result/result_public_goods_group/qwen2.5-7b-instruct-three/game_logs1.json,29,contribution,0.0,24,0.0,observed,,24
Qwen 2.5 7B,PGG,game_logs1,RQ1_old_result/result_public_goods_group/qwen2.5-7b-instruct-three/game_logs1.json,30,contribution,0.0,24,0.0,observed,,24
Qwen 2.5 7B,PGG,game_logs2,RQ1_old_result/result_public_goods_group/qwen2.5-7b-instruct-three/game_logs2.json,1,contribution,0.0,24,0.0,observed,,24
Qwen 2.5 7B,PGG,game_logs2,RQ1_old_result/result_public_goods_group/qwen2.5-7b-instruct-three/game_logs2.json,2,contribution,6.874999999999999,24,6.874999999999999,observed,,24
Qwen 2.5 7B,PGG,game_logs2,RQ1_old_result/result_public_goods_group/qwen2.5-7b-instruct-three/game_logs2.json,3,contribution,78.75000000000001,24,78.75000000000001,observed,,24
Qwen 2.5 7B,PGG,game_logs2,RQ1_old_result/result_public_goods_group/qwen2.5-7b-instruct-three/game_logs2.json,4,contribution,35.62499999999999,24,35.62499999999999,observed,,24
Qwen 2.5 7B,PGG,game_logs2,RQ1_old_result/result_public_goods_group/qwen2.5-7b-instruct-three/game_logs2.json,5,contribution,32.49999999999999,24,32.49999999999999,observed,,24
Qwen 2.5 7B,PGG,game_logs2,RQ1_old_result/result_public_goods_group/qwen2.5-7b-instruct-three/game_logs2.json,6,contribution,3.75,24,3.75,observed,,24
Qwen 2.5 7B,PGG,game_logs2,RQ1_old_result/result_public_goods_group/qwen2.5-7b-instruct-three/game_logs2.json,7,contribution,15.0,24,15.0,observed,,24
Qwen 2.5 7B,PGG,game_logs2,RQ1_old_result/result_public_goods_group/qwen2.5-7b-instruct-three/game_logs2.json,8,contribution,3.75,24,3.75,observed,,24
Qwen 2.5 7B,PGG,game_logs2,RQ1_old_result/result_public_goods_group/qwen2.5-7b-instruct-three/game_logs2.json,9,contribution,0.0,24,0.0,observed,,24
Qwen 2.5 7B,PGG,game_logs2,RQ1_old_result/result_public_goods_group/qwen2.5-7b-instruct-three/game_logs2.json,10,contribution,22.5,24,22.5,observed,,24
Qwen 2.5 7B,PGG,game_logs2,RQ1_old_result/result_public_goods_group/qwen2.5-7b-instruct-three/game_logs2.json,11,contribution,0.0,24,0.0,observed,,24
Qwen 2.5 7B,PGG,game_logs2,RQ1_old_result/result_public_goods_group/qwen2.5-7b-instruct-three/game_logs2.json,12,contribution,11.25,24,11.25,observed,,24
Qwen 2.5 7B,PGG,game_logs2,RQ1_old_result/result_public_goods_group/qwen2.5-7b-instruct-three/game_logs2.json,13,contribution,0.0,24,0.0,observed,,24
Qwen 2.5 7B,PGG,game_logs2,RQ1_old_result/result_public_goods_group/qwen2.5-7b-instruct-three/game_logs2.json,14,contribution,0.0,24,0.0,observed,,24
Qwen 2.5 7B,PGG,game_logs2,RQ1_old_result/result_public_goods_group/qwen2.5-7b-instruct-three/game_logs2.json,15,contribution,0.0,24,0.0,observed,,24
Qwen 2.5 7B,PGG,game_logs2,RQ1_old_result/result_public_goods_group/qwen2.5-7b-instruct-three/game_logs2.json,16,contribution,0.0,24,0.0,observed,,24
Qwen 2.5 7B,PGG,game_logs2,RQ1_old_result/result_public_goods_group/qwen2.5-7b-instruct-three/game_logs2.json,17,contribution,0.0,24,0.0,observed,,24
Qwen 2.5 7B,PGG,game_logs2,RQ1_old_result/result_public_goods_group/qwen2.5-7b-instruct-three/game_logs2.json,18,contribution,0.0,24,0.0,observed,,24
Qwen 2.5 7B,PGG,game_logs2,RQ1_old_result/result_public_goods_group/qwen2.5-7b-instruct-three/game_logs2.json,19,contribution,0.0,24,0.0,observed,,24
Qwen 2.5 7B,PGG,game_logs2,RQ1_old_result/result_public_goods_group/qwen2.5-7b-instruct-three/game_logs2.json,20,contribution,0.0,24,0.0,observed,,24
Qwen 2.5 7B,PGG,game_logs2,RQ1_old_result/result_public_goods_group/qwen2.5-7b-instruct-three/game_logs2.json,21,contribution,0.0,24,0.0,observed,,24
Qwen 2.5 7B,PGG,game_logs2,RQ1_old_result/result_public_goods_group/qwen2.5-7b-instruct-three/game_logs2.json,22,contribution,0.0,24,0.0,observed,,24
Qwen 2.5 7B,PGG,game_logs2,RQ1_old_result/result_public_goods_group/qwen2.5-7b-instruct-three/game_logs2.json,23,contribution,0.0,24,0.0,observed,,24
Qwen 2.5 7B,PGG,game_logs2,RQ1_old_result/result_public_goods_group/qwen2.5-7b-instruct-three/game_logs2.json,24,contribution,0.0,24,0.0,observed,,24
Qwen 2.5 7B,PGG,game_logs2,RQ1_old_result/result_public_goods_group/qwen2.5-7b-instruct-three/game_logs2.json,25,contribution,0.0,24,0.0,observed,,24
Qwen 2.5 7B,PGG,game_logs2,RQ1_old_result/result_public_goods_group/qwen2.5-7b-instruct-three/game_logs2.json,26,contribution,0.0,24,0.0,observed,,24
Qwen 2.5 7B,PGG,game_logs2,RQ1_old_result/result_public_goods_group/qwen2.5-7b-instruct-three/game_logs2.json,27,contribution,0.0,24,0.0,observed,,24
Qwen 2.5 7B,PGG,game_logs2,RQ1_old_result/result_public_goods_group/qwen2.5-7b-instruct-three/game_logs2.json,28,contribution,0.0,24,0.0,observed,,24
Qwen 2.5 7B,PGG,game_logs2,RQ1_old_result/result_public_goods_group/qwen2.5-7b-instruct-three/game_logs2.json,29,contribution,0.0,24,0.0,observed,,24
Qwen 2.5 7B,PGG,game_logs2,RQ1_old_result/result_public_goods_group/qwen2.5-7b-instruct-three/game_logs2.json,30,contribution,0.0,24,0.0,observed,,24
Qwen 2.5 7B,PGG,game_logs3,RQ1_old_result/result_public_goods_group/qwen2.5-7b-instruct-three/game_logs3.json,1,contribution,0.0,24,0.0,observed,,24
Qwen 2.5 7B,PGG,game_logs3,RQ1_old_result/result_public_goods_group/qwen2.5-7b-instruct-three/game_logs3.json,2,contribution,0.625,24,0.625,observed,,24
Qwen 2.5 7B,PGG,game_logs3,RQ1_old_result/result_public_goods_group/qwen2.5-7b-instruct-three/game_logs3.json,3,contribution,34.791666666666664,24,34.791666666666664,observed,,24
Qwen 2.5 7B,PGG,game_logs3,RQ1_old_result/result_public_goods_group/qwen2.5-7b-instruct-three/game_logs3.json,4,contribution,0.0,24,0.0,observed,,24
Qwen 2.5 7B,PGG,game_logs3,RQ1_old_result/result_public_goods_group/qwen2.5-7b-instruct-three/game_logs3.json,5,contribution,0.0,24,0.0,observed,,24
Qwen 2.5 7B,PGG,game_logs3,RQ1_old_result/result_public_goods_group/qwen2.5-7b-instruct-three/game_logs3.json,6,contribution,0.0,24,0.0,observed,,24
Qwen 2.5 7B,PGG,game_logs3,RQ1_old_result/result_public_goods_group/qwen2.5-7b-instruct-three/game_logs3.json,7,contribution,0.0,24,0.0,observed,,24
Qwen 2.5 7B,PGG,game_logs3,RQ1_old_result/result_public_goods_group/qwen2.5-7b-instruct-three/game_logs3.json,8,contribution,0.0,24,0.0,observed,,24
Qwen 2.5 7B,PGG,game_logs3,RQ1_old_result/result_public_goods_group/qwen2.5-7b-instruct-three/game_logs3.json,9,contribution,0.0,24,0.0,observed,,24
Qwen 2.5 7B,PGG,game_logs3,RQ1_old_result/result_public_goods_group/qwen2.5-7b-instruct-three/game_logs3.json,10,contribution,0.0,24,0.0,observed,,24
Qwen 2.5 7B,PGG,game_logs3,RQ1_old_result/result_public_goods_group/qwen2.5-7b-instruct-three/game_logs3.json,11,contribution,0.0,24,0.0,observed,,24
Qwen 2.5 7B,PGG,game_logs3,RQ1_old_result/result_public_goods_group/qwen2.5-7b-instruct-three/game_logs3.json,12,contribution,0.0,24,0.0,observed,,24
Qwen 2.5 7B,PGG,game_logs3,RQ1_old_result/result_public_goods_group/qwen2.5-7b-instruct-three/game_logs3.json,13,contribution,0.0,24,0.0,observed,,24
Qwen 2.5 7B,PGG,game_logs3,RQ1_old_result/result_public_goods_group/qwen2.5-7b-instruct-three/game_logs3.json,14,contribution,0.0,24,0.0,observed,,24
Qwen 2.5 7B,PGG,game_logs3,RQ1_old_result/result_public_goods_group/qwen2.5-7b-instruct-three/game_logs3.json,15,contribution,0.0,24,0.0,observed,,24
Qwen 2.5 7B,PGG,game_logs3,RQ1_old_result/result_public_goods_group/qwen2.5-7b-instruct-three/game_logs3.json,16,contribution,0.0,24,0.0,observed,,24
Qwen 2.5 7B,PGG,game_logs3,RQ1_old_result/result_public_goods_group/qwen2.5-7b-instruct-three/game_logs3.json,17,contribution,0.0,24,0.0,observed,,24
Qwen 2.5 7B,PGG,game_logs3,RQ1_old_result/result_public_goods_group/qwen2.5-7b-instruct-three/game_logs3.json,18,contribution,0.0,24,0.0,observed,,24
Qwen 2.5 7B,PGG,game_logs3,RQ1_old_result/result_public_goods_group/qwen2.5-7b-instruct-three/game_logs3.json,19,contribution,0.0,24,0.0,observed,,24
Qwen 2.5 7B,PGG,game_logs3,RQ1_old_result/result_public_goods_group/qwen2.5-7b-instruct-three/game_logs3.json,20,contribution,0.0,24,0.0,observed,,24
Qwen 2.5 7B,PGG,game_logs3,RQ1_old_result/result_public_goods_group/qwen2.5-7b-instruct-three/game_logs3.json,21,contribution,0.0,24,0.0,observed,,24
Qwen 2.5 7B,PGG,game_logs3,RQ1_old_result/result_public_goods_group/qwen2.5-7b-instruct-three/game_logs3.json,22,contribution,0.0,24,0.0,observed,,24
Qwen 2.5 7B,PGG,game_logs3,RQ1_old_result/result_public_goods_group/qwen2.5-7b-instruct-three/game_logs3.json,23,contribution,0.0,24,0.0,observed,,24
Qwen 2.5 7B,PGG,game_logs3,RQ1_old_result/result_public_goods_group/qwen2.5-7b-instruct-three/game_logs3.json,24,contribution,0.0,24,0.0,observed,,24
Qwen 2.5 7B,PGG,game_logs3,RQ1_old_result/result_public_goods_group/qwen2.5-7b-instruct-three/game_logs3.json,25,contribution,0.0,24,0.0,observed,,24
Qwen 2.5 7B,PGG,game_logs3,RQ1_old_result/result_public_goods_group/qwen2.5-7b-instruct-three/game_logs3.json,26,contribution,0.0,24,0.0,observed,,24
Qwen 2.5 7B,PGG,game_logs3,RQ1_old_result/result_public_goods_group/qwen2.5-7b-instruct-three/game_logs3.json,27,contribution,0.0,24,0.0,observed,,24
Qwen 2.5 7B,PGG,game_logs3,RQ1_old_result/result_public_goods_group/qwen2.5-7b-instruct-three/game_logs3.json,28,contribution,0.0,24,0.0,observed,,24
Qwen 2.5 7B,PGG,game_logs3,RQ1_old_result/result_public_goods_group/qwen2.5-7b-instruct-three/game_logs3.json,29,contribution,0.0,24,0.0,observed,,24
Qwen 2.5 7B,PGG,game_logs3,RQ1_old_result/result_public_goods_group/qwen2.5-7b-instruct-three/game_logs3.json,30,contribution,0.0,24,0.0,observed,,24
Qwen 2.5 7B,TG,game_log1,RQ1_old_result/result_trust_game_population/020601_30lun_3ci_Qwen2.5-7B-Instruct/data/game_log1.json,1,sender,48.333333333333336,12,48.333333333333336,observed,,12
Qwen 2.5 7B,TG,game_log1,RQ1_old_result/result_trust_game_population/020601_30lun_3ci_Qwen2.5-7B-Instruct/data/game_log1.json,1,receiver,63.88888888888889,12,63.88888888888889,observed,,12
Qwen 2.5 7B,TG,game_log1,RQ1_old_result/result_trust_game_population/020601_30lun_3ci_Qwen2.5-7B-Instruct/data/game_log1.json,2,sender,50.0,12,50.0,observed,,12
Qwen 2.5 7B,TG,game_log1,RQ1_old_result/result_trust_game_population/020601_30lun_3ci_Qwen2.5-7B-Instruct/data/game_log1.json,2,receiver,41.66666666666667,12,41.66666666666667,observed,,12
Qwen 2.5 7B,TG,game_log1,RQ1_old_result/result_trust_game_population/020601_30lun_3ci_Qwen2.5-7B-Instruct/data/game_log1.json,3,sender,47.5,12,47.5,observed,,12
Qwen 2.5 7B,TG,game_log1,RQ1_old_result/result_trust_game_population/020601_30lun_3ci_Qwen2.5-7B-Instruct/data/game_log1.json,3,receiver,27.777777777777775,12,27.777777777777775,observed,,12
Qwen 2.5 7B,TG,game_log1,RQ1_old_result/result_trust_game_population/020601_30lun_3ci_Qwen2.5-7B-Instruct/data/game_log1.json,4,sender,47.5,12,47.5,observed,,12
Qwen 2.5 7B,TG,game_log1,RQ1_old_result/result_trust_game_population/020601_30lun_3ci_Qwen2.5-7B-Instruct/data/game_log1.json,4,receiver,38.888888888888886,12,38.888888888888886,observed,,12
Qwen 2.5 7B,TG,game_log1,RQ1_old_result/result_trust_game_population/020601_30lun_3ci_Qwen2.5-7B-Instruct/data/game_log1.json,5,sender,45.0,12,45.0,observed,,12
Qwen 2.5 7B,TG,game_log1,RQ1_old_result/result_trust_game_population/020601_30lun_3ci_Qwen2.5-7B-Instruct/data/game_log1.json,5,receiver,55.55555555555556,12,55.55555555555556,observed,,12
Qwen 2.5 7B,TG,game_log1,RQ1_old_result/result_trust_game_population/020601_30lun_3ci_Qwen2.5-7B-Instruct/data/game_log1.json,6,sender,45.83333333333333,12,45.83333333333333,observed,,12
Qwen 2.5 7B,TG,game_log1,RQ1_old_result/result_trust_game_population/020601_30lun_3ci_Qwen2.5-7B-Instruct/data/game_log1.json,6,receiver,33.33333333333333,12,33.33333333333333,observed,,12
Qwen 2.5 7B,TG,game_log1,RQ1_old_result/result_trust_game_population/020601_30lun_3ci_Qwen2.5-7B-Instruct/data/game_log1.json,7,sender,45.83333333333333,12,45.83333333333333,observed,,12
Qwen 2.5 7B,TG,game_log1,RQ1_old_result/result_trust_game_population/020601_30lun_3ci_Qwen2.5-7B-Instruct/data/game_log1.json,7,receiver,36.11111111111111,12,36.11111111111111,observed,,12
Qwen 2.5 7B,TG,game_log1,RQ1_old_result/result_trust_game_population/020601_30lun_3ci_Qwen2.5-7B-Instruct/data/game_log1.json,8,sender,46.666666666666664,12,46.666666666666664,observed,,12
Qwen 2.5 7B,TG,game_log1,RQ1_old_result/result_trust_game_population/020601_30lun_3ci_Qwen2.5-7B-Instruct/data/game_log1.json,8,receiver,22.22222222222222,12,22.22222222222222,observed,,12
Qwen 2.5 7B,TG,game_log1,RQ1_old_result/result_trust_game_population/020601_30lun_3ci_Qwen2.5-7B-Instruct/data/game_log1.json,9,sender,34.99999999999999,12,34.99999999999999,observed,,12
Qwen 2.5 7B,TG,game_log1,RQ1_old_result/result_trust_game_population/020601_30lun_3ci_Qwen2.5-7B-Instruct/data/game_log1.json,9,receiver,40.27777777777777,12,40.27777777777777,observed,,12
Qwen 2.5 7B,TG,game_log1,RQ1_old_result/result_trust_game_population/020601_30lun_3ci_Qwen2.5-7B-Instruct/data/game_log1.json,10,sender,43.333333333333336,12,43.333333333333336,observed,,12
Qwen 2.5 7B,TG,game_log1,RQ1_old_result/result_trust_game_population/020601_30lun_3ci_Qwen2.5-7B-Instruct/data/game_log1.json,10,receiver,33.33333333333333,12,33.33333333333333,observed,,12
Qwen 2.5 7B,TG,game_log1,RQ1_old_result/result_trust_game_population/020601_30lun_3ci_Qwen2.5-7B-Instruct/data/game_log1.json,11,sender,46.66666666666667,12,46.66666666666667,observed,,12
Qwen 2.5 7B,TG,game_log1,RQ1_old_result/result_trust_game_population/020601_30lun_3ci_Qwen2.5-7B-Instruct/data/game_log1.json,11,receiver,36.11111111111111,12,36.11111111111111,observed,,12
Qwen 2.5 7B,TG,game_log1,RQ1_old_result/result_trust_game_population/020601_30lun_3ci_Qwen2.5-7B-Instruct/data/game_log1.json,12,sender,49.16666666666667,12,49.16666666666667,observed,,12
Qwen 2.5 7B,TG,game_log1,RQ1_old_result/result_trust_game_population/020601_30lun_3ci_Qwen2.5-7B-Instruct/data/game_log1.json,12,receiver,27.777777777777775,12,27.777777777777775,observed,,12
Qwen 2.5 7B,TG,game_log1,RQ1_old_result/result_trust_game_population/020601_30lun_3ci_Qwen2.5-7B-Instruct/data/game_log1.json,13,sender,46.666666666666664,12,46.666666666666664,observed,,12
Qwen 2.5 7B,TG,game_log1,RQ1_old_result/result_trust_game_population/020601_30lun_3ci_Qwen2.5-7B-Instruct/data/game_log1.json,13,receiver,20.138888888888886,12,20.138888888888886,observed,,12
Qwen 2.5 7B,TG,game_log1,RQ1_old_result/result_trust_game_population/020601_30lun_3ci_Qwen2.5-7B-Instruct/data/game_log1.json,14,sender,43.333333333333336,12,43.333333333333336,observed,,12
Qwen 2.5 7B,TG,game_log1,RQ1_old_result/result_trust_game_population/020601_30lun_3ci_Qwen2.5-7B-Instruct/data/game_log1.json,14,receiver,44.44444444444444,12,44.44444444444444,observed,,12
Qwen 2.5 7B,TG,game_log1,RQ1_old_result/result_trust_game_population/020601_30lun_3ci_Qwen2.5-7B-Instruct/data/game_log1.json,15,sender,49.16666666666667,12,49.16666666666667,observed,,12
Qwen 2.5 7B,TG,game_log1,RQ1_old_result/result_trust_game_population/020601_30lun_3ci_Qwen2.5-7B-Instruct/data/game_log1.json,15,receiver,38.19444444444444,12,38.19444444444444,observed,,12
Qwen 2.5 7B,TG,game_log1,RQ1_old_result/result_trust_game_population/020601_30lun_3ci_Qwen2.5-7B-Instruct/data/game_log1.json,16,sender,46.66666666666667,12,46.66666666666667,observed,,12
Qwen 2.5 7B,TG,game_log1,RQ1_old_result/result_trust_game_population/020601_30lun_3ci_Qwen2.5-7B-Instruct/data/game_log1.json,16,receiver,34.02777777777777,12,34.02777777777777,observed,,12
Qwen 2.5 7B,TG,game_log1,RQ1_old_result/result_trust_game_population/020601_30lun_3ci_Qwen2.5-7B-Instruct/data/game_log1.json,17,sender,50.0,12,50.0,observed,,12
Qwen 2.5 7B,TG,game_log1,RQ1_old_result/result_trust_game_population/020601_30lun_3ci_Qwen2.5-7B-Instruct/data/game_log1.json,17,receiver,45.370370370370374,12,45.370370370370374,observed,,12
Qwen 2.5 7B,TG,game_log1,RQ1_old_result/result_trust_game_population/020601_30lun_3ci_Qwen2.5-7B-Instruct/data/game_log1.json,18,sender,43.333333333333336,12,43.333333333333336,observed,,12
Qwen 2.5 7B,TG,game_log1,RQ1_old_result/result_trust_game_population/020601_30lun_3ci_Qwen2.5-7B-Instruct/data/game_log1.json,18,receiver,56.250000000000014,12,56.250000000000014,observed,,12
Qwen 2.5 7B,TG,game_log1,RQ1_old_result/result_trust_game_population/020601_30lun_3ci_Qwen2.5-7B-Instruct/data/game_log1.json,19,sender,46.666666666666664,12,46.666666666666664,observed,,12
Qwen 2.5 7B,TG,game_log1,RQ1_old_result/result_trust_game_population/020601_30lun_3ci_Qwen2.5-7B-Instruct/data/game_log1.json,19,receiver,29.166666666666664,12,29.166666666666664,observed,,12
Qwen 2.5 7B,TG,game_log1,RQ1_old_result/result_trust_game_population/020601_30lun_3ci_Qwen2.5-7B-Instruct/data/game_log1.json,20,sender,47.5,12,47.5,observed,,12
Qwen 2.5 7B,TG,game_log1,RQ1_old_result/result_trust_game_population/020601_30lun_3ci_Qwen2.5-7B-Instruct/data/game_log1.json,20,receiver,22.22222222222222,12,22.22222222222222,observed,,12
Qwen 2.5 7B,TG,game_log1,RQ1_old_result/result_trust_game_population/020601_30lun_3ci_Qwen2.5-7B-Instruct/data/game_log1.json,21,sender,51.66666666666667,12,51.66666666666667,observed,,12
Qwen 2.5 7B,TG,game_log1,RQ1_old_result/result_trust_game_population/020601_30lun_3ci_Qwen2.5-7B-Instruct/data/game_log1.json,21,receiver,37.96296296296297,12,37.96296296296297,observed,,12
Qwen 2.5 7B,TG,game_log1,RQ1_old_result/result_trust_game_population/020601_30lun_3ci_Qwen2.5-7B-Instruct/data/game_log1.json,22,sender,53.333333333333336,12,53.333333333333336,observed,,12
Qwen 2.5 7B,TG,game_log1,RQ1_old_result/result_trust_game_population/020601_30lun_3ci_Qwen2.5-7B-Instruct/data/game_log1.json,22,receiver,42.361111111111114,12,42.361111111111114,observed,,12
Qwen 2.5 7B,TG,game_log1,RQ1_old_result/result_trust_game_population/020601_30lun_3ci_Qwen2.5-7B-Instruct/data/game_log1.json,23,sender,58.333333333333336,12,58.333333333333336,observed,,12
Qwen 2.5 7B,TG,game_log1,RQ1_old_result/result_trust_game_population/020601_30lun_3ci_Qwen2.5-7B-Instruct/data/game_log1.json,23,receiver,54.86111111111111,12,54.86111111111111,observed,,12
Qwen 2.5 7B,TG,game_log1,RQ1_old_result/result_trust_game_population/020601_30lun_3ci_Qwen2.5-7B-Instruct/data/game_log1.json,24,sender,55.833333333333336,12,55.833333333333336,observed,,12
Qwen 2.5 7B,TG,game_log1,RQ1_old_result/result_trust_game_population/020601_30lun_3ci_Qwen2.5-7B-Instruct/data/game_log1.json,24,receiver,27.083333333333332,12,27.083333333333332,observed,,12
Qwen 2.5 7B,TG,game_log1,RQ1_old_result/result_trust_game_population/020601_30lun_3ci_Qwen2.5-7B-Instruct/data/game_log1.json,25,sender,41.66666666666667,12,41.66666666666667,observed,,12
Qwen 2.5 7B,TG,game_log1,RQ1_old_result/result_trust_game_population/020601_30lun_3ci_Qwen2.5-7B-Instruct/data/game_log1.json,25,receiver,39.58333333333333,12,39.58333333333333,observed,,12
Qwen 2.5 7B,TG,game_log1,RQ1_old_result/result_trust_game_population/020601_30lun_3ci_Qwen2.5-7B-Instruct/data/game_log1.json,26,sender,45.83333333333333,12,45.83333333333333,observed,,12
Qwen 2.5 7B,TG,game_log1,RQ1_old_result/result_trust_game_population/020601_30lun_3ci_Qwen2.5-7B-Instruct/data/game_log1.json,26,receiver,38.888888888888886,12,38.888888888888886,observed,,12
Qwen 2.5 7B,TG,game_log1,RQ1_old_result/result_trust_game_population/020601_30lun_3ci_Qwen2.5-7B-Instruct/data/game_log1.json,27,sender,58.33333333333333,12,58.33333333333333,observed,,12
Qwen 2.5 7B,TG,game_log1,RQ1_old_result/result_trust_game_population/020601_30lun_3ci_Qwen2.5-7B-Instruct/data/game_log1.json,27,receiver,50.231481481481474,12,50.231481481481474,observed,,12
Qwen 2.5 7B,TG,game_log1,RQ1_old_result/result_trust_game_population/020601_30lun_3ci_Qwen2.5-7B-Instruct/data/game_log1.json,28,sender,58.333333333333336,12,58.333333333333336,observed,,12
Qwen 2.5 7B,TG,game_log1,RQ1_old_result/result_trust_game_population/020601_30lun_3ci_Qwen2.5-7B-Instruct/data/game_log1.json,28,receiver,39.351851851851855,12,39.351851851851855,observed,,12
Qwen 2.5 7B,TG,game_log1,RQ1_old_result/result_trust_game_population/020601_30lun_3ci_Qwen2.5-7B-Instruct/data/game_log1.json,29,sender,45.83333333333333,12,45.83333333333333,observed,,12
Qwen 2.5 7B,TG,game_log1,RQ1_old_result/result_trust_game_population/020601_30lun_3ci_Qwen2.5-7B-Instruct/data/game_log1.json,29,receiver,50.69444444444444,12,50.69444444444444,observed,,12
Qwen 2.5 7B,TG,game_log1,RQ1_old_result/result_trust_game_population/020601_30lun_3ci_Qwen2.5-7B-Instruct/data/game_log1.json,30,sender,49.166666666666664,12,49.166666666666664,observed,,12
Qwen 2.5 7B,TG,game_log1,RQ1_old_result/result_trust_game_population/020601_30lun_3ci_Qwen2.5-7B-Instruct/data/game_log1.json,30,receiver,50.0,12,50.0,observed,,12
Qwen 2.5 7B,TG,game_log2,RQ1_old_result/result_trust_game_population/020601_30lun_3ci_Qwen2.5-7B-Instruct/data/game_log2.json,1,sender,46.666666666666664,12,46.666666666666664,observed,,12
Qwen 2.5 7B,TG,game_log2,RQ1_old_result/result_trust_game_population/020601_30lun_3ci_Qwen2.5-7B-Instruct/data/game_log2.json,1,receiver,58.333333333333336,12,58.333333333333336,observed,,12
Qwen 2.5 7B,TG,game_log2,RQ1_old_result/result_trust_game_population/020601_30lun_3ci_Qwen2.5-7B-Instruct/data/game_log2.json,2,sender,48.333333333333336,12,48.333333333333336,observed,,12
Qwen 2.5 7B,TG,game_log2,RQ1_old_result/result_trust_game_population/020601_30lun_3ci_Qwen2.5-7B-Instruct/data/game_log2.json,2,receiver,38.888888888888886,12,38.888888888888886,observed,,12
Qwen 2.5 7B,TG,game_log2,RQ1_old_result/result_trust_game_population/020601_30lun_3ci_Qwen2.5-7B-Instruct/data/game_log2.json,3,sender,46.66666666666667,12,46.66666666666667,observed,,12
Qwen 2.5 7B,TG,game_log2,RQ1_old_result/result_trust_game_population/020601_30lun_3ci_Qwen2.5-7B-Instruct/data/game_log2.json,3,receiver,38.888888888888886,12,38.888888888888886,observed,,12
Qwen 2.5 7B,TG,game_log2,RQ1_old_result/result_trust_game_population/020601_30lun_3ci_Qwen2.5-7B-Instruct/data/game_log2.json,4,sender,45.83333333333333,12,45.83333333333333,observed,,12
Qwen 2.5 7B,TG,game_log2,RQ1_old_result/result_trust_game_population/020601_30lun_3ci_Qwen2.5-7B-Instruct/data/game_log2.json,4,receiver,40.27777777777777,12,40.27777777777777,observed,,12
Qwen 2.5 7B,TG,game_log2,RQ1_old_result/result_trust_game_population/020601_30lun_3ci_Qwen2.5-7B-Instruct/data/game_log2.json,5,sender,44.166666666666664,12,44.166666666666664,observed,,12
Qwen 2.5 7B,TG,game_log2,RQ1_old_result/result_trust_game_population/020601_30lun_3ci_Qwen2.5-7B-Instruct/data/game_log2.json,5,receiver,44.44444444444444,12,44.44444444444444,observed,,12
Qwen 2.5 7B,TG,game_log2,RQ1_old_result/result_trust_game_population/020601_30lun_3ci_Qwen2.5-7B-Instruct/data/game_log2.json,6,sender,44.99999999999999,12,44.99999999999999,observed,,12
Qwen 2.5 7B,TG,game_log2,RQ1_old_result/result_trust_game_population/020601_30lun_3ci_Qwen2.5-7B-Instruct/data/game_log2.json,6,receiver,22.22222222222222,12,22.22222222222222,observed,,12
Qwen 2.5 7B,TG,game_log2,RQ1_old_result/result_trust_game_population/020601_30lun_3ci_Qwen2.5-7B-Instruct/data/game_log2.json,7,sender,39.166666666666664,12,39.166666666666664,observed,,12
Qwen 2.5 7B,TG,game_log2,RQ1_old_result/result_trust_game_population/020601_30lun_3ci_Qwen2.5-7B-Instruct/data/game_log2.json,7,receiver,27.777777777777775,12,27.777777777777775,observed,,12
Qwen 2.5 7B,TG,game_log2,RQ1_old_result/result_trust_game_population/020601_30lun_3ci_Qwen2.5-7B-Instruct/data/game_log2.json,8,sender,41.66666666666667,12,41.66666666666667,observed,,12
Qwen 2.5 7B,TG,game_log2,RQ1_old_result/result_trust_game_population/020601_30lun_3ci_Qwen2.5-7B-Instruct/data/game_log2.json,8,receiver,33.33333333333333,12,33.33333333333333,observed,,12
Qwen 2.5 7B,TG,game_log2,RQ1_old_result/result_trust_game_population/020601_30lun_3ci_Qwen2.5-7B-Instruct/data/game_log2.json,9,sender,33.33333333333333,12,33.33333333333333,observed,,12
Qwen 2.5 7B,TG,game_log2,RQ1_old_result/result_trust_game_population/020601_30lun_3ci_Qwen2.5-7B-Instruct/data/game_log2.json,9,receiver,48.61111111111111,12,48.61111111111111,observed,,12
Qwen 2.5 7B,TG,game_log2,RQ1_old_result/result_trust_game_population/020601_30lun_3ci_Qwen2.5-7B-Instruct/data/game_log2.json,10,sender,44.16666666666667,12,44.16666666666667,observed,,12
Qwen 2.5 7B,TG,game_log2,RQ1_old_result/result_trust_game_population/020601_30lun_3ci_Qwen2.5-7B-Instruct/data/game_log2.json,10,receiver,40.27777777777777,12,40.27777777777777,observed,,12
Qwen 2.5 7B,TG,game_log2,RQ1_old_result/result_trust_game_population/020601_30lun_3ci_Qwen2.5-7B-Instruct/data/game_log2.json,11,sender,35.83333333333334,12,35.83333333333334,observed,,12
Qwen 2.5 7B,TG,game_log2,RQ1_old_result/result_trust_game_population/020601_30lun_3ci_Qwen2.5-7B-Instruct/data/game_log2.json,11,receiver,41.66666666666667,12,41.66666666666667,observed,,12
Qwen 2.5 7B,TG,game_log2,RQ1_old_result/result_trust_game_population/020601_30lun_3ci_Qwen2.5-7B-Instruct/data/game_log2.json,12,sender,40.833333333333336,12,40.833333333333336,observed,,12
Qwen 2.5 7B,TG,game_log2,RQ1_old_result/result_trust_game_population/020601_30lun_3ci_Qwen2.5-7B-Instruct/data/game_log2.json,12,receiver,34.722222222222214,12,34.722222222222214,observed,,12
Qwen 2.5 7B,TG,game_log2,RQ1_old_result/result_trust_game_population/020601_30lun_3ci_Qwen2.5-7B-Instruct/data/game_log2.json,13,sender,45.0,12,45.0,observed,,12
Qwen 2.5 7B,TG,game_log2,RQ1_old_result/result_trust_game_population/020601_30lun_3ci_Qwen2.5-7B-Instruct/data/game_log2.json,13,receiver,33.33333333333333,12,33.33333333333333,observed,,12
Qwen 2.5 7B,TG,game_log2,RQ1_old_result/result_trust_game_population/020601_30lun_3ci_Qwen2.5-7B-Instruct/data/game_log2.json,14,sender,36.66666666666667,12,36.66666666666667,observed,,12
Qwen 2.5 7B,TG,game_log2,RQ1_old_result/result_trust_game_population/020601_30lun_3ci_Qwen2.5-7B-Instruct/data/game_log2.json,14,receiver,44.44444444444444,12,44.44444444444444,observed,,12
Qwen 2.5 7B,TG,game_log2,RQ1_old_result/result_trust_game_population/020601_30lun_3ci_Qwen2.5-7B-Instruct/data/game_log2.json,15,sender,43.333333333333336,12,43.333333333333336,observed,,12
Qwen 2.5 7B,TG,game_log2,RQ1_old_result/result_trust_game_population/020601_30lun_3ci_Qwen2.5-7B-Instruct/data/game_log2.json,15,receiver,40.27777777777777,12,40.27777777777777,observed,,12
Qwen 2.5 7B,TG,game_log2,RQ1_old_result/result_trust_game_population/020601_30lun_3ci_Qwen2.5-7B-Instruct/data/game_log2.json,16,sender,49.16666666666667,12,49.16666666666667,observed,,12
Qwen 2.5 7B,TG,game_log2,RQ1_old_result/result_trust_game_population/020601_30lun_3ci_Qwen2.5-7B-Instruct/data/game_log2.json,16,receiver,22.499999999999996,12,22.499999999999996,observed,,12
Qwen 2.5 7B,TG,game_log2,RQ1_old_result/result_trust_game_population/020601_30lun_3ci_Qwen2.5-7B-Instruct/data/game_log2.json,17,sender,44.99999999999999,12,44.99999999999999,observed,,12
Qwen 2.5 7B,TG,game_log2,RQ1_old_result/result_trust_game_population/020601_30lun_3ci_Qwen2.5-7B-Instruct/data/game_log2.json,17,receiver,39.120370370370374,12,39.120370370370374,observed,,12
Qwen 2.5 7B,TG,game_log2,RQ1_old_result/result_trust_game_population/020601_30lun_3ci_Qwen2.5-7B-Instruct/data/game_log2.json,18,sender,51.66666666666667,12,51.66666666666667,observed,,12
Qwen 2.5 7B,TG,game_log2,RQ1_old_result/result_trust_game_population/020601_30lun_3ci_Qwen2.5-7B-Instruct/data/game_log2.json,18,receiver,30.555555555555554,12,30.555555555555554,observed,,12
Qwen 2.5 7B,TG,game_log2,RQ1_old_result/result_trust_game_population/020601_30lun_3ci_Qwen2.5-7B-Instruct/data/game_log2.json,19,sender,46.66666666666667,12,46.66666666666667,observed,,12
Qwen 2.5 7B,TG,game_log2,RQ1_old_result/result_trust_game_population/020601_30lun_3ci_Qwen2.5-7B-Instruct/data/game_log2.json,19,receiver,36.11111111111111,12,36.11111111111111,observed,,12
Qwen 2.5 7B,TG,game_log2,RQ1_old_result/result_trust_game_population/020601_30lun_3ci_Qwen2.5-7B-Instruct/data/game_log2.json,20,sender,57.50000000000001,12,57.50000000000001,observed,,12
Qwen 2.5 7B,TG,game_log2,RQ1_old_result/result_trust_game_population/020601_30lun_3ci_Qwen2.5-7B-Instruct/data/game_log2.json,20,receiver,26.38888888888889,12,26.38888888888889,observed,,12
Qwen 2.5 7B,TG,game_log2,RQ1_old_result/result_trust_game_population/020601_30lun_3ci_Qwen2.5-7B-Instruct/data/game_log2.json,21,sender,48.33333333333332,12,48.33333333333332,observed,,12
Qwen 2.5 7B,TG,game_log2,RQ1_old_result/result_trust_game_population/020601_30lun_3ci_Qwen2.5-7B-Instruct/data/game_log2.json,21,receiver,38.19444444444444,12,38.19444444444444,observed,,12
Qwen 2.5 7B,TG,game_log2,RQ1_old_result/result_trust_game_population/020601_30lun_3ci_Qwen2.5-7B-Instruct/data/game_log2.json,22,sender,42.5,12,42.5,observed,,12
Qwen 2.5 7B,TG,game_log2,RQ1_old_result/result_trust_game_population/020601_30lun_3ci_Qwen2.5-7B-Instruct/data/game_log2.json,22,receiver,42.36111111111111,12,42.36111111111111,observed,,12
Qwen 2.5 7B,TG,game_log2,RQ1_old_result/result_trust_game_population/020601_30lun_3ci_Qwen2.5-7B-Instruct/data/game_log2.json,23,sender,45.83333333333333,12,45.83333333333333,observed,,12
Qwen 2.5 7B,TG,game_log2,RQ1_old_result/result_trust_game_population/020601_30lun_3ci_Qwen2.5-7B-Instruct/data/game_log2.json,23,receiver,45.83333333333333,12,45.83333333333333,observed,,12
Qwen 2.5 7B,TG,game_log2,RQ1_old_result/result_trust_game_population/020601_30lun_3ci_Qwen2.5-7B-Instruct/data/game_log2.json,24,sender,55.833333333333336,12,55.833333333333336,observed,,12
Qwen 2.5 7B,TG,game_log2,RQ1_old_result/result_trust_game_population/020601_30lun_3ci_Qwen2.5-7B-Instruct/data/game_log2.json,24,receiver,34.92063492063491,12,34.92063492063491,observed,,12
Qwen 2.5 7B,TG,game_log2,RQ1_old_result/result_trust_game_population/020601_30lun_3ci_Qwen2.5-7B-Instruct/data/game_log2.json,25,sender,50.000000000000014,12,50.000000000000014,observed,,12
Qwen 2.5 7B,TG,game_log2,RQ1_old_result/result_trust_game_population/020601_30lun_3ci_Qwen2.5-7B-Instruct/data/game_log2.json,25,receiver,57.91666666666667,12,57.91666666666667,observed,,12
Qwen 2.5 7B,TG,game_log2,RQ1_old_result/result_trust_game_population/020601_30lun_3ci_Qwen2.5-7B-Instruct/data/game_log2.json,26,sender,46.66666666666667,12,46.66666666666667,observed,,12
Qwen 2.5 7B,TG,game_log2,RQ1_old_result/result_trust_game_population/020601_30lun_3ci_Qwen2.5-7B-Instruct/data/game_log2.json,26,receiver,43.05555555555556,12,43.05555555555556,observed,,12
Qwen 2.5 7B,TG,game_log2,RQ1_old_result/result_trust_game_population/020601_30lun_3ci_Qwen2.5-7B-Instruct/data/game_log2.json,27,sender,42.50000000000001,12,42.50000000000001,observed,,12
Qwen 2.5 7B,TG,game_log2,RQ1_old_result/result_trust_game_population/020601_30lun_3ci_Qwen2.5-7B-Instruct/data/game_log2.json,27,receiver,46.527777777777786,12,46.527777777777786,observed,,12
Qwen 2.5 7B,TG,game_log2,RQ1_old_result/result_trust_game_population/020601_30lun_3ci_Qwen2.5-7B-Instruct/data/game_log2.json,28,sender,42.5,12,42.5,observed,,12
Qwen 2.5 7B,TG,game_log2,RQ1_old_result/result_trust_game_population/020601_30lun_3ci_Qwen2.5-7B-Instruct/data/game_log2.json,28,receiver,55.092592592592595,12,55.092592592592595,observed,,12
Qwen 2.5 7B,TG,game_log2,RQ1_old_result/result_trust_game_population/020601_30lun_3ci_Qwen2.5-7B-Instruct/data/game_log2.json,29,sender,44.166666666666664,12,44.166666666666664,observed,,12
Qwen 2.5 7B,TG,game_log2,RQ1_old_result/result_trust_game_population/020601_30lun_3ci_Qwen2.5-7B-Instruct/data/game_log2.json,29,receiver,37.03703703703704,12,37.03703703703704,observed,,12
Qwen 2.5 7B,TG,game_log2,RQ1_old_result/result_trust_game_population/020601_30lun_3ci_Qwen2.5-7B-Instruct/data/game_log2.json,30,sender,40.833333333333336,12,40.833333333333336,observed,,12
Qwen 2.5 7B,TG,game_log2,RQ1_old_result/result_trust_game_population/020601_30lun_3ci_Qwen2.5-7B-Instruct/data/game_log2.json,30,receiver,31.944444444444443,12,31.944444444444443,observed,,12
Qwen 2.5 7B,TG,game_log3,RQ1_old_result/result_trust_game_population/020601_30lun_3ci_Qwen2.5-7B-Instruct/data/game_log3.json,1,sender,50.0,12,50.0,observed,,12
Qwen 2.5 7B,TG,game_log3,RQ1_old_result/result_trust_game_population/020601_30lun_3ci_Qwen2.5-7B-Instruct/data/game_log3.json,1,receiver,50.0,12,50.0,observed,,12
Qwen 2.5 7B,TG,game_log3,RQ1_old_result/result_trust_game_population/020601_30lun_3ci_Qwen2.5-7B-Instruct/data/game_log3.json,2,sender,51.66666666666667,12,51.66666666666667,observed,,12
Qwen 2.5 7B,TG,game_log3,RQ1_old_result/result_trust_game_population/020601_30lun_3ci_Qwen2.5-7B-Instruct/data/game_log3.json,2,receiver,36.11111111111111,12,36.11111111111111,observed,,12
Qwen 2.5 7B,TG,game_log3,RQ1_old_result/result_trust_game_population/020601_30lun_3ci_Qwen2.5-7B-Instruct/data/game_log3.json,3,sender,45.83333333333333,12,45.83333333333333,observed,,12
Qwen 2.5 7B,TG,game_log3,RQ1_old_result/result_trust_game_population/020601_30lun_3ci_Qwen2.5-7B-Instruct/data/game_log3.json,3,receiver,22.22222222222222,12,22.22222222222222,observed,,12
Qwen 2.5 7B,TG,game_log3,RQ1_old_result/result_trust_game_population/020601_30lun_3ci_Qwen2.5-7B-Instruct/data/game_log3.json,4,sender,45.83333333333333,12,45.83333333333333,observed,,12
Qwen 2.5 7B,TG,game_log3,RQ1_old_result/result_trust_game_population/020601_30lun_3ci_Qwen2.5-7B-Instruct/data/game_log3.json,4,receiver,19.444444444444443,12,19.444444444444443,observed,,12
Qwen 2.5 7B,TG,game_log3,RQ1_old_result/result_trust_game_population/020601_30lun_3ci_Qwen2.5-7B-Instruct/data/game_log3.json,5,sender,39.16666666666666,12,39.16666666666666,observed,,12
Qwen 2.5 7B,TG,game_log3,RQ1_old_result/result_trust_game_population/020601_30lun_3ci_Qwen2.5-7B-Instruct/data/game_log3.json,5,receiver,44.44444444444444,12,44.44444444444444,observed,,12
Qwen 2.5 7B,TG,game_log3,RQ1_old_result/result_trust_game_population/020601_30lun_3ci_Qwen2.5-7B-Instruct/data/game_log3.json,6,sender,48.333333333333336,12,48.333333333333336,observed,,12
Qwen 2.5 7B,TG,game_log3,RQ1_old_result/result_trust_game_population/020601_30lun_3ci_Qwen2.5-7B-Instruct/data/game_log3.json,6,receiver,13.888888888888888,12,13.888888888888888,observed,,12
Qwen 2.5 7B,TG,game_log3,RQ1_old_result/result_trust_game_population/020601_30lun_3ci_Qwen2.5-7B-Instruct/data/game_log3.json,7,sender,43.333333333333336,12,43.333333333333336,observed,,12
Qwen 2.5 7B,TG,game_log3,RQ1_old_result/result_trust_game_population/020601_30lun_3ci_Qwen2.5-7B-Instruct/data/game_log3.json,7,receiver,24.999999999999996,12,24.999999999999996,observed,,12
Qwen 2.5 7B,TG,game_log3,RQ1_old_result/result_trust_game_population/020601_30lun_3ci_Qwen2.5-7B-Instruct/data/game_log3.json,8,sender,47.5,12,47.5,observed,,12
Qwen 2.5 7B,TG,game_log3,RQ1_old_result/result_trust_game_population/020601_30lun_3ci_Qwen2.5-7B-Instruct/data/game_log3.json,8,receiver,36.11111111111111,12,36.11111111111111,observed,,12
Qwen 2.5 7B,TG,game_log3,RQ1_old_result/result_trust_game_population/020601_30lun_3ci_Qwen2.5-7B-Instruct/data/game_log3.json,9,sender,45.0,12,45.0,observed,,12
Qwen 2.5 7B,TG,game_log3,RQ1_old_result/result_trust_game_population/020601_30lun_3ci_Qwen2.5-7B-Instruct/data/game_log3.json,9,receiver,41.66666666666667,12,41.66666666666667,observed,,12
Qwen 2.5 7B,TG,game_log3,RQ1_old_result/result_trust_game_population/020601_30lun_3ci_Qwen2.5-7B-Instruct/data/game_log3.json,10,sender,45.0,12,45.0,observed,,12
Qwen 2.5 7B,TG,game_log3,RQ1_old_result/result_trust_game_population/020601_30lun_3ci_Qwen2.5-7B-Instruct/data/game_log3.json,10,receiver,40.27777777777777,12,40.27777777777777,observed,,12
Qwen 2.5 7B,TG,game_log3,RQ1_old_result/result_trust_game_population/020601_30lun_3ci_Qwen2.5-7B-Instruct/data/game_log3.json,11,sender,37.5,12,37.5,observed,,12
Qwen 2.5 7B,TG,game_log3,RQ1_old_result/result_trust_game_population/020601_30lun_3ci_Qwen2.5-7B-Instruct/data/game_log3.json,11,receiver,37.5,12,37.5,observed,,12
Qwen 2.5 7B,TG,game_log3,RQ1_old_result/result_trust_game_population/020601_30lun_3ci_Qwen2.5-7B-Instruct/data/game_log3.json,12,sender,36.66666666666667,12,36.66666666666667,observed,,12
Qwen 2.5 7B,TG,game_log3,RQ1_old_result/result_trust_game_population/020601_30lun_3ci_Qwen2.5-7B-Instruct/data/game_log3.json,12,receiver,40.27777777777777,12,40.27777777777777,observed,,12
Qwen 2.5 7B,TG,game_log3,RQ1_old_result/result_trust_game_population/020601_30lun_3ci_Qwen2.5-7B-Instruct/data/game_log3.json,13,sender,45.0,12,45.0,observed,,12
Qwen 2.5 7B,TG,game_log3,RQ1_old_result/result_trust_game_population/020601_30lun_3ci_Qwen2.5-7B-Instruct/data/game_log3.json,13,receiver,18.055555555555554,12,18.055555555555554,observed,,12
Qwen 2.5 7B,TG,game_log3,RQ1_old_result/result_trust_game_population/020601_30lun_3ci_Qwen2.5-7B-Instruct/data/game_log3.json,14,sender,49.16666666666667,12,49.16666666666667,observed,,12
Qwen 2.5 7B,TG,game_log3,RQ1_old_result/result_trust_game_population/020601_30lun_3ci_Qwen2.5-7B-Instruct/data/game_log3.json,14,receiver,16.666666666666664,12,16.666666666666664,observed,,12
Qwen 2.5 7B,TG,game_log3,RQ1_old_result/result_trust_game_population/020601_30lun_3ci_Qwen2.5-7B-Instruct/data/game_log3.json,15,sender,38.33333333333333,12,38.33333333333333,observed,,12
Qwen 2.5 7B,TG,game_log3,RQ1_old_result/result_trust_game_population/020601_30lun_3ci_Qwen2.5-7B-Instruct/data/game_log3.json,15,receiver,44.44444444444444,12,44.44444444444444,observed,,12
Qwen 2.5 7B,TG,game_log3,RQ1_old_result/result_trust_game_population/020601_30lun_3ci_Qwen2.5-7B-Instruct/data/game_log3.json,16,sender,42.5,12,42.5,observed,,12
Qwen 2.5 7B,TG,game_log3,RQ1_old_result/result_trust_game_population/020601_30lun_3ci_Qwen2.5-7B-Instruct/data/game_log3.json,16,receiver,19.444444444444443,12,19.444444444444443,observed,,12
Qwen 2.5 7B,TG,game_log3,RQ1_old_result/result_trust_game_population/020601_30lun_3ci_Qwen2.5-7B-Instruct/data/game_log3.json,17,sender,45.83333333333333,12,45.83333333333333,observed,,12
Qwen 2.5 7B,TG,game_log3,RQ1_old_result/result_trust_game_population/020601_30lun_3ci_Qwen2.5-7B-Instruct/data/game_log3.json,17,receiver,36.11111111111111,12,36.11111111111111,observed,,12
Qwen 2.5 7B,TG,game_log3,RQ1_old_result/result_trust_game_population/020601_30lun_3ci_Qwen2.5-7B-Instruct/data/game_log3.json,18,sender,48.333333333333336,12,48.333333333333336,observed,,12
Qwen 2.5 7B,TG,game_log3,RQ1_old_result/result_trust_game_population/020601_30lun_3ci_Qwen2.5-7B-Instruct/data/game_log3.json,18,receiver,26.388888888888886,12,26.388888888888886,observed,,12
Qwen 2.5 7B,TG,game_log3,RQ1_old_result/result_trust_game_population/020601_30lun_3ci_Qwen2.5-7B-Instruct/data/game_log3.json,19,sender,54.16666666666667,12,54.16666666666667,observed,,12
Qwen 2.5 7B,TG,game_log3,RQ1_old_result/result_trust_game_population/020601_30lun_3ci_Qwen2.5-7B-Instruct/data/game_log3.json,19,receiver,27.777777777777775,12,27.777777777777775,observed,,12
Qwen 2.5 7B,TG,game_log3,RQ1_old_result/result_trust_game_population/020601_30lun_3ci_Qwen2.5-7B-Instruct/data/game_log3.json,20,sender,48.333333333333336,12,48.333333333333336,observed,,12
Qwen 2.5 7B,TG,game_log3,RQ1_old_result/result_trust_game_population/020601_30lun_3ci_Qwen2.5-7B-Instruct/data/game_log3.json,20,receiver,33.33333333333333,12,33.33333333333333,observed,,12
Qwen 2.5 7B,TG,game_log3,RQ1_old_result/result_trust_game_population/020601_30lun_3ci_Qwen2.5-7B-Instruct/data/game_log3.json,21,sender,47.5,12,47.5,observed,,12
Qwen 2.5 7B,TG,game_log3,RQ1_old_result/result_trust_game_population/020601_30lun_3ci_Qwen2.5-7B-Instruct/data/game_log3.json,21,receiver,52.083333333333336,12,52.083333333333336,observed,,12
Qwen 2.5 7B,TG,game_log3,RQ1_old_result/result_trust_game_population/020601_30lun_3ci_Qwen2.5-7B-Instruct/data/game_log3.json,22,sender,40.83333333333333,12,40.83333333333333,observed,,12
Qwen 2.5 7B,TG,game_log3,RQ1_old_result/result_trust_game_population/020601_30lun_3ci_Qwen2.5-7B-Instruct/data/game_log3.json,22,receiver,43.05555555555556,12,43.05555555555556,observed,,12
Qwen 2.5 7B,TG,game_log3,RQ1_old_result/result_trust_game_population/020601_30lun_3ci_Qwen2.5-7B-Instruct/data/game_log3.json,23,sender,39.166666666666664,12,39.166666666666664,observed,,12
Qwen 2.5 7B,TG,game_log3,RQ1_old_result/result_trust_game_population/020601_30lun_3ci_Qwen2.5-7B-Instruct/data/game_log3.json,23,receiver,50.0,12,50.0,observed,,12
Qwen 2.5 7B,TG,game_log3,RQ1_old_result/result_trust_game_population/020601_30lun_3ci_Qwen2.5-7B-Instruct/data/game_log3.json,24,sender,44.166666666666664,12,44.166666666666664,observed,,12
Qwen 2.5 7B,TG,game_log3,RQ1_old_result/result_trust_game_population/020601_30lun_3ci_Qwen2.5-7B-Instruct/data/game_log3.json,24,receiver,37.73148148148148,12,37.73148148148148,observed,,12
Qwen 2.5 7B,TG,game_log3,RQ1_old_result/result_trust_game_population/020601_30lun_3ci_Qwen2.5-7B-Instruct/data/game_log3.json,25,sender,40.0,12,40.0,observed,,12
Qwen 2.5 7B,TG,game_log3,RQ1_old_result/result_trust_game_population/020601_30lun_3ci_Qwen2.5-7B-Instruct/data/game_log3.json,25,receiver,36.11111111111111,12,36.11111111111111,observed,,12
Qwen 2.5 7B,TG,game_log3,RQ1_old_result/result_trust_game_population/020601_30lun_3ci_Qwen2.5-7B-Instruct/data/game_log3.json,26,sender,55.83333333333334,12,55.83333333333334,observed,,12
Qwen 2.5 7B,TG,game_log3,RQ1_old_result/result_trust_game_population/020601_30lun_3ci_Qwen2.5-7B-Instruct/data/game_log3.json,26,receiver,46.527777777777786,12,46.527777777777786,observed,,12
Qwen 2.5 7B,TG,game_log3,RQ1_old_result/result_trust_game_population/020601_30lun_3ci_Qwen2.5-7B-Instruct/data/game_log3.json,27,sender,53.333333333333336,12,53.333333333333336,observed,,12
Qwen 2.5 7B,TG,game_log3,RQ1_old_result/result_trust_game_population/020601_30lun_3ci_Qwen2.5-7B-Instruct/data/game_log3.json,27,receiver,24.999999999999996,12,24.999999999999996,observed,,12
Qwen 2.5 7B,TG,game_log3,RQ1_old_result/result_trust_game_population/020601_30lun_3ci_Qwen2.5-7B-Instruct/data/game_log3.json,28,sender,50.83333333333334,12,50.83333333333334,observed,,12
Qwen 2.5 7B,TG,game_log3,RQ1_old_result/result_trust_game_population/020601_30lun_3ci_Qwen2.5-7B-Instruct/data/game_log3.json,28,receiver,27.777777777777775,12,27.777777777777775,observed,,12
Qwen 2.5 7B,TG,game_log3,RQ1_old_result/result_trust_game_population/020601_30lun_3ci_Qwen2.5-7B-Instruct/data/game_log3.json,29,sender,49.166666666666664,12,49.166666666666664,observed,,12
Qwen 2.5 7B,TG,game_log3,RQ1_old_result/result_trust_game_population/020601_30lun_3ci_Qwen2.5-7B-Instruct/data/game_log3.json,29,receiver,42.03703703703703,12,42.03703703703703,observed,,12
Qwen 2.5 7B,TG,game_log3,RQ1_old_result/result_trust_game_population/020601_30lun_3ci_Qwen2.5-7B-Instruct/data/game_log3.json,30,sender,40.00000000000001,12,40.00000000000001,observed,,12
Qwen 2.5 7B,TG,game_log3,RQ1_old_result/result_trust_game_population/020601_30lun_3ci_Qwen2.5-7B-Instruct/data/game_log3.json,30,receiver,32.638888888888886,12,32.638888888888886,observed,,12
GLM-5.1,PD,game_log1,RQ1_result/result/prisoners_dilemma/090201_glm-5.1/data/game_log1.json,1,cooperation,0.0,24,0.0,observed,,24
GLM-5.1,PD,game_log1,RQ1_result/result/prisoners_dilemma/090201_glm-5.1/data/game_log1.json,2,cooperation,0.0,24,0.0,observed,,24
GLM-5.1,PD,game_log1,RQ1_result/result/prisoners_dilemma/090201_glm-5.1/data/game_log1.json,3,cooperation,0.0,24,0.0,observed,,24
GLM-5.1,PD,game_log1,RQ1_result/result/prisoners_dilemma/090201_glm-5.1/data/game_log1.json,4,cooperation,0.0,24,0.0,observed,,24
GLM-5.1,PD,game_log1,RQ1_result/result/prisoners_dilemma/090201_glm-5.1/data/game_log1.json,5,cooperation,0.0,24,0.0,observed,,24
GLM-5.1,PD,game_log1,RQ1_result/result/prisoners_dilemma/090201_glm-5.1/data/game_log1.json,6,cooperation,0.0,24,0.0,observed,,24
GLM-5.1,PD,game_log1,RQ1_result/result/prisoners_dilemma/090201_glm-5.1/data/game_log1.json,7,cooperation,0.0,24,0.0,observed,,24
GLM-5.1,PD,game_log1,RQ1_result/result/prisoners_dilemma/090201_glm-5.1/data/game_log1.json,8,cooperation,0.0,24,0.0,observed,,24
GLM-5.1,PD,game_log1,RQ1_result/result/prisoners_dilemma/090201_glm-5.1/data/game_log1.json,9,cooperation,0.0,24,0.0,observed,,24
GLM-5.1,PD,game_log1,RQ1_result/result/prisoners_dilemma/090201_glm-5.1/data/game_log1.json,10,cooperation,0.0,24,0.0,observed,,24
GLM-5.1,PD,game_log2,RQ1_result/result/prisoners_dilemma/090201_glm-5.1/data/game_log2.json,1,cooperation,0.0,24,0.0,observed,,24
GLM-5.1,PD,game_log2,RQ1_result/result/prisoners_dilemma/090201_glm-5.1/data/game_log2.json,2,cooperation,0.0,24,0.0,observed,,24
GLM-5.1,PD,game_log2,RQ1_result/result/prisoners_dilemma/090201_glm-5.1/data/game_log2.json,3,cooperation,0.0,24,0.0,observed,,24
GLM-5.1,PD,game_log2,RQ1_result/result/prisoners_dilemma/090201_glm-5.1/data/game_log2.json,4,cooperation,0.0,24,0.0,observed,,24
GLM-5.1,PD,game_log2,RQ1_result/result/prisoners_dilemma/090201_glm-5.1/data/game_log2.json,5,cooperation,0.0,24,0.0,observed,,24
GLM-5.1,PD,game_log2,RQ1_result/result/prisoners_dilemma/090201_glm-5.1/data/game_log2.json,6,cooperation,0.0,24,0.0,observed,,24
GLM-5.1,PD,game_log2,RQ1_result/result/prisoners_dilemma/090201_glm-5.1/data/game_log2.json,7,cooperation,0.0,24,0.0,observed,,24
GLM-5.1,PD,game_log2,RQ1_result/result/prisoners_dilemma/090201_glm-5.1/data/game_log2.json,8,cooperation,0.0,24,0.0,observed,,24
GLM-5.1,PD,game_log2,RQ1_result/result/prisoners_dilemma/090201_glm-5.1/data/game_log2.json,9,cooperation,0.0,24,0.0,observed,,24
GLM-5.1,PD,game_log2,RQ1_result/result/prisoners_dilemma/090201_glm-5.1/data/game_log2.json,10,cooperation,0.0,24,0.0,observed,,24
GLM-5.1,PD,game_log3,RQ1_result/result/prisoners_dilemma/090201_glm-5.1/data/game_log3.json,1,cooperation,0.0,24,0.0,observed,,24
GLM-5.1,PD,game_log3,RQ1_result/result/prisoners_dilemma/090201_glm-5.1/data/game_log3.json,2,cooperation,0.0,24,0.0,observed,,24
GLM-5.1,PD,game_log3,RQ1_result/result/prisoners_dilemma/090201_glm-5.1/data/game_log3.json,3,cooperation,0.0,24,0.0,observed,,24
GLM-5.1,PD,game_log3,RQ1_result/result/prisoners_dilemma/090201_glm-5.1/data/game_log3.json,4,cooperation,0.0,24,0.0,observed,,24
GLM-5.1,PD,game_log3,RQ1_result/result/prisoners_dilemma/090201_glm-5.1/data/game_log3.json,5,cooperation,0.0,24,0.0,observed,,24
GLM-5.1,PD,game_log3,RQ1_result/result/prisoners_dilemma/090201_glm-5.1/data/game_log3.json,6,cooperation,0.0,24,0.0,observed,,24
GLM-5.1,PD,game_log3,RQ1_result/result/prisoners_dilemma/090201_glm-5.1/data/game_log3.json,7,cooperation,0.0,24,0.0,observed,,24
GLM-5.1,PD,game_log3,RQ1_result/result/prisoners_dilemma/090201_glm-5.1/data/game_log3.json,8,cooperation,0.0,24,0.0,observed,,24
GLM-5.1,PD,game_log3,RQ1_result/result/prisoners_dilemma/090201_glm-5.1/data/game_log3.json,9,cooperation,0.0,24,0.0,observed,,24
GLM-5.1,PD,game_log3,RQ1_result/result/prisoners_dilemma/090201_glm-5.1/data/game_log3.json,10,cooperation,0.0,24,0.0,observed,,24
GLM-5.1,PGG,game_logs1,RQ1_result/result/public_goods/result_090801_glm-5.1/game_logs1.json,1,contribution,0.0,24,0.0,observed,,24
GLM-5.1,PGG,game_logs1,RQ1_result/result/public_goods/result_090801_glm-5.1/game_logs1.json,2,contribution,0.0,24,0.0,observed,,24
GLM-5.1,PGG,game_logs1,RQ1_result/result/public_goods/result_090801_glm-5.1/game_logs1.json,3,contribution,0.0,24,0.0,observed,,24
GLM-5.1,PGG,game_logs1,RQ1_result/result/public_goods/result_090801_glm-5.1/game_logs1.json,4,contribution,0.0,24,0.0,observed,,24
GLM-5.1,PGG,game_logs1,RQ1_result/result/public_goods/result_090801_glm-5.1/game_logs1.json,5,contribution,0.0,24,0.0,observed,,24
GLM-5.1,PGG,game_logs1,RQ1_result/result/public_goods/result_090801_glm-5.1/game_logs1.json,6,contribution,0.0,24,0.0,observed,,24
GLM-5.1,PGG,game_logs1,RQ1_result/result/public_goods/result_090801_glm-5.1/game_logs1.json,7,contribution,0.0,24,0.0,observed,,24
GLM-5.1,PGG,game_logs1,RQ1_result/result/public_goods/result_090801_glm-5.1/game_logs1.json,8,contribution,0.0,24,0.0,observed,,24
GLM-5.1,PGG,game_logs1,RQ1_result/result/public_goods/result_090801_glm-5.1/game_logs1.json,9,contribution,0.0,24,0.0,observed,,24
GLM-5.1,PGG,game_logs1,RQ1_result/result/public_goods/result_090801_glm-5.1/game_logs1.json,10,contribution,0.0,24,0.0,observed,,24
GLM-5.1,PGG,game_logs1,RQ1_result/result/public_goods/result_090801_glm-5.1/game_logs1.json,11,contribution,0.0,24,0.0,observed,,24
GLM-5.1,PGG,game_logs1,RQ1_result/result/public_goods/result_090801_glm-5.1/game_logs1.json,12,contribution,0.0,24,0.0,observed,,24
GLM-5.1,PGG,game_logs1,RQ1_result/result/public_goods/result_090801_glm-5.1/game_logs1.json,13,contribution,0.0,24,0.0,observed,,24
GLM-5.1,PGG,game_logs1,RQ1_result/result/public_goods/result_090801_glm-5.1/game_logs1.json,14,contribution,0.0,24,0.0,observed,,24
GLM-5.1,PGG,game_logs1,RQ1_result/result/public_goods/result_090801_glm-5.1/game_logs1.json,15,contribution,0.0,24,0.0,observed,,24
GLM-5.1,PGG,game_logs1,RQ1_result/result/public_goods/result_090801_glm-5.1/game_logs1.json,16,contribution,0.0,24,0.0,observed,,24
GLM-5.1,PGG,game_logs1,RQ1_result/result/public_goods/result_090801_glm-5.1/game_logs1.json,17,contribution,0.0,24,0.0,observed,,24
GLM-5.1,PGG,game_logs1,RQ1_result/result/public_goods/result_090801_glm-5.1/game_logs1.json,18,contribution,0.0,24,0.0,observed,,24
GLM-5.1,PGG,game_logs1,RQ1_result/result/public_goods/result_090801_glm-5.1/game_logs1.json,19,contribution,0.0,24,0.0,observed,,24
GLM-5.1,PGG,game_logs1,RQ1_result/result/public_goods/result_090801_glm-5.1/game_logs1.json,20,contribution,0.0,24,0.0,observed,,24
GLM-5.1,PGG,game_logs1,RQ1_result/result/public_goods/result_090801_glm-5.1/game_logs1.json,21,contribution,0.0,24,0.0,observed,,24
GLM-5.1,PGG,game_logs1,RQ1_result/result/public_goods/result_090801_glm-5.1/game_logs1.json,22,contribution,0.0,24,0.0,observed,,24
GLM-5.1,PGG,game_logs1,RQ1_result/result/public_goods/result_090801_glm-5.1/game_logs1.json,23,contribution,0.0,24,0.0,observed,,24
GLM-5.1,PGG,game_logs1,RQ1_result/result/public_goods/result_090801_glm-5.1/game_logs1.json,24,contribution,0.0,24,0.0,observed,,24
GLM-5.1,PGG,game_logs1,RQ1_result/result/public_goods/result_090801_glm-5.1/game_logs1.json,25,contribution,0.0,24,0.0,observed,,24
GLM-5.1,PGG,game_logs1,RQ1_result/result/public_goods/result_090801_glm-5.1/game_logs1.json,26,contribution,0.0,24,0.0,observed,,24
GLM-5.1,PGG,game_logs1,RQ1_result/result/public_goods/result_090801_glm-5.1/game_logs1.json,27,contribution,0.0,24,0.0,observed,,24
GLM-5.1,PGG,game_logs1,RQ1_result/result/public_goods/result_090801_glm-5.1/game_logs1.json,28,contribution,0.0,24,0.0,observed,,24
GLM-5.1,PGG,game_logs1,RQ1_result/result/public_goods/result_090801_glm-5.1/game_logs1.json,29,contribution,0.0,24,0.0,observed,,24
GLM-5.1,PGG,game_logs1,RQ1_result/result/public_goods/result_090801_glm-5.1/game_logs1.json,30,contribution,0.0,24,0.0,observed,,24
GLM-5.1,PGG,game_logs2,RQ1_result/result/public_goods/result_090801_glm-5.1/game_logs2.json,1,contribution,0.0,24,0.0,observed,,24
GLM-5.1,PGG,game_logs2,RQ1_result/result/public_goods/result_090801_glm-5.1/game_logs2.json,2,contribution,0.0,24,0.0,observed,,24
GLM-5.1,PGG,game_logs2,RQ1_result/result/public_goods/result_090801_glm-5.1/game_logs2.json,3,contribution,0.0,24,0.0,observed,,24
GLM-5.1,PGG,game_logs2,RQ1_result/result/public_goods/result_090801_glm-5.1/game_logs2.json,4,contribution,0.0,24,0.0,observed,,24
GLM-5.1,PGG,game_logs2,RQ1_result/result/public_goods/result_090801_glm-5.1/game_logs2.json,5,contribution,0.0,24,0.0,observed,,24
GLM-5.1,PGG,game_logs2,RQ1_result/result/public_goods/result_090801_glm-5.1/game_logs2.json,6,contribution,0.0,24,0.0,observed,,24
GLM-5.1,PGG,game_logs2,RQ1_result/result/public_goods/result_090801_glm-5.1/game_logs2.json,7,contribution,0.0,24,0.0,observed,,24
GLM-5.1,PGG,game_logs2,RQ1_result/result/public_goods/result_090801_glm-5.1/game_logs2.json,8,contribution,0.0,24,0.0,observed,,24
GLM-5.1,PGG,game_logs2,RQ1_result/result/public_goods/result_090801_glm-5.1/game_logs2.json,9,contribution,0.0,24,0.0,observed,,24
GLM-5.1,PGG,game_logs2,RQ1_result/result/public_goods/result_090801_glm-5.1/game_logs2.json,10,contribution,0.0,24,0.0,observed,,24
GLM-5.1,PGG,game_logs2,RQ1_result/result/public_goods/result_090801_glm-5.1/game_logs2.json,11,contribution,0.0,24,0.0,observed,,24
GLM-5.1,PGG,game_logs2,RQ1_result/result/public_goods/result_090801_glm-5.1/game_logs2.json,12,contribution,0.0,24,0.0,observed,,24
GLM-5.1,PGG,game_logs2,RQ1_result/result/public_goods/result_090801_glm-5.1/game_logs2.json,13,contribution,0.0,24,0.0,observed,,24
GLM-5.1,PGG,game_logs2,RQ1_result/result/public_goods/result_090801_glm-5.1/game_logs2.json,14,contribution,0.0,24,0.0,observed,,24
GLM-5.1,PGG,game_logs2,RQ1_result/result/public_goods/result_090801_glm-5.1/game_logs2.json,15,contribution,0.0,24,0.0,observed,,24
GLM-5.1,PGG,game_logs2,RQ1_result/result/public_goods/result_090801_glm-5.1/game_logs2.json,16,contribution,0.0,24,0.0,observed,,24
GLM-5.1,PGG,game_logs2,RQ1_result/result/public_goods/result_090801_glm-5.1/game_logs2.json,17,contribution,0.0,24,0.0,observed,,24
GLM-5.1,PGG,game_logs2,RQ1_result/result/public_goods/result_090801_glm-5.1/game_logs2.json,18,contribution,0.0,24,0.0,observed,,24
GLM-5.1,PGG,game_logs2,RQ1_result/result/public_goods/result_090801_glm-5.1/game_logs2.json,19,contribution,0.0,24,0.0,observed,,24
GLM-5.1,PGG,game_logs2,RQ1_result/result/public_goods/result_090801_glm-5.1/game_logs2.json,20,contribution,0.0,24,0.0,observed,,24
GLM-5.1,PGG,game_logs2,RQ1_result/result/public_goods/result_090801_glm-5.1/game_logs2.json,21,contribution,0.0,24,0.0,observed,,24
GLM-5.1,PGG,game_logs2,RQ1_result/result/public_goods/result_090801_glm-5.1/game_logs2.json,22,contribution,0.0,24,0.0,observed,,24
GLM-5.1,PGG,game_logs2,RQ1_result/result/public_goods/result_090801_glm-5.1/game_logs2.json,23,contribution,0.0,24,0.0,observed,,24
GLM-5.1,PGG,game_logs2,RQ1_result/result/public_goods/result_090801_glm-5.1/game_logs2.json,24,contribution,0.0,24,0.0,observed,,24
GLM-5.1,PGG,game_logs2,RQ1_result/result/public_goods/result_090801_glm-5.1/game_logs2.json,25,contribution,0.0,24,0.0,observed,,24
GLM-5.1,PGG,game_logs2,RQ1_result/result/public_goods/result_090801_glm-5.1/game_logs2.json,26,contribution,0.0,24,0.0,observed,,24
GLM-5.1,PGG,game_logs2,RQ1_result/result/public_goods/result_090801_glm-5.1/game_logs2.json,27,contribution,0.0,24,0.0,observed,,24
GLM-5.1,PGG,game_logs2,RQ1_result/result/public_goods/result_090801_glm-5.1/game_logs2.json,28,contribution,0.0,24,0.0,observed,,24
GLM-5.1,PGG,game_logs2,RQ1_result/result/public_goods/result_090801_glm-5.1/game_logs2.json,29,contribution,0.0,24,0.0,observed,,24
GLM-5.1,PGG,game_logs2,RQ1_result/result/public_goods/result_090801_glm-5.1/game_logs2.json,30,contribution,0.0,24,0.0,observed,,24
GLM-5.1,PGG,game_logs3,RQ1_result/result/public_goods/result_090801_glm-5.1/game_logs3.json,1,contribution,0.0,24,0.0,observed,,24
GLM-5.1,PGG,game_logs3,RQ1_result/result/public_goods/result_090801_glm-5.1/game_logs3.json,2,contribution,0.0,24,0.0,observed,,24
GLM-5.1,PGG,game_logs3,RQ1_result/result/public_goods/result_090801_glm-5.1/game_logs3.json,3,contribution,0.0,24,0.0,observed,,24
GLM-5.1,PGG,game_logs3,RQ1_result/result/public_goods/result_090801_glm-5.1/game_logs3.json,4,contribution,0.0,24,0.0,observed,,24
GLM-5.1,PGG,game_logs3,RQ1_result/result/public_goods/result_090801_glm-5.1/game_logs3.json,5,contribution,0.0,24,0.0,observed,,24
GLM-5.1,PGG,game_logs3,RQ1_result/result/public_goods/result_090801_glm-5.1/game_logs3.json,6,contribution,0.0,24,0.0,observed,,24
GLM-5.1,PGG,game_logs3,RQ1_result/result/public_goods/result_090801_glm-5.1/game_logs3.json,7,contribution,0.0,24,0.0,observed,,24
GLM-5.1,PGG,game_logs3,RQ1_result/result/public_goods/result_090801_glm-5.1/game_logs3.json,8,contribution,0.0,24,0.0,observed,,24
GLM-5.1,PGG,game_logs3,RQ1_result/result/public_goods/result_090801_glm-5.1/game_logs3.json,9,contribution,0.0,24,0.0,observed,,24
GLM-5.1,PGG,game_logs3,RQ1_result/result/public_goods/result_090801_glm-5.1/game_logs3.json,10,contribution,0.0,24,0.0,observed,,24
GLM-5.1,PGG,game_logs3,RQ1_result/result/public_goods/result_090801_glm-5.1/game_logs3.json,11,contribution,0.0,24,0.0,observed,,24
GLM-5.1,PGG,game_logs3,RQ1_result/result/public_goods/result_090801_glm-5.1/game_logs3.json,12,contribution,0.0,24,0.0,observed,,24
GLM-5.1,PGG,game_logs3,RQ1_result/result/public_goods/result_090801_glm-5.1/game_logs3.json,13,contribution,0.0,24,0.0,observed,,24
GLM-5.1,PGG,game_logs3,RQ1_result/result/public_goods/result_090801_glm-5.1/game_logs3.json,14,contribution,0.0,24,0.0,observed,,24
GLM-5.1,PGG,game_logs3,RQ1_result/result/public_goods/result_090801_glm-5.1/game_logs3.json,15,contribution,0.0,24,0.0,observed,,24
GLM-5.1,PGG,game_logs3,RQ1_result/result/public_goods/result_090801_glm-5.1/game_logs3.json,16,contribution,0.0,24,0.0,observed,,24
GLM-5.1,PGG,game_logs3,RQ1_result/result/public_goods/result_090801_glm-5.1/game_logs3.json,17,contribution,0.0,24,0.0,observed,,24
GLM-5.1,PGG,game_logs3,RQ1_result/result/public_goods/result_090801_glm-5.1/game_logs3.json,18,contribution,0.0,24,0.0,observed,,24
GLM-5.1,PGG,game_logs3,RQ1_result/result/public_goods/result_090801_glm-5.1/game_logs3.json,19,contribution,0.0,24,0.0,observed,,24
GLM-5.1,PGG,game_logs3,RQ1_result/result/public_goods/result_090801_glm-5.1/game_logs3.json,20,contribution,0.0,24,0.0,observed,,24
GLM-5.1,PGG,game_logs3,RQ1_result/result/public_goods/result_090801_glm-5.1/game_logs3.json,21,contribution,0.0,24,0.0,observed,,24
GLM-5.1,PGG,game_logs3,RQ1_result/result/public_goods/result_090801_glm-5.1/game_logs3.json,22,contribution,0.0,24,0.0,observed,,24
GLM-5.1,PGG,game_logs3,RQ1_result/result/public_goods/result_090801_glm-5.1/game_logs3.json,23,contribution,0.0,24,0.0,observed,,24
GLM-5.1,PGG,game_logs3,RQ1_result/result/public_goods/result_090801_glm-5.1/game_logs3.json,24,contribution,0.0,24,0.0,observed,,24
GLM-5.1,PGG,game_logs3,RQ1_result/result/public_goods/result_090801_glm-5.1/game_logs3.json,25,contribution,0.0,24,0.0,observed,,24
GLM-5.1,PGG,game_logs3,RQ1_result/result/public_goods/result_090801_glm-5.1/game_logs3.json,26,contribution,0.0,24,0.0,observed,,24
GLM-5.1,PGG,game_logs3,RQ1_result/result/public_goods/result_090801_glm-5.1/game_logs3.json,27,contribution,0.0,24,0.0,observed,,24
GLM-5.1,PGG,game_logs3,RQ1_result/result/public_goods/result_090801_glm-5.1/game_logs3.json,28,contribution,0.0,24,0.0,observed,,24
GLM-5.1,PGG,game_logs3,RQ1_result/result/public_goods/result_090801_glm-5.1/game_logs3.json,29,contribution,0.0,24,0.0,observed,,24
GLM-5.1,PGG,game_logs3,RQ1_result/result/public_goods/result_090801_glm-5.1/game_logs3.json,30,contribution,0.0,24,0.0,observed,,24
GLM-5.1,TG,game_log1,RQ1_result/result/trust_game/082904_glm-5.1_final/data/game_log1.json,1,sender,50.0,12,50.0,observed,,12
GLM-5.1,TG,game_log1,RQ1_result/result/trust_game/082904_glm-5.1_final/data/game_log1.json,1,receiver,21.11111111111111,12,21.11111111111111,observed,,12
GLM-5.1,TG,game_log1,RQ1_result/result/trust_game/082904_glm-5.1_final/data/game_log1.json,2,sender,50.0,12,50.0,observed,,12
GLM-5.1,TG,game_log1,RQ1_result/result/trust_game/082904_glm-5.1_final/data/game_log1.json,2,receiver,5.555555555555556,12,5.555555555555556,observed,,12
GLM-5.1,TG,game_log1,RQ1_result/result/trust_game/082904_glm-5.1_final/data/game_log1.json,3,sender,50.0,12,50.0,observed,,12
GLM-5.1,TG,game_log1,RQ1_result/result/trust_game/082904_glm-5.1_final/data/game_log1.json,3,receiver,16.666666666666664,12,16.666666666666664,observed,,12
GLM-5.1,TG,game_log1,RQ1_result/result/trust_game/082904_glm-5.1_final/data/game_log1.json,4,sender,45.83333333333333,12,45.83333333333333,observed,,12
GLM-5.1,TG,game_log1,RQ1_result/result/trust_game/082904_glm-5.1_final/data/game_log1.json,4,receiver,6.666666666666667,11,6.666666666666667,observed,,11
GLM-5.1,TG,game_log1,RQ1_result/result/trust_game/082904_glm-5.1_final/data/game_log1.json,5,sender,34.166666666666664,12,34.166666666666664,observed,,12
GLM-5.1,TG,game_log1,RQ1_result/result/trust_game/082904_glm-5.1_final/data/game_log1.json,5,receiver,4.444444444444445,9,4.444444444444445,observed,,9
GLM-5.1,TG,game_log1,RQ1_result/result/trust_game/082904_glm-5.1_final/data/game_log1.json,6,sender,35.0,12,35.0,observed,,12
GLM-5.1,TG,game_log1,RQ1_result/result/trust_game/082904_glm-5.1_final/data/game_log1.json,6,receiver,4.666666666666667,10,4.666666666666667,observed,,10
GLM-5.1,TG,game_log1,RQ1_result/result/trust_game/082904_glm-5.1_final/data/game_log1.json,7,sender,39.16666666666666,12,39.16666666666666,observed,,12
GLM-5.1,TG,game_log1,RQ1_result/result/trust_game/082904_glm-5.1_final/data/game_log1.json,7,receiver,8.484848484848486,11,8.484848484848486,observed,,11
GLM-5.1,TG,game_log1,RQ1_result/result/trust_game/082904_glm-5.1_final/data/game_log1.json,8,sender,45.83333333333333,12,45.83333333333333,observed,,12
GLM-5.1,TG,game_log1,RQ1_result/result/trust_game/082904_glm-5.1_final/data/game_log1.json,8,receiver,18.18181818181818,11,18.18181818181818,observed,,11
GLM-5.1,TG,game_log1,RQ1_result/result/trust_game/082904_glm-5.1_final/data/game_log1.json,9,sender,46.666666666666664,12,46.666666666666664,observed,,12
GLM-5.1,TG,game_log1,RQ1_result/result/trust_game/082904_glm-5.1_final/data/game_log1.json,9,receiver,7.222222222222223,12,7.222222222222223,observed,,12
GLM-5.1,TG,game_log1,RQ1_result/result/trust_game/082904_glm-5.1_final/data/game_log1.json,10,sender,41.66666666666667,12,41.66666666666667,observed,,12
GLM-5.1,TG,game_log1,RQ1_result/result/trust_game/082904_glm-5.1_final/data/game_log1.json,10,receiver,22.666666666666664,10,22.666666666666664,observed,,10
GLM-5.1,TG,game_log1,RQ1_result/result/trust_game/082904_glm-5.1_final/data/game_log1.json,11,sender,50.0,12,50.0,observed,,12
GLM-5.1,TG,game_log1,RQ1_result/result/trust_game/082904_glm-5.1_final/data/game_log1.json,11,receiver,7.333333333333333,10,7.333333333333333,observed,,10
GLM-5.1,TG,game_log1,RQ1_result/result/trust_game/082904_glm-5.1_final/data/game_log1.json,12,sender,35.0,12,35.0,observed,,12
GLM-5.1,TG,game_log1,RQ1_result/result/trust_game/082904_glm-5.1_final/data/game_log1.json,12,receiver,9.333333333333334,10,9.333333333333334,observed,,10
GLM-5.1,TG,game_log1,RQ1_result/result/trust_game/082904_glm-5.1_final/data/game_log1.json,13,sender,41.66666666666667,12,41.66666666666667,observed,,12
GLM-5.1,TG,game_log1,RQ1_result/result/trust_game/082904_glm-5.1_final/data/game_log1.json,13,receiver,16.0,10,16.0,observed,,10
GLM-5.1,TG,game_log1,RQ1_result/result/trust_game/082904_glm-5.1_final/data/game_log1.json,14,sender,21.666666666666668,12,21.666666666666668,observed,,12
GLM-5.1,TG,game_log1,RQ1_result/result/trust_game/082904_glm-5.1_final/data/game_log1.json,14,receiver,26.666666666666668,6,26.666666666666668,observed,,6
GLM-5.1,TG,game_log1,RQ1_result/result/trust_game/082904_glm-5.1_final/data/game_log1.json,15,sender,31.66666666666667,12,31.66666666666667,observed,,12
GLM-5.1,TG,game_log1,RQ1_result/result/trust_game/082904_glm-5.1_final/data/game_log1.json,15,receiver,12.592592592592592,9,12.592592592592592,observed,,9
GLM-5.1,TG,game_log1,RQ1_result/result/trust_game/082904_glm-5.1_final/data/game_log1.json,16,sender,37.5,12,37.5,observed,,12
GLM-5.1,TG,game_log1,RQ1_result/result/trust_game/082904_glm-5.1_final/data/game_log1.json,16,receiver,11.11111111111111,9,11.11111111111111,observed,,9
GLM-5.1,TG,game_log1,RQ1_result/result/trust_game/082904_glm-5.1_final/data/game_log1.json,17,sender,21.666666666666668,12,21.666666666666668,observed,,12
GLM-5.1,TG,game_log1,RQ1_result/result/trust_game/082904_glm-5.1_final/data/game_log1.json,17,receiver,0.0,6,0.0,observed,,6
GLM-5.1,TG,game_log1,RQ1_result/result/trust_game/082904_glm-5.1_final/data/game_log1.json,18,sender,14.16666666666667,12,14.16666666666667,observed,,12
GLM-5.1,TG,game_log1,RQ1_result/result/trust_game/082904_glm-5.1_final/data/game_log1.json,18,receiver,20.0,5,20.0,observed,,5
GLM-5.1,TG,game_log1,RQ1_result/result/trust_game/082904_glm-5.1_final/data/game_log1.json,19,sender,25.0,12,25.0,observed,,12
GLM-5.1,TG,game_log1,RQ1_result/result/trust_game/082904_glm-5.1_final/data/game_log1.json,19,receiver,12.222222222222223,6,12.222222222222223,observed,,6
GLM-5.1,TG,game_log1,RQ1_result/result/trust_game/082904_glm-5.1_final/data/game_log1.json,20,sender,25.0,12,25.0,observed,,12
GLM-5.1,TG,game_log1,RQ1_result/result/trust_game/082904_glm-5.1_final/data/game_log1.json,20,receiver,8.88888888888889,6,8.88888888888889,observed,,6
GLM-5.1,TG,game_log1,RQ1_result/result/trust_game/082904_glm-5.1_final/data/game_log1.json,21,sender,17.5,12,17.5,observed,,12
GLM-5.1,TG,game_log1,RQ1_result/result/trust_game/082904_glm-5.1_final/data/game_log1.json,21,receiver,8.0,5,8.0,observed,,5
GLM-5.1,TG,game_log1,RQ1_result/result/trust_game/082904_glm-5.1_final/data/game_log1.json,22,sender,30.0,12,30.0,observed,,12
GLM-5.1,TG,game_log1,RQ1_result/result/trust_game/082904_glm-5.1_final/data/game_log1.json,22,receiver,4.166666666666666,8,4.166666666666666,observed,,8
GLM-5.1,TG,game_log1,RQ1_result/result/trust_game/082904_glm-5.1_final/data/game_log1.json,23,sender,8.333333333333332,12,8.333333333333332,observed,,12
GLM-5.1,TG,game_log1,RQ1_result/result/trust_game/082904_glm-5.1_final/data/game_log1.json,23,receiver,20.0,2,20.0,observed,,2
GLM-5.1,TG,game_log1,RQ1_result/result/trust_game/082904_glm-5.1_final/data/game_log1.json,24,sender,16.666666666666664,12,16.666666666666664,observed,,12
GLM-5.1,TG,game_log1,RQ1_result/result/trust_game/082904_glm-5.1_final/data/game_log1.json,24,receiver,0.0,4,0.0,observed,,4
GLM-5.1,TG,game_log1,RQ1_result/result/trust_game/082904_glm-5.1_final/data/game_log1.json,25,sender,41.66666666666667,12,41.66666666666667,observed,,12
GLM-5.1,TG,game_log1,RQ1_result/result/trust_game/082904_glm-5.1_final/data/game_log1.json,25,receiver,6.666666666666668,9,6.666666666666668,observed,,9
GLM-5.1,TG,game_log1,RQ1_result/result/trust_game/082904_glm-5.1_final/data/game_log1.json,26,sender,8.333333333333332,12,8.333333333333332,observed,,12
GLM-5.1,TG,game_log1,RQ1_result/result/trust_game/082904_glm-5.1_final/data/game_log1.json,26,receiver,0.0,2,0.0,observed,,2
GLM-5.1,TG,game_log1,RQ1_result/result/trust_game/082904_glm-5.1_final/data/game_log1.json,27,sender,13.333333333333334,12,13.333333333333334,observed,,12
GLM-5.1,TG,game_log1,RQ1_result/result/trust_game/082904_glm-5.1_final/data/game_log1.json,27,receiver,0.0,4,0.0,observed,,4
GLM-5.1,TG,game_log1,RQ1_result/result/trust_game/082904_glm-5.1_final/data/game_log1.json,28,sender,20.833333333333336,12,20.833333333333336,observed,,12
GLM-5.1,TG,game_log1,RQ1_result/result/trust_game/082904_glm-5.1_final/data/game_log1.json,28,receiver,8.0,5,8.0,observed,,5
GLM-5.1,TG,game_log1,RQ1_result/result/trust_game/082904_glm-5.1_final/data/game_log1.json,29,sender,16.666666666666664,12,16.666666666666664,observed,,12
GLM-5.1,TG,game_log1,RQ1_result/result/trust_game/082904_glm-5.1_final/data/game_log1.json,29,receiver,6.666666666666667,3,6.666666666666667,observed,,3
GLM-5.1,TG,game_log1,RQ1_result/result/trust_game/082904_glm-5.1_final/data/game_log1.json,30,sender,21.666666666666668,12,21.666666666666668,observed,,12
GLM-5.1,TG,game_log1,RQ1_result/result/trust_game/082904_glm-5.1_final/data/game_log1.json,30,receiver,3.3333333333333335,6,3.3333333333333335,observed,,6
GLM-5.1,TG,game_log2,RQ1_result/result/trust_game/082904_glm-5.1_final/data/game_log2.json,1,sender,50.0,12,50.0,observed,,12
GLM-5.1,TG,game_log2,RQ1_result/result/trust_game/082904_glm-5.1_final/data/game_log2.json,1,receiver,7.777777777777778,12,7.777777777777778,observed,,12
GLM-5.1,TG,game_log2,RQ1_result/result/trust_game/082904_glm-5.1_final/data/game_log2.json,2,sender,50.0,12,50.0,observed,,12
GLM-5.1,TG,game_log2,RQ1_result/result/trust_game/082904_glm-5.1_final/data/game_log2.json,2,receiver,3.3333333333333335,12,3.3333333333333335,observed,,12
GLM-5.1,TG,game_log2,RQ1_result/result/trust_game/082904_glm-5.1_final/data/game_log2.json,3,sender,42.5,12,42.5,observed,,12
GLM-5.1,TG,game_log2,RQ1_result/result/trust_game/082904_glm-5.1_final/data/game_log2.json,3,receiver,16.969696969696972,11,16.969696969696972,observed,,11
GLM-5.1,TG,game_log2,RQ1_result/result/trust_game/082904_glm-5.1_final/data/game_log2.json,4,sender,45.83333333333333,12,45.83333333333333,observed,,12
GLM-5.1,TG,game_log2,RQ1_result/result/trust_game/082904_glm-5.1_final/data/game_log2.json,4,receiver,14.666666666666666,10,14.666666666666666,observed,,10
GLM-5.1,TG,game_log2,RQ1_result/result/trust_game/082904_glm-5.1_final/data/game_log2.json,5,sender,34.166666666666664,12,34.166666666666664,observed,,12
GLM-5.1,TG,game_log2,RQ1_result/result/trust_game/082904_glm-5.1_final/data/game_log2.json,5,receiver,4.444444444444445,9,4.444444444444445,observed,,9
GLM-5.1,TG,game_log2,RQ1_result/result/trust_game/082904_glm-5.1_final/data/game_log2.json,6,sender,42.5,12,42.5,observed,,12
GLM-5.1,TG,game_log2,RQ1_result/result/trust_game/082904_glm-5.1_final/data/game_log2.json,6,receiver,12.121212121212123,11,12.121212121212123,observed,,11
GLM-5.1,TG,game_log2,RQ1_result/result/trust_game/082904_glm-5.1_final/data/game_log2.json,7,sender,41.66666666666667,12,41.66666666666667,observed,,12
GLM-5.1,TG,game_log2,RQ1_result/result/trust_game/082904_glm-5.1_final/data/game_log2.json,7,receiver,4.666666666666667,10,4.666666666666667,observed,,10
GLM-5.1,TG,game_log2,RQ1_result/result/trust_game/082904_glm-5.1_final/data/game_log2.json,8,sender,38.33333333333333,12,38.33333333333333,observed,,12
GLM-5.1,TG,game_log2,RQ1_result/result/trust_game/082904_glm-5.1_final/data/game_log2.json,8,receiver,11.333333333333332,10,11.333333333333332,observed,,10
GLM-5.1,TG,game_log2,RQ1_result/result/trust_game/082904_glm-5.1_final/data/game_log2.json,9,sender,38.33333333333333,12,38.33333333333333,observed,,12
GLM-5.1,TG,game_log2,RQ1_result/result/trust_game/082904_glm-5.1_final/data/game_log2.json,9,receiver,5.333333333333333,10,5.333333333333333,observed,,10
GLM-5.1,TG,game_log2,RQ1_result/result/trust_game/082904_glm-5.1_final/data/game_log2.json,10,sender,30.833333333333336,12,30.833333333333336,observed,,12
GLM-5.1,TG,game_log2,RQ1_result/result/trust_game/082904_glm-5.1_final/data/game_log2.json,10,receiver,7.407407407407408,9,7.407407407407408,observed,,9
GLM-5.1,TG,game_log2,RQ1_result/result/trust_game/082904_glm-5.1_final/data/game_log2.json,11,sender,35.83333333333334,12,35.83333333333334,observed,,12
GLM-5.1,TG,game_log2,RQ1_result/result/trust_game/082904_glm-5.1_final/data/game_log2.json,11,receiver,7.2727272727272725,11,7.2727272727272725,observed,,11
GLM-5.1,TG,game_log2,RQ1_result/result/trust_game/082904_glm-5.1_final/data/game_log2.json,12,sender,34.166666666666664,12,34.166666666666664,observed,,12
GLM-5.1,TG,game_log2,RQ1_result/result/trust_game/082904_glm-5.1_final/data/game_log2.json,12,receiver,20.740740740740737,9,20.740740740740737,observed,,9
GLM-5.1,TG,game_log2,RQ1_result/result/trust_game/082904_glm-5.1_final/data/game_log2.json,13,sender,33.33333333333333,12,33.33333333333333,observed,,12
GLM-5.1,TG,game_log2,RQ1_result/result/trust_game/082904_glm-5.1_final/data/game_log2.json,13,receiver,27.500000000000004,8,27.500000000000004,observed,,8
GLM-5.1,TG,game_log2,RQ1_result/result/trust_game/082904_glm-5.1_final/data/game_log2.json,14,sender,29.166666666666668,12,29.166666666666668,observed,,12
GLM-5.1,TG,game_log2,RQ1_result/result/trust_game/082904_glm-5.1_final/data/game_log2.json,14,receiver,7.619047619047619,7,7.619047619047619,observed,,7
GLM-5.1,TG,game_log2,RQ1_result/result/trust_game/082904_glm-5.1_final/data/game_log2.json,15,sender,29.166666666666668,12,29.166666666666668,observed,,12
GLM-5.1,TG,game_log2,RQ1_result/result/trust_game/082904_glm-5.1_final/data/game_log2.json,15,receiver,11.428571428571429,7,11.428571428571429,observed,,7
GLM-5.1,TG,game_log2,RQ1_result/result/trust_game/082904_glm-5.1_final/data/game_log2.json,16,sender,17.5,12,17.5,observed,,12
GLM-5.1,TG,game_log2,RQ1_result/result/trust_game/082904_glm-5.1_final/data/game_log2.json,16,receiver,8.0,5,8.0,observed,,5
GLM-5.1,TG,game_log2,RQ1_result/result/trust_game/082904_glm-5.1_final/data/game_log2.json,17,sender,21.666666666666668,12,21.666666666666668,observed,,12
GLM-5.1,TG,game_log2,RQ1_result/result/trust_game/082904_glm-5.1_final/data/game_log2.json,17,receiver,12.222222222222223,6,12.222222222222223,observed,,6
GLM-5.1,TG,game_log2,RQ1_result/result/trust_game/082904_glm-5.1_final/data/game_log2.json,18,sender,29.166666666666668,12,29.166666666666668,observed,,12
GLM-5.1,TG,game_log2,RQ1_result/result/trust_game/082904_glm-5.1_final/data/game_log2.json,18,receiver,10.476190476190474,7,10.476190476190474,observed,,7
GLM-5.1,TG,game_log2,RQ1_result/result/trust_game/082904_glm-5.1_final/data/game_log2.json,19,sender,25.833333333333336,12,25.833333333333336,observed,,12
GLM-5.1,TG,game_log2,RQ1_result/result/trust_game/082904_glm-5.1_final/data/game_log2.json,19,receiver,5.714285714285714,7,5.714285714285714,observed,,7
GLM-5.1,TG,game_log2,RQ1_result/result/trust_game/082904_glm-5.1_final/data/game_log2.json,20,sender,30.0,12,30.0,observed,,12
GLM-5.1,TG,game_log2,RQ1_result/result/trust_game/082904_glm-5.1_final/data/game_log2.json,20,receiver,5.0,8,5.0,observed,,8
GLM-5.1,TG,game_log2,RQ1_result/result/trust_game/082904_glm-5.1_final/data/game_log2.json,21,sender,21.666666666666668,12,21.666666666666668,observed,,12
GLM-5.1,TG,game_log2,RQ1_result/result/trust_game/082904_glm-5.1_final/data/game_log2.json,21,receiver,0.0,6,0.0,observed,,6
GLM-5.1,TG,game_log2,RQ1_result/result/trust_game/082904_glm-5.1_final/data/game_log2.json,22,sender,17.5,12,17.5,observed,,12
GLM-5.1,TG,game_log2,RQ1_result/result/trust_game/082904_glm-5.1_final/data/game_log2.json,22,receiver,12.0,5,12.0,observed,,5
GLM-5.1,TG,game_log2,RQ1_result/result/trust_game/082904_glm-5.1_final/data/game_log2.json,23,sender,20.833333333333336,12,20.833333333333336,observed,,12
GLM-5.1,TG,game_log2,RQ1_result/result/trust_game/082904_glm-5.1_final/data/game_log2.json,23,receiver,10.666666666666668,5,10.666666666666668,observed,,5
GLM-5.1,TG,game_log2,RQ1_result/result/trust_game/082904_glm-5.1_final/data/game_log2.json,24,sender,21.666666666666668,12,21.666666666666668,observed,,12
GLM-5.1,TG,game_log2,RQ1_result/result/trust_game/082904_glm-5.1_final/data/game_log2.json,24,receiver,6.666666666666667,6,6.666666666666667,observed,,6
GLM-5.1,TG,game_log2,RQ1_result/result/trust_game/082904_glm-5.1_final/data/game_log2.json,25,sender,14.16666666666667,12,14.16666666666667,observed,,12
GLM-5.1,TG,game_log2,RQ1_result/result/trust_game/082904_glm-5.1_final/data/game_log2.json,25,receiver,8.0,5,8.0,observed,,5
GLM-5.1,TG,game_log2,RQ1_result/result/trust_game/082904_glm-5.1_final/data/game_log2.json,26,sender,25.833333333333336,12,25.833333333333336,observed,,12
GLM-5.1,TG,game_log2,RQ1_result/result/trust_game/082904_glm-5.1_final/data/game_log2.json,26,receiver,3.3333333333333335,6,3.3333333333333335,observed,,6
GLM-5.1,TG,game_log2,RQ1_result/result/trust_game/082904_glm-5.1_final/data/game_log2.json,27,sender,9.166666666666668,12,9.166666666666668,observed,,12
GLM-5.1,TG,game_log2,RQ1_result/result/trust_game/082904_glm-5.1_final/data/game_log2.json,27,receiver,6.666666666666667,3,6.666666666666667,observed,,3
GLM-5.1,TG,game_log2,RQ1_result/result/trust_game/082904_glm-5.1_final/data/game_log2.json,28,sender,12.5,12,12.5,observed,,12
GLM-5.1,TG,game_log2,RQ1_result/result/trust_game/082904_glm-5.1_final/data/game_log2.json,28,receiver,13.333333333333334,3,13.333333333333334,observed,,3
GLM-5.1,TG,game_log2,RQ1_result/result/trust_game/082904_glm-5.1_final/data/game_log2.json,29,sender,14.16666666666667,12,14.16666666666667,observed,,12
GLM-5.1,TG,game_log2,RQ1_result/result/trust_game/082904_glm-5.1_final/data/game_log2.json,29,receiver,4.0,5,4.0,observed,,5
GLM-5.1,TG,game_log2,RQ1_result/result/trust_game/082904_glm-5.1_final/data/game_log2.json,30,sender,20.833333333333336,12,20.833333333333336,observed,,12
GLM-5.1,TG,game_log2,RQ1_result/result/trust_game/082904_glm-5.1_final/data/game_log2.json,30,receiver,9.333333333333334,5,9.333333333333334,observed,,5
GLM-5.1,TG,game_log3,RQ1_result/result/trust_game/082904_glm-5.1_final/data/game_log3.json,1,sender,50.0,12,50.0,observed,,12
GLM-5.1,TG,game_log3,RQ1_result/result/trust_game/082904_glm-5.1_final/data/game_log3.json,1,receiver,7.777777777777778,12,7.777777777777778,observed,,12
GLM-5.1,TG,game_log3,RQ1_result/result/trust_game/082904_glm-5.1_final/data/game_log3.json,2,sender,45.83333333333333,12,45.83333333333333,observed,,12
GLM-5.1,TG,game_log3,RQ1_result/result/trust_game/082904_glm-5.1_final/data/game_log3.json,2,receiver,13.939393939393938,11,13.939393939393938,observed,,11
GLM-5.1,TG,game_log3,RQ1_result/result/trust_game/082904_glm-5.1_final/data/game_log3.json,3,sender,50.0,12,50.0,observed,,12
GLM-5.1,TG,game_log3,RQ1_result/result/trust_game/082904_glm-5.1_final/data/game_log3.json,3,receiver,7.777777777777778,12,7.777777777777778,observed,,12
GLM-5.1,TG,game_log3,RQ1_result/result/trust_game/082904_glm-5.1_final/data/game_log3.json,4,sender,50.0,12,50.0,observed,,12
GLM-5.1,TG,game_log3,RQ1_result/result/trust_game/082904_glm-5.1_final/data/game_log3.json,4,receiver,7.777777777777778,12,7.777777777777778,observed,,12
GLM-5.1,TG,game_log3,RQ1_result/result/trust_game/082904_glm-5.1_final/data/game_log3.json,5,sender,33.33333333333333,12,33.33333333333333,observed,,12
GLM-5.1,TG,game_log3,RQ1_result/result/trust_game/082904_glm-5.1_final/data/game_log3.json,5,receiver,3.3333333333333335,8,3.3333333333333335,observed,,8
GLM-5.1,TG,game_log3,RQ1_result/result/trust_game/082904_glm-5.1_final/data/game_log3.json,6,sender,45.83333333333333,12,45.83333333333333,observed,,12
GLM-5.1,TG,game_log3,RQ1_result/result/trust_game/082904_glm-5.1_final/data/game_log3.json,6,receiver,14.545454545454547,11,14.545454545454547,observed,,11
GLM-5.1,TG,game_log3,RQ1_result/result/trust_game/082904_glm-5.1_final/data/game_log3.json,7,sender,45.83333333333333,12,45.83333333333333,observed,,12
GLM-5.1,TG,game_log3,RQ1_result/result/trust_game/082904_glm-5.1_final/data/game_log3.json,7,receiver,7.272727272727273,11,7.272727272727273,observed,,11
GLM-5.1,TG,game_log3,RQ1_result/result/trust_game/082904_glm-5.1_final/data/game_log3.json,8,sender,22.5,12,22.5,observed,,12
GLM-5.1,TG,game_log3,RQ1_result/result/trust_game/082904_glm-5.1_final/data/game_log3.json,8,receiver,17.142857142857142,7,17.142857142857142,observed,,7
GLM-5.1,TG,game_log3,RQ1_result/result/trust_game/082904_glm-5.1_final/data/game_log3.json,9,sender,34.166666666666664,12,34.166666666666664,observed,,12
GLM-5.1,TG,game_log3,RQ1_result/result/trust_game/082904_glm-5.1_final/data/game_log3.json,9,receiver,5.9259259259259265,9,5.9259259259259265,observed,,9
GLM-5.1,TG,game_log3,RQ1_result/result/trust_game/082904_glm-5.1_final/data/game_log3.json,10,sender,37.5,12,37.5,observed,,12
GLM-5.1,TG,game_log3,RQ1_result/result/trust_game/082904_glm-5.1_final/data/game_log3.json,10,receiver,23.703703703703706,9,23.703703703703706,observed,,9
GLM-5.1,TG,game_log3,RQ1_result/result/trust_game/082904_glm-5.1_final/data/game_log3.json,11,sender,30.0,12,30.0,observed,,12
GLM-5.1,TG,game_log3,RQ1_result/result/trust_game/082904_glm-5.1_final/data/game_log3.json,11,receiver,4.166666666666667,8,4.166666666666667,observed,,8
GLM-5.1,TG,game_log3,RQ1_result/result/trust_game/082904_glm-5.1_final/data/game_log3.json,12,sender,38.33333333333333,12,38.33333333333333,observed,,12
GLM-5.1,TG,game_log3,RQ1_result/result/trust_game/082904_glm-5.1_final/data/game_log3.json,12,receiver,4.0,10,4.0,observed,,10
GLM-5.1,TG,game_log3,RQ1_result/result/trust_game/082904_glm-5.1_final/data/game_log3.json,13,sender,45.83333333333333,12,45.83333333333333,observed,,12
GLM-5.1,TG,game_log3,RQ1_result/result/trust_game/082904_glm-5.1_final/data/game_log3.json,13,receiver,10.303030303030303,11,10.303030303030303,observed,,11
GLM-5.1,TG,game_log3,RQ1_result/result/trust_game/082904_glm-5.1_final/data/game_log3.json,14,sender,45.83333333333333,12,45.83333333333333,observed,,12
GLM-5.1,TG,game_log3,RQ1_result/result/trust_game/082904_glm-5.1_final/data/game_log3.json,14,receiver,11.515151515151514,11,11.515151515151514,observed,,11
GLM-5.1,TG,game_log3,RQ1_result/result/trust_game/082904_glm-5.1_final/data/game_log3.json,15,sender,16.666666666666664,12,16.666666666666664,observed,,12
GLM-5.1,TG,game_log3,RQ1_result/result/trust_game/082904_glm-5.1_final/data/game_log3.json,15,receiver,8.333333333333332,4,8.333333333333332,observed,,4
GLM-5.1,TG,game_log3,RQ1_result/result/trust_game/082904_glm-5.1_final/data/game_log3.json,16,sender,34.166666666666664,12,34.166666666666664,observed,,12
GLM-5.1,TG,game_log3,RQ1_result/result/trust_game/082904_glm-5.1_final/data/game_log3.json,16,receiver,10.37037037037037,9,10.37037037037037,observed,,9
GLM-5.1,TG,game_log3,RQ1_result/result/trust_game/082904_glm-5.1_final/data/game_log3.json,17,sender,25.0,12,25.0,observed,,12
GLM-5.1,TG,game_log3,RQ1_result/result/trust_game/082904_glm-5.1_final/data/game_log3.json,17,receiver,6.666666666666667,6,6.666666666666667,observed,,6
GLM-5.1,TG,game_log3,RQ1_result/result/trust_game/082904_glm-5.1_final/data/game_log3.json,18,sender,30.0,12,30.0,observed,,12
GLM-5.1,TG,game_log3,RQ1_result/result/trust_game/082904_glm-5.1_final/data/game_log3.json,18,receiver,10.476190476190476,7,10.476190476190476,observed,,7
GLM-5.1,TG,game_log3,RQ1_result/result/trust_game/082904_glm-5.1_final/data/game_log3.json,19,sender,25.0,12,25.0,observed,,12
GLM-5.1,TG,game_log3,RQ1_result/result/trust_game/082904_glm-5.1_final/data/game_log3.json,19,receiver,10.0,6,10.0,observed,,6
GLM-5.1,TG,game_log3,RQ1_result/result/trust_game/082904_glm-5.1_final/data/game_log3.json,20,sender,25.833333333333336,12,25.833333333333336,observed,,12
GLM-5.1,TG,game_log3,RQ1_result/result/trust_game/082904_glm-5.1_final/data/game_log3.json,20,receiver,10.476190476190476,7,10.476190476190476,observed,,7
GLM-5.1,TG,game_log3,RQ1_result/result/trust_game/082904_glm-5.1_final/data/game_log3.json,21,sender,21.666666666666668,12,21.666666666666668,observed,,12
GLM-5.1,TG,game_log3,RQ1_result/result/trust_game/082904_glm-5.1_final/data/game_log3.json,21,receiver,0.0,6,0.0,observed,,6
GLM-5.1,TG,game_log3,RQ1_result/result/trust_game/082904_glm-5.1_final/data/game_log3.json,22,sender,16.666666666666664,12,16.666666666666664,observed,,12
GLM-5.1,TG,game_log3,RQ1_result/result/trust_game/082904_glm-5.1_final/data/game_log3.json,22,receiver,10.0,4,10.0,observed,,4
GLM-5.1,TG,game_log3,RQ1_result/result/trust_game/082904_glm-5.1_final/data/game_log3.json,23,sender,13.333333333333334,12,13.333333333333334,observed,,12
GLM-5.1,TG,game_log3,RQ1_result/result/trust_game/082904_glm-5.1_final/data/game_log3.json,23,receiver,10.0,4,10.0,observed,,4
GLM-5.1,TG,game_log3,RQ1_result/result/trust_game/082904_glm-5.1_final/data/game_log3.json,24,sender,16.666666666666664,12,16.666666666666664,observed,,12
GLM-5.1,TG,game_log3,RQ1_result/result/trust_game/082904_glm-5.1_final/data/game_log3.json,24,receiver,0.0,4,0.0,observed,,4
GLM-5.1,TG,game_log3,RQ1_result/result/trust_game/082904_glm-5.1_final/data/game_log3.json,25,sender,25.0,12,25.0,observed,,12
GLM-5.1,TG,game_log3,RQ1_result/result/trust_game/082904_glm-5.1_final/data/game_log3.json,25,receiver,34.444444444444436,6,34.444444444444436,observed,,6
GLM-5.1,TG,game_log3,RQ1_result/result/trust_game/082904_glm-5.1_final/data/game_log3.json,26,sender,21.666666666666668,12,21.666666666666668,observed,,12
GLM-5.1,TG,game_log3,RQ1_result/result/trust_game/082904_glm-5.1_final/data/game_log3.json,26,receiver,2.6666666666666665,5,2.6666666666666665,observed,,5
GLM-5.1,TG,game_log3,RQ1_result/result/trust_game/082904_glm-5.1_final/data/game_log3.json,27,sender,18.333333333333336,12,18.333333333333336,observed,,12
GLM-5.1,TG,game_log3,RQ1_result/result/trust_game/082904_glm-5.1_final/data/game_log3.json,27,receiver,6.666666666666667,6,6.666666666666667,observed,,6
GLM-5.1,TG,game_log3,RQ1_result/result/trust_game/082904_glm-5.1_final/data/game_log3.json,28,sender,14.16666666666667,12,14.16666666666667,observed,,12
GLM-5.1,TG,game_log3,RQ1_result/result/trust_game/082904_glm-5.1_final/data/game_log3.json,28,receiver,0.0,5,0.0,observed,,5
GLM-5.1,TG,game_log3,RQ1_result/result/trust_game/082904_glm-5.1_final/data/game_log3.json,29,sender,12.5,12,12.5,observed,,12
GLM-5.1,TG,game_log3,RQ1_result/result/trust_game/082904_glm-5.1_final/data/game_log3.json,29,receiver,15.555555555555555,3,15.555555555555555,observed,,3
GLM-5.1,TG,game_log3,RQ1_result/result/trust_game/082904_glm-5.1_final/data/game_log3.json,30,sender,12.5,12,12.5,observed,,12
GLM-5.1,TG,game_log3,RQ1_result/result/trust_game/082904_glm-5.1_final/data/game_log3.json,30,receiver,8.88888888888889,3,8.88888888888889,observed,,3
GPT-5.4,PD,game_log1,RQ1_result/result/prisoners_dilemma/082004_gpt-5.4/data/game_log1.json,1,cooperation,0.0,24,0.0,observed,,24
GPT-5.4,PD,game_log1,RQ1_result/result/prisoners_dilemma/082004_gpt-5.4/data/game_log1.json,2,cooperation,0.0,24,0.0,observed,,24
GPT-5.4,PD,game_log1,RQ1_result/result/prisoners_dilemma/082004_gpt-5.4/data/game_log1.json,3,cooperation,0.0,24,0.0,observed,,24
GPT-5.4,PD,game_log1,RQ1_result/result/prisoners_dilemma/082004_gpt-5.4/data/game_log1.json,4,cooperation,0.0,24,0.0,observed,,24
GPT-5.4,PD,game_log1,RQ1_result/result/prisoners_dilemma/082004_gpt-5.4/data/game_log1.json,5,cooperation,0.0,24,0.0,observed,,24
GPT-5.4,PD,game_log1,RQ1_result/result/prisoners_dilemma/082004_gpt-5.4/data/game_log1.json,6,cooperation,0.0,24,0.0,observed,,24
GPT-5.4,PD,game_log1,RQ1_result/result/prisoners_dilemma/082004_gpt-5.4/data/game_log1.json,7,cooperation,0.0,24,0.0,observed,,24
GPT-5.4,PD,game_log1,RQ1_result/result/prisoners_dilemma/082004_gpt-5.4/data/game_log1.json,8,cooperation,0.0,24,0.0,observed,,24
GPT-5.4,PD,game_log1,RQ1_result/result/prisoners_dilemma/082004_gpt-5.4/data/game_log1.json,9,cooperation,0.0,24,0.0,observed,,24
GPT-5.4,PD,game_log1,RQ1_result/result/prisoners_dilemma/082004_gpt-5.4/data/game_log1.json,10,cooperation,0.0,24,0.0,observed,,24
GPT-5.4,PD,game_log2,RQ1_result/result/prisoners_dilemma/082004_gpt-5.4/data/game_log2.json,1,cooperation,0.0,24,0.0,observed,,24
GPT-5.4,PD,game_log2,RQ1_result/result/prisoners_dilemma/082004_gpt-5.4/data/game_log2.json,2,cooperation,0.0,24,0.0,observed,,24
GPT-5.4,PD,game_log2,RQ1_result/result/prisoners_dilemma/082004_gpt-5.4/data/game_log2.json,3,cooperation,0.0,24,0.0,observed,,24
GPT-5.4,PD,game_log2,RQ1_result/result/prisoners_dilemma/082004_gpt-5.4/data/game_log2.json,4,cooperation,0.0,24,0.0,observed,,24
GPT-5.4,PD,game_log2,RQ1_result/result/prisoners_dilemma/082004_gpt-5.4/data/game_log2.json,5,cooperation,0.0,24,0.0,observed,,24
GPT-5.4,PD,game_log2,RQ1_result/result/prisoners_dilemma/082004_gpt-5.4/data/game_log2.json,6,cooperation,0.0,24,0.0,observed,,24
GPT-5.4,PD,game_log2,RQ1_result/result/prisoners_dilemma/082004_gpt-5.4/data/game_log2.json,7,cooperation,0.0,24,0.0,observed,,24
GPT-5.4,PD,game_log2,RQ1_result/result/prisoners_dilemma/082004_gpt-5.4/data/game_log2.json,8,cooperation,0.0,24,0.0,observed,,24
GPT-5.4,PD,game_log2,RQ1_result/result/prisoners_dilemma/082004_gpt-5.4/data/game_log2.json,9,cooperation,0.0,24,0.0,observed,,24
GPT-5.4,PD,game_log2,RQ1_result/result/prisoners_dilemma/082004_gpt-5.4/data/game_log2.json,10,cooperation,0.0,24,0.0,observed,,24
GPT-5.4,PD,game_log3,RQ1_result/result/prisoners_dilemma/082004_gpt-5.4/data/game_log3.json,1,cooperation,0.0,24,0.0,observed,,24
GPT-5.4,PD,game_log3,RQ1_result/result/prisoners_dilemma/082004_gpt-5.4/data/game_log3.json,2,cooperation,0.0,24,0.0,observed,,24
GPT-5.4,PD,game_log3,RQ1_result/result/prisoners_dilemma/082004_gpt-5.4/data/game_log3.json,3,cooperation,0.0,24,0.0,observed,,24
GPT-5.4,PD,game_log3,RQ1_result/result/prisoners_dilemma/082004_gpt-5.4/data/game_log3.json,4,cooperation,0.0,24,0.0,observed,,24
GPT-5.4,PD,game_log3,RQ1_result/result/prisoners_dilemma/082004_gpt-5.4/data/game_log3.json,5,cooperation,0.0,24,0.0,observed,,24
GPT-5.4,PD,game_log3,RQ1_result/result/prisoners_dilemma/082004_gpt-5.4/data/game_log3.json,6,cooperation,0.0,24,0.0,observed,,24
GPT-5.4,PD,game_log3,RQ1_result/result/prisoners_dilemma/082004_gpt-5.4/data/game_log3.json,7,cooperation,0.0,24,0.0,observed,,24
GPT-5.4,PD,game_log3,RQ1_result/result/prisoners_dilemma/082004_gpt-5.4/data/game_log3.json,8,cooperation,0.0,24,0.0,observed,,24
GPT-5.4,PD,game_log3,RQ1_result/result/prisoners_dilemma/082004_gpt-5.4/data/game_log3.json,9,cooperation,0.0,24,0.0,observed,,24
GPT-5.4,PD,game_log3,RQ1_result/result/prisoners_dilemma/082004_gpt-5.4/data/game_log3.json,10,cooperation,0.0,24,0.0,observed,,24
GPT-5.4,PGG,game_logs1,RQ1_result/result/public_goods/result_070108_gpt-5.4/game_logs1.json,1,contribution,0.0,24,0.0,observed,,24
GPT-5.4,PGG,game_logs1,RQ1_result/result/public_goods/result_070108_gpt-5.4/game_logs1.json,2,contribution,0.0,24,0.0,observed,,24
GPT-5.4,PGG,game_logs1,RQ1_result/result/public_goods/result_070108_gpt-5.4/game_logs1.json,3,contribution,0.0,24,0.0,observed,,24
GPT-5.4,PGG,game_logs1,RQ1_result/result/public_goods/result_070108_gpt-5.4/game_logs1.json,4,contribution,0.0,24,0.0,observed,,24
GPT-5.4,PGG,game_logs1,RQ1_result/result/public_goods/result_070108_gpt-5.4/game_logs1.json,5,contribution,0.0,24,0.0,observed,,24
GPT-5.4,PGG,game_logs1,RQ1_result/result/public_goods/result_070108_gpt-5.4/game_logs1.json,6,contribution,0.0,24,0.0,observed,,24
GPT-5.4,PGG,game_logs1,RQ1_result/result/public_goods/result_070108_gpt-5.4/game_logs1.json,7,contribution,0.0,24,0.0,observed,,24
GPT-5.4,PGG,game_logs1,RQ1_result/result/public_goods/result_070108_gpt-5.4/game_logs1.json,8,contribution,0.0,24,0.0,observed,,24
GPT-5.4,PGG,game_logs1,RQ1_result/result/public_goods/result_070108_gpt-5.4/game_logs1.json,9,contribution,0.0,24,0.0,observed,,24
GPT-5.4,PGG,game_logs1,RQ1_result/result/public_goods/result_070108_gpt-5.4/game_logs1.json,10,contribution,0.0,24,0.0,observed,,24
GPT-5.4,PGG,game_logs1,RQ1_result/result/public_goods/result_070108_gpt-5.4/game_logs1.json,11,contribution,0.0,24,0.0,observed,,24
GPT-5.4,PGG,game_logs1,RQ1_result/result/public_goods/result_070108_gpt-5.4/game_logs1.json,12,contribution,0.0,24,0.0,observed,,24
GPT-5.4,PGG,game_logs1,RQ1_result/result/public_goods/result_070108_gpt-5.4/game_logs1.json,13,contribution,0.0,24,0.0,observed,,24
GPT-5.4,PGG,game_logs1,RQ1_result/result/public_goods/result_070108_gpt-5.4/game_logs1.json,14,contribution,0.0,24,0.0,observed,,24
GPT-5.4,PGG,game_logs1,RQ1_result/result/public_goods/result_070108_gpt-5.4/game_logs1.json,15,contribution,0.0,24,0.0,observed,,24
GPT-5.4,PGG,game_logs1,RQ1_result/result/public_goods/result_070108_gpt-5.4/game_logs1.json,16,contribution,0.0,24,0.0,observed,,24
GPT-5.4,PGG,game_logs1,RQ1_result/result/public_goods/result_070108_gpt-5.4/game_logs1.json,17,contribution,0.0,24,0.0,observed,,24
GPT-5.4,PGG,game_logs1,RQ1_result/result/public_goods/result_070108_gpt-5.4/game_logs1.json,18,contribution,0.0,24,0.0,observed,,24
GPT-5.4,PGG,game_logs1,RQ1_result/result/public_goods/result_070108_gpt-5.4/game_logs1.json,19,contribution,0.0,24,0.0,observed,,24
GPT-5.4,PGG,game_logs1,RQ1_result/result/public_goods/result_070108_gpt-5.4/game_logs1.json,20,contribution,0.0,24,0.0,observed,,24
GPT-5.4,PGG,game_logs1,RQ1_result/result/public_goods/result_070108_gpt-5.4/game_logs1.json,21,contribution,0.0,24,0.0,observed,,24
GPT-5.4,PGG,game_logs1,RQ1_result/result/public_goods/result_070108_gpt-5.4/game_logs1.json,22,contribution,0.0,24,0.0,observed,,24
GPT-5.4,PGG,game_logs1,RQ1_result/result/public_goods/result_070108_gpt-5.4/game_logs1.json,23,contribution,0.0,24,0.0,observed,,24
GPT-5.4,PGG,game_logs1,RQ1_result/result/public_goods/result_070108_gpt-5.4/game_logs1.json,24,contribution,0.0,24,0.0,observed,,24
GPT-5.4,PGG,game_logs1,RQ1_result/result/public_goods/result_070108_gpt-5.4/game_logs1.json,25,contribution,0.0,24,0.0,observed,,24
GPT-5.4,PGG,game_logs1,RQ1_result/result/public_goods/result_070108_gpt-5.4/game_logs1.json,26,contribution,0.0,24,0.0,observed,,24
GPT-5.4,PGG,game_logs1,RQ1_result/result/public_goods/result_070108_gpt-5.4/game_logs1.json,27,contribution,0.0,24,0.0,observed,,24
GPT-5.4,PGG,game_logs1,RQ1_result/result/public_goods/result_070108_gpt-5.4/game_logs1.json,28,contribution,0.0,24,0.0,observed,,24
GPT-5.4,PGG,game_logs1,RQ1_result/result/public_goods/result_070108_gpt-5.4/game_logs1.json,29,contribution,0.0,24,0.0,observed,,24
GPT-5.4,PGG,game_logs1,RQ1_result/result/public_goods/result_070108_gpt-5.4/game_logs1.json,30,contribution,0.0,24,0.0,observed,,24
GPT-5.4,PGG,game_logs2,RQ1_result/result/public_goods/result_070108_gpt-5.4/game_logs2.json,1,contribution,0.0,24,0.0,observed,,24
GPT-5.4,PGG,game_logs2,RQ1_result/result/public_goods/result_070108_gpt-5.4/game_logs2.json,2,contribution,0.0,24,0.0,observed,,24
GPT-5.4,PGG,game_logs2,RQ1_result/result/public_goods/result_070108_gpt-5.4/game_logs2.json,3,contribution,0.0,24,0.0,observed,,24
GPT-5.4,PGG,game_logs2,RQ1_result/result/public_goods/result_070108_gpt-5.4/game_logs2.json,4,contribution,0.0,24,0.0,observed,,24
GPT-5.4,PGG,game_logs2,RQ1_result/result/public_goods/result_070108_gpt-5.4/game_logs2.json,5,contribution,0.0,24,0.0,observed,,24
GPT-5.4,PGG,game_logs2,RQ1_result/result/public_goods/result_070108_gpt-5.4/game_logs2.json,6,contribution,0.0,24,0.0,observed,,24
GPT-5.4,PGG,game_logs2,RQ1_result/result/public_goods/result_070108_gpt-5.4/game_logs2.json,7,contribution,0.0,24,0.0,observed,,24
GPT-5.4,PGG,game_logs2,RQ1_result/result/public_goods/result_070108_gpt-5.4/game_logs2.json,8,contribution,0.0,24,0.0,observed,,24
GPT-5.4,PGG,game_logs2,RQ1_result/result/public_goods/result_070108_gpt-5.4/game_logs2.json,9,contribution,0.0,24,0.0,observed,,24
GPT-5.4,PGG,game_logs2,RQ1_result/result/public_goods/result_070108_gpt-5.4/game_logs2.json,10,contribution,0.0,24,0.0,observed,,24
GPT-5.4,PGG,game_logs2,RQ1_result/result/public_goods/result_070108_gpt-5.4/game_logs2.json,11,contribution,0.0,24,0.0,observed,,24
GPT-5.4,PGG,game_logs2,RQ1_result/result/public_goods/result_070108_gpt-5.4/game_logs2.json,12,contribution,0.0,24,0.0,observed,,24
GPT-5.4,PGG,game_logs2,RQ1_result/result/public_goods/result_070108_gpt-5.4/game_logs2.json,13,contribution,0.0,24,0.0,observed,,24
GPT-5.4,PGG,game_logs2,RQ1_result/result/public_goods/result_070108_gpt-5.4/game_logs2.json,14,contribution,0.0,24,0.0,observed,,24
GPT-5.4,PGG,game_logs2,RQ1_result/result/public_goods/result_070108_gpt-5.4/game_logs2.json,15,contribution,0.0,24,0.0,observed,,24
GPT-5.4,PGG,game_logs2,RQ1_result/result/public_goods/result_070108_gpt-5.4/game_logs2.json,16,contribution,0.0,24,0.0,observed,,24
GPT-5.4,PGG,game_logs2,RQ1_result/result/public_goods/result_070108_gpt-5.4/game_logs2.json,17,contribution,0.0,24,0.0,observed,,24
GPT-5.4,PGG,game_logs2,RQ1_result/result/public_goods/result_070108_gpt-5.4/game_logs2.json,18,contribution,0.0,24,0.0,observed,,24
GPT-5.4,PGG,game_logs2,RQ1_result/result/public_goods/result_070108_gpt-5.4/game_logs2.json,19,contribution,0.0,24,0.0,observed,,24
GPT-5.4,PGG,game_logs2,RQ1_result/result/public_goods/result_070108_gpt-5.4/game_logs2.json,20,contribution,0.0,24,0.0,observed,,24
GPT-5.4,PGG,game_logs2,RQ1_result/result/public_goods/result_070108_gpt-5.4/game_logs2.json,21,contribution,0.0,24,0.0,observed,,24
GPT-5.4,PGG,game_logs2,RQ1_result/result/public_goods/result_070108_gpt-5.4/game_logs2.json,22,contribution,0.0,24,0.0,observed,,24
GPT-5.4,PGG,game_logs2,RQ1_result/result/public_goods/result_070108_gpt-5.4/game_logs2.json,23,contribution,0.0,24,0.0,observed,,24
GPT-5.4,PGG,game_logs2,RQ1_result/result/public_goods/result_070108_gpt-5.4/game_logs2.json,24,contribution,0.0,24,0.0,observed,,24
GPT-5.4,PGG,game_logs2,RQ1_result/result/public_goods/result_070108_gpt-5.4/game_logs2.json,25,contribution,0.0,24,0.0,observed,,24
GPT-5.4,PGG,game_logs2,RQ1_result/result/public_goods/result_070108_gpt-5.4/game_logs2.json,26,contribution,0.0,24,0.0,observed,,24
GPT-5.4,PGG,game_logs2,RQ1_result/result/public_goods/result_070108_gpt-5.4/game_logs2.json,27,contribution,0.0,24,0.0,observed,,24
GPT-5.4,PGG,game_logs2,RQ1_result/result/public_goods/result_070108_gpt-5.4/game_logs2.json,28,contribution,0.0,24,0.0,observed,,24
GPT-5.4,PGG,game_logs2,RQ1_result/result/public_goods/result_070108_gpt-5.4/game_logs2.json,29,contribution,0.0,24,0.0,observed,,24
GPT-5.4,PGG,game_logs2,RQ1_result/result/public_goods/result_070108_gpt-5.4/game_logs2.json,30,contribution,0.0,24,0.0,observed,,24
GPT-5.4,PGG,game_logs3,RQ1_result/result/public_goods/result_070108_gpt-5.4/game_logs3.json,1,contribution,0.0,24,0.0,observed,,24
GPT-5.4,PGG,game_logs3,RQ1_result/result/public_goods/result_070108_gpt-5.4/game_logs3.json,2,contribution,0.0,24,0.0,observed,,24
GPT-5.4,PGG,game_logs3,RQ1_result/result/public_goods/result_070108_gpt-5.4/game_logs3.json,3,contribution,0.0,24,0.0,observed,,24
GPT-5.4,PGG,game_logs3,RQ1_result/result/public_goods/result_070108_gpt-5.4/game_logs3.json,4,contribution,0.0,24,0.0,observed,,24
GPT-5.4,PGG,game_logs3,RQ1_result/result/public_goods/result_070108_gpt-5.4/game_logs3.json,5,contribution,0.0,24,0.0,observed,,24
GPT-5.4,PGG,game_logs3,RQ1_result/result/public_goods/result_070108_gpt-5.4/game_logs3.json,6,contribution,0.0,24,0.0,observed,,24
GPT-5.4,PGG,game_logs3,RQ1_result/result/public_goods/result_070108_gpt-5.4/game_logs3.json,7,contribution,0.0,24,0.0,observed,,24
GPT-5.4,PGG,game_logs3,RQ1_result/result/public_goods/result_070108_gpt-5.4/game_logs3.json,8,contribution,0.0,24,0.0,observed,,24
GPT-5.4,PGG,game_logs3,RQ1_result/result/public_goods/result_070108_gpt-5.4/game_logs3.json,9,contribution,0.0,24,0.0,observed,,24
GPT-5.4,PGG,game_logs3,RQ1_result/result/public_goods/result_070108_gpt-5.4/game_logs3.json,10,contribution,0.0,24,0.0,observed,,24
GPT-5.4,PGG,game_logs3,RQ1_result/result/public_goods/result_070108_gpt-5.4/game_logs3.json,11,contribution,0.0,24,0.0,observed,,24
GPT-5.4,PGG,game_logs3,RQ1_result/result/public_goods/result_070108_gpt-5.4/game_logs3.json,12,contribution,0.0,24,0.0,observed,,24
GPT-5.4,PGG,game_logs3,RQ1_result/result/public_goods/result_070108_gpt-5.4/game_logs3.json,13,contribution,0.0,24,0.0,observed,,24
GPT-5.4,PGG,game_logs3,RQ1_result/result/public_goods/result_070108_gpt-5.4/game_logs3.json,14,contribution,0.0,24,0.0,observed,,24
GPT-5.4,PGG,game_logs3,RQ1_result/result/public_goods/result_070108_gpt-5.4/game_logs3.json,15,contribution,0.0,24,0.0,observed,,24
GPT-5.4,PGG,game_logs3,RQ1_result/result/public_goods/result_070108_gpt-5.4/game_logs3.json,16,contribution,0.0,24,0.0,observed,,24
GPT-5.4,PGG,game_logs3,RQ1_result/result/public_goods/result_070108_gpt-5.4/game_logs3.json,17,contribution,0.0,24,0.0,observed,,24
GPT-5.4,PGG,game_logs3,RQ1_result/result/public_goods/result_070108_gpt-5.4/game_logs3.json,18,contribution,0.0,24,0.0,observed,,24
GPT-5.4,PGG,game_logs3,RQ1_result/result/public_goods/result_070108_gpt-5.4/game_logs3.json,19,contribution,0.0,24,0.0,observed,,24
GPT-5.4,PGG,game_logs3,RQ1_result/result/public_goods/result_070108_gpt-5.4/game_logs3.json,20,contribution,0.0,24,0.0,observed,,24
GPT-5.4,PGG,game_logs3,RQ1_result/result/public_goods/result_070108_gpt-5.4/game_logs3.json,21,contribution,0.0,24,0.0,observed,,24
GPT-5.4,PGG,game_logs3,RQ1_result/result/public_goods/result_070108_gpt-5.4/game_logs3.json,22,contribution,0.0,24,0.0,observed,,24
GPT-5.4,PGG,game_logs3,RQ1_result/result/public_goods/result_070108_gpt-5.4/game_logs3.json,23,contribution,0.0,24,0.0,observed,,24
GPT-5.4,PGG,game_logs3,RQ1_result/result/public_goods/result_070108_gpt-5.4/game_logs3.json,24,contribution,0.0,24,0.0,observed,,24
GPT-5.4,PGG,game_logs3,RQ1_result/result/public_goods/result_070108_gpt-5.4/game_logs3.json,25,contribution,0.0,24,0.0,observed,,24
GPT-5.4,PGG,game_logs3,RQ1_result/result/public_goods/result_070108_gpt-5.4/game_logs3.json,26,contribution,0.0,24,0.0,observed,,24
GPT-5.4,PGG,game_logs3,RQ1_result/result/public_goods/result_070108_gpt-5.4/game_logs3.json,27,contribution,0.0,24,0.0,observed,,24
GPT-5.4,PGG,game_logs3,RQ1_result/result/public_goods/result_070108_gpt-5.4/game_logs3.json,28,contribution,0.0,24,0.0,observed,,24
GPT-5.4,PGG,game_logs3,RQ1_result/result/public_goods/result_070108_gpt-5.4/game_logs3.json,29,contribution,0.0,24,0.0,observed,,24
GPT-5.4,PGG,game_logs3,RQ1_result/result/public_goods/result_070108_gpt-5.4/game_logs3.json,30,contribution,0.0,24,0.0,observed,,24
GPT-5.4,TG,game_log1,RQ1_result/result/trust_game/083001_gpt-5.4/data/game_log1.json,1,sender,40.0,12,40.0,observed,,12
GPT-5.4,TG,game_log1,RQ1_result/result/trust_game/083001_gpt-5.4/data/game_log1.json,1,receiver,0.0,11,0.0,observed,,11
GPT-5.4,TG,game_log1,RQ1_result/result/trust_game/083001_gpt-5.4/data/game_log1.json,2,sender,32.5,12,32.5,observed,,12
GPT-5.4,TG,game_log1,RQ1_result/result/trust_game/083001_gpt-5.4/data/game_log1.json,2,receiver,0.0,10,0.0,observed,,10
GPT-5.4,TG,game_log1,RQ1_result/result/trust_game/083001_gpt-5.4/data/game_log1.json,3,sender,24.166666666666668,12,24.166666666666668,observed,,12
GPT-5.4,TG,game_log1,RQ1_result/result/trust_game/083001_gpt-5.4/data/game_log1.json,3,receiver,0.0,7,0.0,observed,,7
GPT-5.4,TG,game_log1,RQ1_result/result/trust_game/083001_gpt-5.4/data/game_log1.json,4,sender,24.166666666666668,12,24.166666666666668,observed,,12
GPT-5.4,TG,game_log1,RQ1_result/result/trust_game/083001_gpt-5.4/data/game_log1.json,4,receiver,0.0,7,0.0,observed,,7
GPT-5.4,TG,game_log1,RQ1_result/result/trust_game/083001_gpt-5.4/data/game_log1.json,5,sender,5.833333333333333,12,5.833333333333333,observed,,12
GPT-5.4,TG,game_log1,RQ1_result/result/trust_game/083001_gpt-5.4/data/game_log1.json,5,receiver,0.0,2,0.0,observed,,2
GPT-5.4,TG,game_log1,RQ1_result/result/trust_game/083001_gpt-5.4/data/game_log1.json,6,sender,5.833333333333333,12,5.833333333333333,observed,,12
GPT-5.4,TG,game_log1,RQ1_result/result/trust_game/083001_gpt-5.4/data/game_log1.json,6,receiver,0.0,2,0.0,observed,,2
GPT-5.4,TG,game_log1,RQ1_result/result/trust_game/083001_gpt-5.4/data/game_log1.json,7,sender,16.666666666666664,12,16.666666666666664,observed,,12
GPT-5.4,TG,game_log1,RQ1_result/result/trust_game/083001_gpt-5.4/data/game_log1.json,7,receiver,0.0,5,0.0,observed,,5
GPT-5.4,TG,game_log1,RQ1_result/result/trust_game/083001_gpt-5.4/data/game_log1.json,8,sender,15.833333333333332,12,15.833333333333332,observed,,12
GPT-5.4,TG,game_log1,RQ1_result/result/trust_game/083001_gpt-5.4/data/game_log1.json,8,receiver,0.0,4,0.0,observed,,4
GPT-5.4,TG,game_log1,RQ1_result/result/trust_game/083001_gpt-5.4/data/game_log1.json,9,sender,5.0,12,5.0,observed,,12
GPT-5.4,TG,game_log1,RQ1_result/result/trust_game/083001_gpt-5.4/data/game_log1.json,9,receiver,0.0,2,0.0,observed,,2
GPT-5.4,TG,game_log1,RQ1_result/result/trust_game/083001_gpt-5.4/data/game_log1.json,10,sender,24.166666666666668,12,24.166666666666668,observed,,12
GPT-5.4,TG,game_log1,RQ1_result/result/trust_game/083001_gpt-5.4/data/game_log1.json,10,receiver,0.0,7,0.0,observed,,7
GPT-5.4,TG,game_log1,RQ1_result/result/trust_game/083001_gpt-5.4/data/game_log1.json,11,sender,8.333333333333332,12,8.333333333333332,observed,,12
GPT-5.4,TG,game_log1,RQ1_result/result/trust_game/083001_gpt-5.4/data/game_log1.json,11,receiver,0.0,2,0.0,observed,,2
GPT-5.4,TG,game_log1,RQ1_result/result/trust_game/083001_gpt-5.4/data/game_log1.json,12,sender,9.166666666666668,12,9.166666666666668,observed,,12
GPT-5.4,TG,game_log1,RQ1_result/result/trust_game/083001_gpt-5.4/data/game_log1.json,12,receiver,0.0,3,0.0,observed,,3
GPT-5.4,TG,game_log1,RQ1_result/result/trust_game/083001_gpt-5.4/data/game_log1.json,13,sender,10.0,12,10.0,observed,,12
GPT-5.4,TG,game_log1,RQ1_result/result/trust_game/083001_gpt-5.4/data/game_log1.json,13,receiver,0.0,3,0.0,observed,,3
GPT-5.4,TG,game_log1,RQ1_result/result/trust_game/083001_gpt-5.4/data/game_log1.json,14,sender,9.166666666666668,12,9.166666666666668,observed,,12
GPT-5.4,TG,game_log1,RQ1_result/result/trust_game/083001_gpt-5.4/data/game_log1.json,14,receiver,0.0,3,0.0,observed,,3
GPT-5.4,TG,game_log1,RQ1_result/result/trust_game/083001_gpt-5.4/data/game_log1.json,15,sender,15.833333333333332,12,15.833333333333332,observed,,12
GPT-5.4,TG,game_log1,RQ1_result/result/trust_game/083001_gpt-5.4/data/game_log1.json,15,receiver,0.0,4,0.0,observed,,4
GPT-5.4,TG,game_log1,RQ1_result/result/trust_game/083001_gpt-5.4/data/game_log1.json,16,sender,14.16666666666667,12,14.16666666666667,observed,,12
GPT-5.4,TG,game_log1,RQ1_result/result/trust_game/083001_gpt-5.4/data/game_log1.json,16,receiver,0.0,4,0.0,observed,,4
GPT-5.4,TG,game_log1,RQ1_result/result/trust_game/083001_gpt-5.4/data/game_log1.json,17,sender,2.5,12,2.5,observed,,12
GPT-5.4,TG,game_log1,RQ1_result/result/trust_game/083001_gpt-5.4/data/game_log1.json,17,receiver,0.0,1,0.0,observed,,1
GPT-5.4,TG,game_log1,RQ1_result/result/trust_game/083001_gpt-5.4/data/game_log1.json,18,sender,0.0,12,0.0,observed,,12
GPT-5.4,TG,game_log1,RQ1_result/result/trust_game/083001_gpt-5.4/data/game_log1.json,18,receiver,,0,,observed,,0
GPT-5.4,TG,game_log1,RQ1_result/result/trust_game/083001_gpt-5.4/data/game_log1.json,19,sender,5.833333333333333,12,5.833333333333333,observed,,12
GPT-5.4,TG,game_log1,RQ1_result/result/trust_game/083001_gpt-5.4/data/game_log1.json,19,receiver,0.0,2,0.0,observed,,2
GPT-5.4,TG,game_log1,RQ1_result/result/trust_game/083001_gpt-5.4/data/game_log1.json,20,sender,2.5,12,2.5,observed,,12
GPT-5.4,TG,game_log1,RQ1_result/result/trust_game/083001_gpt-5.4/data/game_log1.json,20,receiver,0.0,1,0.0,observed,,1
GPT-5.4,TG,game_log1,RQ1_result/result/trust_game/083001_gpt-5.4/data/game_log1.json,21,sender,3.3333333333333335,12,3.3333333333333335,observed,,12
GPT-5.4,TG,game_log1,RQ1_result/result/trust_game/083001_gpt-5.4/data/game_log1.json,21,receiver,0.0,1,0.0,observed,,1
GPT-5.4,TG,game_log1,RQ1_result/result/trust_game/083001_gpt-5.4/data/game_log1.json,22,sender,2.5,12,2.5,observed,,12
GPT-5.4,TG,game_log1,RQ1_result/result/trust_game/083001_gpt-5.4/data/game_log1.json,22,receiver,0.0,1,0.0,observed,,1
GPT-5.4,TG,game_log1,RQ1_result/result/trust_game/083001_gpt-5.4/data/game_log1.json,23,sender,2.5,12,2.5,observed,,12
GPT-5.4,TG,game_log1,RQ1_result/result/trust_game/083001_gpt-5.4/data/game_log1.json,23,receiver,0.0,1,0.0,observed,,1
GPT-5.4,TG,game_log1,RQ1_result/result/trust_game/083001_gpt-5.4/data/game_log1.json,24,sender,0.0,12,0.0,observed,,12
GPT-5.4,TG,game_log1,RQ1_result/result/trust_game/083001_gpt-5.4/data/game_log1.json,24,receiver,,0,,observed,,0
GPT-5.4,TG,game_log1,RQ1_result/result/trust_game/083001_gpt-5.4/data/game_log1.json,25,sender,5.833333333333333,12,5.833333333333333,observed,,12
GPT-5.4,TG,game_log1,RQ1_result/result/trust_game/083001_gpt-5.4/data/game_log1.json,25,receiver,0.0,2,0.0,observed,,2
GPT-5.4,TG,game_log1,RQ1_result/result/trust_game/083001_gpt-5.4/data/game_log1.json,26,sender,3.3333333333333335,12,3.3333333333333335,observed,,12
GPT-5.4,TG,game_log1,RQ1_result/result/trust_game/083001_gpt-5.4/data/game_log1.json,26,receiver,0.0,1,0.0,observed,,1
GPT-5.4,TG,game_log1,RQ1_result/result/trust_game/083001_gpt-5.4/data/game_log1.json,27,sender,4.166666666666666,12,4.166666666666666,observed,,12
GPT-5.4,TG,game_log1,RQ1_result/result/trust_game/083001_gpt-5.4/data/game_log1.json,27,receiver,0.0,1,0.0,observed,,1
GPT-5.4,TG,game_log1,RQ1_result/result/trust_game/083001_gpt-5.4/data/game_log1.json,28,sender,11.666666666666666,12,11.666666666666666,observed,,12
GPT-5.4,TG,game_log1,RQ1_result/result/trust_game/083001_gpt-5.4/data/game_log1.json,28,receiver,0.0,3,0.0,observed,,3
GPT-5.4,TG,game_log1,RQ1_result/result/trust_game/083001_gpt-5.4/data/game_log1.json,29,sender,1.6666666666666667,12,1.6666666666666667,observed,,12
GPT-5.4,TG,game_log1,RQ1_result/result/trust_game/083001_gpt-5.4/data/game_log1.json,29,receiver,0.0,1,0.0,observed,,1
GPT-5.4,TG,game_log1,RQ1_result/result/trust_game/083001_gpt-5.4/data/game_log1.json,30,sender,4.166666666666666,12,4.166666666666666,observed,,12
GPT-5.4,TG,game_log1,RQ1_result/result/trust_game/083001_gpt-5.4/data/game_log1.json,30,receiver,0.0,1,0.0,observed,,1
GPT-5.4,TG,game_log2,RQ1_result/result/trust_game/083001_gpt-5.4/data/game_log2.json,1,sender,46.666666666666664,12,46.666666666666664,observed,,12
GPT-5.4,TG,game_log2,RQ1_result/result/trust_game/083001_gpt-5.4/data/game_log2.json,1,receiver,0.0,12,0.0,observed,,12
GPT-5.4,TG,game_log2,RQ1_result/result/trust_game/083001_gpt-5.4/data/game_log2.json,2,sender,23.333333333333332,12,23.333333333333332,observed,,12
GPT-5.4,TG,game_log2,RQ1_result/result/trust_game/083001_gpt-5.4/data/game_log2.json,2,receiver,0.0,7,0.0,observed,,7
GPT-5.4,TG,game_log2,RQ1_result/result/trust_game/083001_gpt-5.4/data/game_log2.json,3,sender,15.833333333333332,12,15.833333333333332,observed,,12
GPT-5.4,TG,game_log2,RQ1_result/result/trust_game/083001_gpt-5.4/data/game_log2.json,3,receiver,0.0,4,0.0,observed,,4
GPT-5.4,TG,game_log2,RQ1_result/result/trust_game/083001_gpt-5.4/data/game_log2.json,4,sender,22.499999999999996,12,22.499999999999996,observed,,12
GPT-5.4,TG,game_log2,RQ1_result/result/trust_game/083001_gpt-5.4/data/game_log2.json,4,receiver,0.0,6,0.0,observed,,6
GPT-5.4,TG,game_log2,RQ1_result/result/trust_game/083001_gpt-5.4/data/game_log2.json,5,sender,11.666666666666666,12,11.666666666666666,observed,,12
GPT-5.4,TG,game_log2,RQ1_result/result/trust_game/083001_gpt-5.4/data/game_log2.json,5,receiver,0.0,3,0.0,observed,,3
GPT-5.4,TG,game_log2,RQ1_result/result/trust_game/083001_gpt-5.4/data/game_log2.json,6,sender,23.333333333333336,12,23.333333333333336,observed,,12
GPT-5.4,TG,game_log2,RQ1_result/result/trust_game/083001_gpt-5.4/data/game_log2.json,6,receiver,0.0,8,0.0,observed,,8
GPT-5.4,TG,game_log2,RQ1_result/result/trust_game/083001_gpt-5.4/data/game_log2.json,7,sender,22.5,12,22.5,observed,,12
GPT-5.4,TG,game_log2,RQ1_result/result/trust_game/083001_gpt-5.4/data/game_log2.json,7,receiver,0.0,6,0.0,observed,,6
GPT-5.4,TG,game_log2,RQ1_result/result/trust_game/083001_gpt-5.4/data/game_log2.json,8,sender,19.166666666666668,12,19.166666666666668,observed,,12
GPT-5.4,TG,game_log2,RQ1_result/result/trust_game/083001_gpt-5.4/data/game_log2.json,8,receiver,0.0,6,0.0,observed,,6
GPT-5.4,TG,game_log2,RQ1_result/result/trust_game/083001_gpt-5.4/data/game_log2.json,9,sender,9.166666666666668,12,9.166666666666668,observed,,12
GPT-5.4,TG,game_log2,RQ1_result/result/trust_game/083001_gpt-5.4/data/game_log2.json,9,receiver,0.0,3,0.0,observed,,3
GPT-5.4,TG,game_log2,RQ1_result/result/trust_game/083001_gpt-5.4/data/game_log2.json,10,sender,8.333333333333332,12,8.333333333333332,observed,,12
GPT-5.4,TG,game_log2,RQ1_result/result/trust_game/083001_gpt-5.4/data/game_log2.json,10,receiver,0.0,2,0.0,observed,,2
GPT-5.4,TG,game_log2,RQ1_result/result/trust_game/083001_gpt-5.4/data/game_log2.json,11,sender,19.166666666666668,12,19.166666666666668,observed,,12
GPT-5.4,TG,game_log2,RQ1_result/result/trust_game/083001_gpt-5.4/data/game_log2.json,11,receiver,0.0,6,0.0,observed,,6
GPT-5.4,TG,game_log2,RQ1_result/result/trust_game/083001_gpt-5.4/data/game_log2.json,12,sender,12.5,12,12.5,observed,,12
GPT-5.4,TG,game_log2,RQ1_result/result/trust_game/083001_gpt-5.4/data/game_log2.json,12,receiver,0.0,4,0.0,observed,,4
GPT-5.4,TG,game_log2,RQ1_result/result/trust_game/083001_gpt-5.4/data/game_log2.json,13,sender,5.0,12,5.0,observed,,12
GPT-5.4,TG,game_log2,RQ1_result/result/trust_game/083001_gpt-5.4/data/game_log2.json,13,receiver,0.0,2,0.0,observed,,2
GPT-5.4,TG,game_log2,RQ1_result/result/trust_game/083001_gpt-5.4/data/game_log2.json,14,sender,11.666666666666666,12,11.666666666666666,observed,,12
GPT-5.4,TG,game_log2,RQ1_result/result/trust_game/083001_gpt-5.4/data/game_log2.json,14,receiver,0.0,3,0.0,observed,,3
GPT-5.4,TG,game_log2,RQ1_result/result/trust_game/083001_gpt-5.4/data/game_log2.json,15,sender,7.5,12,7.5,observed,,12
GPT-5.4,TG,game_log2,RQ1_result/result/trust_game/083001_gpt-5.4/data/game_log2.json,15,receiver,0.0,2,0.0,observed,,2
GPT-5.4,TG,game_log2,RQ1_result/result/trust_game/083001_gpt-5.4/data/game_log2.json,16,sender,8.333333333333332,12,8.333333333333332,observed,,12
GPT-5.4,TG,game_log2,RQ1_result/result/trust_game/083001_gpt-5.4/data/game_log2.json,16,receiver,0.0,2,0.0,observed,,2
GPT-5.4,TG,game_log2,RQ1_result/result/trust_game/083001_gpt-5.4/data/game_log2.json,17,sender,0.0,12,0.0,observed,,12
GPT-5.4,TG,game_log2,RQ1_result/result/trust_game/083001_gpt-5.4/data/game_log2.json,17,receiver,,0,,observed,,0
GPT-5.4,TG,game_log2,RQ1_result/result/trust_game/083001_gpt-5.4/data/game_log2.json,18,sender,6.666666666666667,12,6.666666666666667,observed,,12
GPT-5.4,TG,game_log2,RQ1_result/result/trust_game/083001_gpt-5.4/data/game_log2.json,18,receiver,0.0,2,0.0,observed,,2
GPT-5.4,TG,game_log2,RQ1_result/result/trust_game/083001_gpt-5.4/data/game_log2.json,19,sender,3.3333333333333335,12,3.3333333333333335,observed,,12
GPT-5.4,TG,game_log2,RQ1_result/result/trust_game/083001_gpt-5.4/data/game_log2.json,19,receiver,0.0,1,0.0,observed,,1
GPT-5.4,TG,game_log2,RQ1_result/result/trust_game/083001_gpt-5.4/data/game_log2.json,20,sender,15.0,12,15.0,observed,,12
GPT-5.4,TG,game_log2,RQ1_result/result/trust_game/083001_gpt-5.4/data/game_log2.json,20,receiver,0.0,3,0.0,observed,,3
GPT-5.4,TG,game_log2,RQ1_result/result/trust_game/083001_gpt-5.4/data/game_log2.json,21,sender,5.0,12,5.0,observed,,12
GPT-5.4,TG,game_log2,RQ1_result/result/trust_game/083001_gpt-5.4/data/game_log2.json,21,receiver,0.0,2,0.0,observed,,2
GPT-5.4,TG,game_log2,RQ1_result/result/trust_game/083001_gpt-5.4/data/game_log2.json,22,sender,2.5,12,2.5,observed,,12
GPT-5.4,TG,game_log2,RQ1_result/result/trust_game/083001_gpt-5.4/data/game_log2.json,22,receiver,0.0,1,0.0,observed,,1
GPT-5.4,TG,game_log2,RQ1_result/result/trust_game/083001_gpt-5.4/data/game_log2.json,23,sender,2.5,12,2.5,observed,,12
GPT-5.4,TG,game_log2,RQ1_result/result/trust_game/083001_gpt-5.4/data/game_log2.json,23,receiver,0.0,1,0.0,observed,,1
GPT-5.4,TG,game_log2,RQ1_result/result/trust_game/083001_gpt-5.4/data/game_log2.json,24,sender,2.5,12,2.5,observed,,12
GPT-5.4,TG,game_log2,RQ1_result/result/trust_game/083001_gpt-5.4/data/game_log2.json,24,receiver,0.0,1,0.0,observed,,1
GPT-5.4,TG,game_log2,RQ1_result/result/trust_game/083001_gpt-5.4/data/game_log2.json,25,sender,0.0,12,0.0,observed,,12
GPT-5.4,TG,game_log2,RQ1_result/result/trust_game/083001_gpt-5.4/data/game_log2.json,25,receiver,,0,,observed,,0
GPT-5.4,TG,game_log2,RQ1_result/result/trust_game/083001_gpt-5.4/data/game_log2.json,26,sender,0.0,12,0.0,observed,,12
GPT-5.4,TG,game_log2,RQ1_result/result/trust_game/083001_gpt-5.4/data/game_log2.json,26,receiver,,0,,observed,,0
GPT-5.4,TG,game_log2,RQ1_result/result/trust_game/083001_gpt-5.4/data/game_log2.json,27,sender,2.5,12,2.5,observed,,12
GPT-5.4,TG,game_log2,RQ1_result/result/trust_game/083001_gpt-5.4/data/game_log2.json,27,receiver,0.0,1,0.0,observed,,1
GPT-5.4,TG,game_log2,RQ1_result/result/trust_game/083001_gpt-5.4/data/game_log2.json,28,sender,6.666666666666667,12,6.666666666666667,observed,,12
GPT-5.4,TG,game_log2,RQ1_result/result/trust_game/083001_gpt-5.4/data/game_log2.json,28,receiver,0.0,2,0.0,observed,,2
GPT-5.4,TG,game_log2,RQ1_result/result/trust_game/083001_gpt-5.4/data/game_log2.json,29,sender,2.5,12,2.5,observed,,12
GPT-5.4,TG,game_log2,RQ1_result/result/trust_game/083001_gpt-5.4/data/game_log2.json,29,receiver,0.0,1,0.0,observed,,1
GPT-5.4,TG,game_log2,RQ1_result/result/trust_game/083001_gpt-5.4/data/game_log2.json,30,sender,10.0,12,10.0,observed,,12
GPT-5.4,TG,game_log2,RQ1_result/result/trust_game/083001_gpt-5.4/data/game_log2.json,30,receiver,0.0,3,0.0,observed,,3
GPT-5.4,TG,game_log3,RQ1_result/result/trust_game/083001_gpt-5.4/data/game_log3.json,1,sender,35.0,12,35.0,observed,,12
GPT-5.4,TG,game_log3,RQ1_result/result/trust_game/083001_gpt-5.4/data/game_log3.json,1,receiver,0.0,10,0.0,observed,,10
GPT-5.4,TG,game_log3,RQ1_result/result/trust_game/083001_gpt-5.4/data/game_log3.json,2,sender,30.0,12,30.0,observed,,12
GPT-5.4,TG,game_log3,RQ1_result/result/trust_game/083001_gpt-5.4/data/game_log3.json,2,receiver,0.0,8,0.0,observed,,8
GPT-5.4,TG,game_log3,RQ1_result/result/trust_game/083001_gpt-5.4/data/game_log3.json,3,sender,31.66666666666667,12,31.66666666666667,observed,,12
GPT-5.4,TG,game_log3,RQ1_result/result/trust_game/083001_gpt-5.4/data/game_log3.json,3,receiver,0.0,10,0.0,observed,,10
GPT-5.4,TG,game_log3,RQ1_result/result/trust_game/083001_gpt-5.4/data/game_log3.json,4,sender,30.83333333333333,12,30.83333333333333,observed,,12
GPT-5.4,TG,game_log3,RQ1_result/result/trust_game/083001_gpt-5.4/data/game_log3.json,4,receiver,0.0,8,0.0,observed,,8
GPT-5.4,TG,game_log3,RQ1_result/result/trust_game/083001_gpt-5.4/data/game_log3.json,5,sender,14.16666666666667,12,14.16666666666667,observed,,12
GPT-5.4,TG,game_log3,RQ1_result/result/trust_game/083001_gpt-5.4/data/game_log3.json,5,receiver,0.0,4,0.0,observed,,4
GPT-5.4,TG,game_log3,RQ1_result/result/trust_game/083001_gpt-5.4/data/game_log3.json,6,sender,14.16666666666667,12,14.16666666666667,observed,,12
GPT-5.4,TG,game_log3,RQ1_result/result/trust_game/083001_gpt-5.4/data/game_log3.json,6,receiver,0.0,5,0.0,observed,,5
GPT-5.4,TG,game_log3,RQ1_result/result/trust_game/083001_gpt-5.4/data/game_log3.json,7,sender,21.666666666666664,12,21.666666666666664,observed,,12
GPT-5.4,TG,game_log3,RQ1_result/result/trust_game/083001_gpt-5.4/data/game_log3.json,7,receiver,0.0,7,0.0,observed,,7
GPT-5.4,TG,game_log3,RQ1_result/result/trust_game/083001_gpt-5.4/data/game_log3.json,8,sender,10.833333333333334,12,10.833333333333334,observed,,12
GPT-5.4,TG,game_log3,RQ1_result/result/trust_game/083001_gpt-5.4/data/game_log3.json,8,receiver,0.0,3,0.0,observed,,3
GPT-5.4,TG,game_log3,RQ1_result/result/trust_game/083001_gpt-5.4/data/game_log3.json,9,sender,6.666666666666667,12,6.666666666666667,observed,,12
GPT-5.4,TG,game_log3,RQ1_result/result/trust_game/083001_gpt-5.4/data/game_log3.json,9,receiver,0.0,2,0.0,observed,,2
GPT-5.4,TG,game_log3,RQ1_result/result/trust_game/083001_gpt-5.4/data/game_log3.json,10,sender,12.5,12,12.5,observed,,12
GPT-5.4,TG,game_log3,RQ1_result/result/trust_game/083001_gpt-5.4/data/game_log3.json,10,receiver,0.0,4,0.0,observed,,4
GPT-5.4,TG,game_log3,RQ1_result/result/trust_game/083001_gpt-5.4/data/game_log3.json,11,sender,2.5,12,2.5,observed,,12
GPT-5.4,TG,game_log3,RQ1_result/result/trust_game/083001_gpt-5.4/data/game_log3.json,11,receiver,0.0,1,0.0,observed,,1
GPT-5.4,TG,game_log3,RQ1_result/result/trust_game/083001_gpt-5.4/data/game_log3.json,12,sender,9.166666666666668,12,9.166666666666668,observed,,12
GPT-5.4,TG,game_log3,RQ1_result/result/trust_game/083001_gpt-5.4/data/game_log3.json,12,receiver,0.0,3,0.0,observed,,3
GPT-5.4,TG,game_log3,RQ1_result/result/trust_game/083001_gpt-5.4/data/game_log3.json,13,sender,28.33333333333333,12,28.33333333333333,observed,,12
GPT-5.4,TG,game_log3,RQ1_result/result/trust_game/083001_gpt-5.4/data/game_log3.json,13,receiver,0.0,8,0.0,observed,,8
GPT-5.4,TG,game_log3,RQ1_result/result/trust_game/083001_gpt-5.4/data/game_log3.json,14,sender,6.666666666666667,12,6.666666666666667,observed,,12
GPT-5.4,TG,game_log3,RQ1_result/result/trust_game/083001_gpt-5.4/data/game_log3.json,14,receiver,0.0,2,0.0,observed,,2
GPT-5.4,TG,game_log3,RQ1_result/result/trust_game/083001_gpt-5.4/data/game_log3.json,15,sender,5.833333333333333,12,5.833333333333333,observed,,12
GPT-5.4,TG,game_log3,RQ1_result/result/trust_game/083001_gpt-5.4/data/game_log3.json,15,receiver,0.0,2,0.0,observed,,2
GPT-5.4,TG,game_log3,RQ1_result/result/trust_game/083001_gpt-5.4/data/game_log3.json,16,sender,6.666666666666667,12,6.666666666666667,observed,,12
GPT-5.4,TG,game_log3,RQ1_result/result/trust_game/083001_gpt-5.4/data/game_log3.json,16,receiver,0.0,2,0.0,observed,,2
GPT-5.4,TG,game_log3,RQ1_result/result/trust_game/083001_gpt-5.4/data/game_log3.json,17,sender,6.666666666666667,12,6.666666666666667,observed,,12
GPT-5.4,TG,game_log3,RQ1_result/result/trust_game/083001_gpt-5.4/data/game_log3.json,17,receiver,0.0,2,0.0,observed,,2
GPT-5.4,TG,game_log3,RQ1_result/result/trust_game/083001_gpt-5.4/data/game_log3.json,18,sender,3.3333333333333335,12,3.3333333333333335,observed,,12
GPT-5.4,TG,game_log3,RQ1_result/result/trust_game/083001_gpt-5.4/data/game_log3.json,18,receiver,0.0,1,0.0,observed,,1
GPT-5.4,TG,game_log3,RQ1_result/result/trust_game/083001_gpt-5.4/data/game_log3.json,19,sender,11.666666666666666,12,11.666666666666666,observed,,12
GPT-5.4,TG,game_log3,RQ1_result/result/trust_game/083001_gpt-5.4/data/game_log3.json,19,receiver,0.0,3,0.0,observed,,3
GPT-5.4,TG,game_log3,RQ1_result/result/trust_game/083001_gpt-5.4/data/game_log3.json,20,sender,0.0,12,0.0,observed,,12
GPT-5.4,TG,game_log3,RQ1_result/result/trust_game/083001_gpt-5.4/data/game_log3.json,20,receiver,,0,,observed,,0
GPT-5.4,TG,game_log3,RQ1_result/result/trust_game/083001_gpt-5.4/data/game_log3.json,21,sender,4.166666666666666,12,4.166666666666666,observed,,12
GPT-5.4,TG,game_log3,RQ1_result/result/trust_game/083001_gpt-5.4/data/game_log3.json,21,receiver,0.0,1,0.0,observed,,1
GPT-5.4,TG,game_log3,RQ1_result/result/trust_game/083001_gpt-5.4/data/game_log3.json,22,sender,3.3333333333333335,12,3.3333333333333335,observed,,12
GPT-5.4,TG,game_log3,RQ1_result/result/trust_game/083001_gpt-5.4/data/game_log3.json,22,receiver,0.0,1,0.0,observed,,1
GPT-5.4,TG,game_log3,RQ1_result/result/trust_game/083001_gpt-5.4/data/game_log3.json,23,sender,0.0,12,0.0,observed,,12
GPT-5.4,TG,game_log3,RQ1_result/result/trust_game/083001_gpt-5.4/data/game_log3.json,23,receiver,,0,,observed,,0
GPT-5.4,TG,game_log3,RQ1_result/result/trust_game/083001_gpt-5.4/data/game_log3.json,24,sender,3.3333333333333335,12,3.3333333333333335,observed,,12
GPT-5.4,TG,game_log3,RQ1_result/result/trust_game/083001_gpt-5.4/data/game_log3.json,24,receiver,0.0,1,0.0,observed,,1
GPT-5.4,TG,game_log3,RQ1_result/result/trust_game/083001_gpt-5.4/data/game_log3.json,25,sender,0.0,12,0.0,observed,,12
GPT-5.4,TG,game_log3,RQ1_result/result/trust_game/083001_gpt-5.4/data/game_log3.json,25,receiver,,0,,observed,,0
GPT-5.4,TG,game_log3,RQ1_result/result/trust_game/083001_gpt-5.4/data/game_log3.json,26,sender,2.5,12,2.5,observed,,12
GPT-5.4,TG,game_log3,RQ1_result/result/trust_game/083001_gpt-5.4/data/game_log3.json,26,receiver,0.0,1,0.0,observed,,1
GPT-5.4,TG,game_log3,RQ1_result/result/trust_game/083001_gpt-5.4/data/game_log3.json,27,sender,8.333333333333332,12,8.333333333333332,observed,,12
GPT-5.4,TG,game_log3,RQ1_result/result/trust_game/083001_gpt-5.4/data/game_log3.json,27,receiver,0.0,2,0.0,observed,,2
GPT-5.4,TG,game_log3,RQ1_result/result/trust_game/083001_gpt-5.4/data/game_log3.json,28,sender,3.3333333333333335,12,3.3333333333333335,observed,,12
GPT-5.4,TG,game_log3,RQ1_result/result/trust_game/083001_gpt-5.4/data/game_log3.json,28,receiver,0.0,1,0.0,observed,,1
GPT-5.4,TG,game_log3,RQ1_result/result/trust_game/083001_gpt-5.4/data/game_log3.json,29,sender,0.0,12,0.0,observed,,12
GPT-5.4,TG,game_log3,RQ1_result/result/trust_game/083001_gpt-5.4/data/game_log3.json,29,receiver,,0,,observed,,0
GPT-5.4,TG,game_log3,RQ1_result/result/trust_game/083001_gpt-5.4/data/game_log3.json,30,sender,4.166666666666666,12,4.166666666666666,observed,,12
GPT-5.4,TG,game_log3,RQ1_result/result/trust_game/083001_gpt-5.4/data/game_log3.json,30,receiver,0.0,1,0.0,observed,,1
Gemini 3.1 Pro,PD,game_log1,RQ1_result/result/prisoners_dilemma/082003_gemini-3.1-pro-preview/data/game_log1.json,1,cooperation,4.166666666666666,24,4.166666666666666,observed,,24
Gemini 3.1 Pro,PD,game_log1,RQ1_result/result/prisoners_dilemma/082003_gemini-3.1-pro-preview/data/game_log1.json,2,cooperation,0.0,24,0.0,observed,,24
Gemini 3.1 Pro,PD,game_log1,RQ1_result/result/prisoners_dilemma/082003_gemini-3.1-pro-preview/data/game_log1.json,3,cooperation,4.166666666666666,24,4.166666666666666,observed,,24
Gemini 3.1 Pro,PD,game_log1,RQ1_result/result/prisoners_dilemma/082003_gemini-3.1-pro-preview/data/game_log1.json,4,cooperation,0.0,24,0.0,observed,,24
Gemini 3.1 Pro,PD,game_log1,RQ1_result/result/prisoners_dilemma/082003_gemini-3.1-pro-preview/data/game_log1.json,5,cooperation,0.0,24,0.0,observed,,24
Gemini 3.1 Pro,PD,game_log1,RQ1_result/result/prisoners_dilemma/082003_gemini-3.1-pro-preview/data/game_log1.json,6,cooperation,0.0,24,0.0,observed,,24
Gemini 3.1 Pro,PD,game_log1,RQ1_result/result/prisoners_dilemma/082003_gemini-3.1-pro-preview/data/game_log1.json,7,cooperation,8.333333333333332,24,8.333333333333332,observed,,24
Gemini 3.1 Pro,PD,game_log1,RQ1_result/result/prisoners_dilemma/082003_gemini-3.1-pro-preview/data/game_log1.json,8,cooperation,0.0,24,0.0,observed,,24
Gemini 3.1 Pro,PD,game_log1,RQ1_result/result/prisoners_dilemma/082003_gemini-3.1-pro-preview/data/game_log1.json,9,cooperation,0.0,24,0.0,observed,,24
Gemini 3.1 Pro,PD,game_log1,RQ1_result/result/prisoners_dilemma/082003_gemini-3.1-pro-preview/data/game_log1.json,10,cooperation,8.333333333333332,24,8.333333333333332,observed,,24
Gemini 3.1 Pro,PD,game_log2,RQ1_result/result/prisoners_dilemma/082003_gemini-3.1-pro-preview/data/game_log2.json,1,cooperation,0.0,24,0.0,observed,,24
Gemini 3.1 Pro,PD,game_log2,RQ1_result/result/prisoners_dilemma/082003_gemini-3.1-pro-preview/data/game_log2.json,2,cooperation,4.166666666666666,24,4.166666666666666,observed,,24
Gemini 3.1 Pro,PD,game_log2,RQ1_result/result/prisoners_dilemma/082003_gemini-3.1-pro-preview/data/game_log2.json,3,cooperation,0.0,24,0.0,observed,,24
Gemini 3.1 Pro,PD,game_log2,RQ1_result/result/prisoners_dilemma/082003_gemini-3.1-pro-preview/data/game_log2.json,4,cooperation,0.0,24,0.0,observed,,24
Gemini 3.1 Pro,PD,game_log2,RQ1_result/result/prisoners_dilemma/082003_gemini-3.1-pro-preview/data/game_log2.json,5,cooperation,8.333333333333332,24,8.333333333333332,observed,,24
Gemini 3.1 Pro,PD,game_log2,RQ1_result/result/prisoners_dilemma/082003_gemini-3.1-pro-preview/data/game_log2.json,6,cooperation,4.166666666666666,24,4.166666666666666,observed,,24
Gemini 3.1 Pro,PD,game_log2,RQ1_result/result/prisoners_dilemma/082003_gemini-3.1-pro-preview/data/game_log2.json,7,cooperation,0.0,24,0.0,observed,,24
Gemini 3.1 Pro,PD,game_log2,RQ1_result/result/prisoners_dilemma/082003_gemini-3.1-pro-preview/data/game_log2.json,8,cooperation,4.166666666666666,24,4.166666666666666,observed,,24
Gemini 3.1 Pro,PD,game_log2,RQ1_result/result/prisoners_dilemma/082003_gemini-3.1-pro-preview/data/game_log2.json,9,cooperation,0.0,24,0.0,observed,,24
Gemini 3.1 Pro,PD,game_log2,RQ1_result/result/prisoners_dilemma/082003_gemini-3.1-pro-preview/data/game_log2.json,10,cooperation,8.333333333333332,24,8.333333333333332,observed,,24
Gemini 3.1 Pro,PD,game_log3,RQ1_result/result/prisoners_dilemma/082003_gemini-3.1-pro-preview/data/game_log3.json,1,cooperation,8.333333333333332,24,8.333333333333332,observed,,24
Gemini 3.1 Pro,PD,game_log3,RQ1_result/result/prisoners_dilemma/082003_gemini-3.1-pro-preview/data/game_log3.json,2,cooperation,0.0,24,0.0,observed,,24
Gemini 3.1 Pro,PD,game_log3,RQ1_result/result/prisoners_dilemma/082003_gemini-3.1-pro-preview/data/game_log3.json,3,cooperation,8.333333333333332,24,8.333333333333332,observed,,24
Gemini 3.1 Pro,PD,game_log3,RQ1_result/result/prisoners_dilemma/082003_gemini-3.1-pro-preview/data/game_log3.json,4,cooperation,8.333333333333332,24,8.333333333333332,observed,,24
Gemini 3.1 Pro,PD,game_log3,RQ1_result/result/prisoners_dilemma/082003_gemini-3.1-pro-preview/data/game_log3.json,5,cooperation,4.166666666666666,24,4.166666666666666,observed,,24
Gemini 3.1 Pro,PD,game_log3,RQ1_result/result/prisoners_dilemma/082003_gemini-3.1-pro-preview/data/game_log3.json,6,cooperation,4.166666666666666,24,4.166666666666666,observed,,24
Gemini 3.1 Pro,PD,game_log3,RQ1_result/result/prisoners_dilemma/082003_gemini-3.1-pro-preview/data/game_log3.json,7,cooperation,4.166666666666666,24,4.166666666666666,observed,,24
Gemini 3.1 Pro,PD,game_log3,RQ1_result/result/prisoners_dilemma/082003_gemini-3.1-pro-preview/data/game_log3.json,8,cooperation,0.0,24,0.0,observed,,24
Gemini 3.1 Pro,PD,game_log3,RQ1_result/result/prisoners_dilemma/082003_gemini-3.1-pro-preview/data/game_log3.json,9,cooperation,0.0,24,0.0,observed,,24
Gemini 3.1 Pro,PD,game_log3,RQ1_result/result/prisoners_dilemma/082003_gemini-3.1-pro-preview/data/game_log3.json,10,cooperation,4.166666666666666,24,4.166666666666666,observed,,24
Gemini 3.1 Pro,PGG,game_logs1,RQ1_result/result/public_goods/result_082001_gemini-3.1-pro-preview/game_logs1.json,1,contribution,0.0,24,0.0,observed,,24
Gemini 3.1 Pro,PGG,game_logs1,RQ1_result/result/public_goods/result_082001_gemini-3.1-pro-preview/game_logs1.json,2,contribution,0.0,24,0.0,observed,,24
Gemini 3.1 Pro,PGG,game_logs1,RQ1_result/result/public_goods/result_082001_gemini-3.1-pro-preview/game_logs1.json,3,contribution,0.0,24,0.0,observed,,24
Gemini 3.1 Pro,PGG,game_logs1,RQ1_result/result/public_goods/result_082001_gemini-3.1-pro-preview/game_logs1.json,4,contribution,0.0,24,0.0,observed,,24
Gemini 3.1 Pro,PGG,game_logs1,RQ1_result/result/public_goods/result_082001_gemini-3.1-pro-preview/game_logs1.json,5,contribution,0.0,24,0.0,observed,,24
Gemini 3.1 Pro,PGG,game_logs1,RQ1_result/result/public_goods/result_082001_gemini-3.1-pro-preview/game_logs1.json,6,contribution,0.0,24,0.0,observed,,24
Gemini 3.1 Pro,PGG,game_logs1,RQ1_result/result/public_goods/result_082001_gemini-3.1-pro-preview/game_logs1.json,7,contribution,0.0,24,0.0,observed,,24
Gemini 3.1 Pro,PGG,game_logs1,RQ1_result/result/public_goods/result_082001_gemini-3.1-pro-preview/game_logs1.json,8,contribution,0.0,24,0.0,observed,,24
Gemini 3.1 Pro,PGG,game_logs1,RQ1_result/result/public_goods/result_082001_gemini-3.1-pro-preview/game_logs1.json,9,contribution,0.0,24,0.0,observed,,24
Gemini 3.1 Pro,PGG,game_logs1,RQ1_result/result/public_goods/result_082001_gemini-3.1-pro-preview/game_logs1.json,10,contribution,0.0,24,0.0,observed,,24
Gemini 3.1 Pro,PGG,game_logs1,RQ1_result/result/public_goods/result_082001_gemini-3.1-pro-preview/game_logs1.json,11,contribution,0.0,24,0.0,observed,,24
Gemini 3.1 Pro,PGG,game_logs1,RQ1_result/result/public_goods/result_082001_gemini-3.1-pro-preview/game_logs1.json,12,contribution,0.0,24,0.0,observed,,24
Gemini 3.1 Pro,PGG,game_logs1,RQ1_result/result/public_goods/result_082001_gemini-3.1-pro-preview/game_logs1.json,13,contribution,0.0,24,0.0,observed,,24
Gemini 3.1 Pro,PGG,game_logs1,RQ1_result/result/public_goods/result_082001_gemini-3.1-pro-preview/game_logs1.json,14,contribution,0.0,24,0.0,observed,,24
Gemini 3.1 Pro,PGG,game_logs1,RQ1_result/result/public_goods/result_082001_gemini-3.1-pro-preview/game_logs1.json,15,contribution,0.0,24,0.0,observed,,24
Gemini 3.1 Pro,PGG,game_logs1,RQ1_result/result/public_goods/result_082001_gemini-3.1-pro-preview/game_logs1.json,16,contribution,0.0,24,0.0,observed,,24
Gemini 3.1 Pro,PGG,game_logs1,RQ1_result/result/public_goods/result_082001_gemini-3.1-pro-preview/game_logs1.json,17,contribution,0.0,24,0.0,observed,,24
Gemini 3.1 Pro,PGG,game_logs1,RQ1_result/result/public_goods/result_082001_gemini-3.1-pro-preview/game_logs1.json,18,contribution,0.0,24,0.0,observed,,24
Gemini 3.1 Pro,PGG,game_logs1,RQ1_result/result/public_goods/result_082001_gemini-3.1-pro-preview/game_logs1.json,19,contribution,0.0,24,0.0,observed,,24
Gemini 3.1 Pro,PGG,game_logs1,RQ1_result/result/public_goods/result_082001_gemini-3.1-pro-preview/game_logs1.json,20,contribution,0.0,24,0.0,observed,,24
Gemini 3.1 Pro,PGG,game_logs1,RQ1_result/result/public_goods/result_082001_gemini-3.1-pro-preview/game_logs1.json,21,contribution,0.0,24,0.0,observed,,24
Gemini 3.1 Pro,PGG,game_logs1,RQ1_result/result/public_goods/result_082001_gemini-3.1-pro-preview/game_logs1.json,22,contribution,0.0,24,0.0,observed,,24
Gemini 3.1 Pro,PGG,game_logs1,RQ1_result/result/public_goods/result_082001_gemini-3.1-pro-preview/game_logs1.json,23,contribution,0.0,24,0.0,observed,,24
Gemini 3.1 Pro,PGG,game_logs1,RQ1_result/result/public_goods/result_082001_gemini-3.1-pro-preview/game_logs1.json,24,contribution,0.0,24,0.0,observed,,24
Gemini 3.1 Pro,PGG,game_logs1,RQ1_result/result/public_goods/result_082001_gemini-3.1-pro-preview/game_logs1.json,25,contribution,0.0,24,0.0,observed,,24
Gemini 3.1 Pro,PGG,game_logs1,RQ1_result/result/public_goods/result_082001_gemini-3.1-pro-preview/game_logs1.json,26,contribution,0.0,24,0.0,observed,,24
Gemini 3.1 Pro,PGG,game_logs1,RQ1_result/result/public_goods/result_082001_gemini-3.1-pro-preview/game_logs1.json,27,contribution,0.0,24,0.0,observed,,24
Gemini 3.1 Pro,PGG,game_logs1,RQ1_result/result/public_goods/result_082001_gemini-3.1-pro-preview/game_logs1.json,28,contribution,0.0,24,0.0,observed,,24
Gemini 3.1 Pro,PGG,game_logs1,RQ1_result/result/public_goods/result_082001_gemini-3.1-pro-preview/game_logs1.json,29,contribution,0.0,24,0.0,observed,,24
Gemini 3.1 Pro,PGG,game_logs1,RQ1_result/result/public_goods/result_082001_gemini-3.1-pro-preview/game_logs1.json,30,contribution,0.0,24,0.0,observed,,24
Gemini 3.1 Pro,PGG,game_logs2,RQ1_result/result/public_goods/result_082001_gemini-3.1-pro-preview/game_logs2.json,1,contribution,0.0,24,0.0,observed,,24
Gemini 3.1 Pro,PGG,game_logs2,RQ1_result/result/public_goods/result_082001_gemini-3.1-pro-preview/game_logs2.json,2,contribution,0.0,24,0.0,observed,,24
Gemini 3.1 Pro,PGG,game_logs2,RQ1_result/result/public_goods/result_082001_gemini-3.1-pro-preview/game_logs2.json,3,contribution,0.0,24,0.0,observed,,24
Gemini 3.1 Pro,PGG,game_logs2,RQ1_result/result/public_goods/result_082001_gemini-3.1-pro-preview/game_logs2.json,4,contribution,0.0,24,0.0,observed,,24
Gemini 3.1 Pro,PGG,game_logs2,RQ1_result/result/public_goods/result_082001_gemini-3.1-pro-preview/game_logs2.json,5,contribution,0.0,24,0.0,observed,,24
Gemini 3.1 Pro,PGG,game_logs2,RQ1_result/result/public_goods/result_082001_gemini-3.1-pro-preview/game_logs2.json,6,contribution,0.0,24,0.0,observed,,24
Gemini 3.1 Pro,PGG,game_logs2,RQ1_result/result/public_goods/result_082001_gemini-3.1-pro-preview/game_logs2.json,7,contribution,0.0,24,0.0,observed,,24
Gemini 3.1 Pro,PGG,game_logs2,RQ1_result/result/public_goods/result_082001_gemini-3.1-pro-preview/game_logs2.json,8,contribution,0.0,24,0.0,observed,,24
Gemini 3.1 Pro,PGG,game_logs2,RQ1_result/result/public_goods/result_082001_gemini-3.1-pro-preview/game_logs2.json,9,contribution,0.0,24,0.0,observed,,24
Gemini 3.1 Pro,PGG,game_logs2,RQ1_result/result/public_goods/result_082001_gemini-3.1-pro-preview/game_logs2.json,10,contribution,0.0,24,0.0,observed,,24
Gemini 3.1 Pro,PGG,game_logs2,RQ1_result/result/public_goods/result_082001_gemini-3.1-pro-preview/game_logs2.json,11,contribution,0.0,24,0.0,observed,,24
Gemini 3.1 Pro,PGG,game_logs2,RQ1_result/result/public_goods/result_082001_gemini-3.1-pro-preview/game_logs2.json,12,contribution,0.0,24,0.0,observed,,24
Gemini 3.1 Pro,PGG,game_logs2,RQ1_result/result/public_goods/result_082001_gemini-3.1-pro-preview/game_logs2.json,13,contribution,0.0,24,0.0,observed,,24
Gemini 3.1 Pro,PGG,game_logs2,RQ1_result/result/public_goods/result_082001_gemini-3.1-pro-preview/game_logs2.json,14,contribution,0.0,24,0.0,observed,,24
Gemini 3.1 Pro,PGG,game_logs2,RQ1_result/result/public_goods/result_082001_gemini-3.1-pro-preview/game_logs2.json,15,contribution,0.0,24,0.0,observed,,24
Gemini 3.1 Pro,PGG,game_logs2,RQ1_result/result/public_goods/result_082001_gemini-3.1-pro-preview/game_logs2.json,16,contribution,0.0,24,0.0,observed,,24
Gemini 3.1 Pro,PGG,game_logs2,RQ1_result/result/public_goods/result_082001_gemini-3.1-pro-preview/game_logs2.json,17,contribution,0.0,24,0.0,observed,,24
Gemini 3.1 Pro,PGG,game_logs2,RQ1_result/result/public_goods/result_082001_gemini-3.1-pro-preview/game_logs2.json,18,contribution,0.0,24,0.0,observed,,24
Gemini 3.1 Pro,PGG,game_logs2,RQ1_result/result/public_goods/result_082001_gemini-3.1-pro-preview/game_logs2.json,19,contribution,0.0,24,0.0,observed,,24
Gemini 3.1 Pro,PGG,game_logs2,RQ1_result/result/public_goods/result_082001_gemini-3.1-pro-preview/game_logs2.json,20,contribution,0.0,24,0.0,observed,,24
Gemini 3.1 Pro,PGG,game_logs2,RQ1_result/result/public_goods/result_082001_gemini-3.1-pro-preview/game_logs2.json,21,contribution,0.0,24,0.0,observed,,24
Gemini 3.1 Pro,PGG,game_logs2,RQ1_result/result/public_goods/result_082001_gemini-3.1-pro-preview/game_logs2.json,22,contribution,0.0,24,0.0,observed,,24
Gemini 3.1 Pro,PGG,game_logs2,RQ1_result/result/public_goods/result_082001_gemini-3.1-pro-preview/game_logs2.json,23,contribution,0.0,24,0.0,observed,,24
Gemini 3.1 Pro,PGG,game_logs2,RQ1_result/result/public_goods/result_082001_gemini-3.1-pro-preview/game_logs2.json,24,contribution,0.0,24,0.0,observed,,24
Gemini 3.1 Pro,PGG,game_logs2,RQ1_result/result/public_goods/result_082001_gemini-3.1-pro-preview/game_logs2.json,25,contribution,0.0,24,0.0,observed,,24
Gemini 3.1 Pro,PGG,game_logs2,RQ1_result/result/public_goods/result_082001_gemini-3.1-pro-preview/game_logs2.json,26,contribution,0.0,24,0.0,observed,,24
Gemini 3.1 Pro,PGG,game_logs2,RQ1_result/result/public_goods/result_082001_gemini-3.1-pro-preview/game_logs2.json,27,contribution,0.0,24,0.0,observed,,24
Gemini 3.1 Pro,PGG,game_logs2,RQ1_result/result/public_goods/result_082001_gemini-3.1-pro-preview/game_logs2.json,28,contribution,0.0,24,0.0,observed,,24
Gemini 3.1 Pro,PGG,game_logs2,RQ1_result/result/public_goods/result_082001_gemini-3.1-pro-preview/game_logs2.json,29,contribution,0.0,24,0.0,observed,,24
Gemini 3.1 Pro,PGG,game_logs2,RQ1_result/result/public_goods/result_082001_gemini-3.1-pro-preview/game_logs2.json,30,contribution,0.0,24,0.0,observed,,24
Gemini 3.1 Pro,PGG,game_logs3,RQ1_result/result/public_goods/result_082001_gemini-3.1-pro-preview/game_logs3.json,1,contribution,0.0,24,0.0,observed,,24
Gemini 3.1 Pro,PGG,game_logs3,RQ1_result/result/public_goods/result_082001_gemini-3.1-pro-preview/game_logs3.json,2,contribution,0.0,24,0.0,observed,,24
Gemini 3.1 Pro,PGG,game_logs3,RQ1_result/result/public_goods/result_082001_gemini-3.1-pro-preview/game_logs3.json,3,contribution,0.0,24,0.0,observed,,24
Gemini 3.1 Pro,PGG,game_logs3,RQ1_result/result/public_goods/result_082001_gemini-3.1-pro-preview/game_logs3.json,4,contribution,0.0,24,0.0,observed,,24
Gemini 3.1 Pro,PGG,game_logs3,RQ1_result/result/public_goods/result_082001_gemini-3.1-pro-preview/game_logs3.json,5,contribution,0.0,24,0.0,observed,,24
Gemini 3.1 Pro,PGG,game_logs3,RQ1_result/result/public_goods/result_082001_gemini-3.1-pro-preview/game_logs3.json,6,contribution,0.0,24,0.0,observed,,24
Gemini 3.1 Pro,PGG,game_logs3,RQ1_result/result/public_goods/result_082001_gemini-3.1-pro-preview/game_logs3.json,7,contribution,0.0,24,0.0,observed,,24
Gemini 3.1 Pro,PGG,game_logs3,RQ1_result/result/public_goods/result_082001_gemini-3.1-pro-preview/game_logs3.json,8,contribution,0.0,24,0.0,observed,,24
Gemini 3.1 Pro,PGG,game_logs3,RQ1_result/result/public_goods/result_082001_gemini-3.1-pro-preview/game_logs3.json,9,contribution,0.0,24,0.0,observed,,24
Gemini 3.1 Pro,PGG,game_logs3,RQ1_result/result/public_goods/result_082001_gemini-3.1-pro-preview/game_logs3.json,10,contribution,0.0,24,0.0,observed,,24
Gemini 3.1 Pro,PGG,game_logs3,RQ1_result/result/public_goods/result_082001_gemini-3.1-pro-preview/game_logs3.json,11,contribution,0.0,24,0.0,observed,,24
Gemini 3.1 Pro,PGG,game_logs3,RQ1_result/result/public_goods/result_082001_gemini-3.1-pro-preview/game_logs3.json,12,contribution,0.0,24,0.0,observed,,24
Gemini 3.1 Pro,PGG,game_logs3,RQ1_result/result/public_goods/result_082001_gemini-3.1-pro-preview/game_logs3.json,13,contribution,0.0,24,0.0,observed,,24
Gemini 3.1 Pro,PGG,game_logs3,RQ1_result/result/public_goods/result_082001_gemini-3.1-pro-preview/game_logs3.json,14,contribution,0.0,24,0.0,observed,,24
Gemini 3.1 Pro,PGG,game_logs3,RQ1_result/result/public_goods/result_082001_gemini-3.1-pro-preview/game_logs3.json,15,contribution,0.0,24,0.0,observed,,24
Gemini 3.1 Pro,PGG,game_logs3,RQ1_result/result/public_goods/result_082001_gemini-3.1-pro-preview/game_logs3.json,16,contribution,0.0,24,0.0,observed,,24
Gemini 3.1 Pro,PGG,game_logs3,RQ1_result/result/public_goods/result_082001_gemini-3.1-pro-preview/game_logs3.json,17,contribution,0.0,24,0.0,observed,,24
Gemini 3.1 Pro,PGG,game_logs3,RQ1_result/result/public_goods/result_082001_gemini-3.1-pro-preview/game_logs3.json,18,contribution,0.0,24,0.0,observed,,24
Gemini 3.1 Pro,PGG,game_logs3,RQ1_result/result/public_goods/result_082001_gemini-3.1-pro-preview/game_logs3.json,19,contribution,0.0,24,0.0,observed,,24
Gemini 3.1 Pro,PGG,game_logs3,RQ1_result/result/public_goods/result_082001_gemini-3.1-pro-preview/game_logs3.json,20,contribution,0.0,24,0.0,observed,,24
Gemini 3.1 Pro,PGG,game_logs3,RQ1_result/result/public_goods/result_082001_gemini-3.1-pro-preview/game_logs3.json,21,contribution,0.0,24,0.0,observed,,24
Gemini 3.1 Pro,PGG,game_logs3,RQ1_result/result/public_goods/result_082001_gemini-3.1-pro-preview/game_logs3.json,22,contribution,0.0,24,0.0,observed,,24
Gemini 3.1 Pro,PGG,game_logs3,RQ1_result/result/public_goods/result_082001_gemini-3.1-pro-preview/game_logs3.json,23,contribution,0.0,24,0.0,observed,,24
Gemini 3.1 Pro,PGG,game_logs3,RQ1_result/result/public_goods/result_082001_gemini-3.1-pro-preview/game_logs3.json,24,contribution,0.0,24,0.0,observed,,24
Gemini 3.1 Pro,PGG,game_logs3,RQ1_result/result/public_goods/result_082001_gemini-3.1-pro-preview/game_logs3.json,25,contribution,0.0,24,0.0,observed,,24
Gemini 3.1 Pro,PGG,game_logs3,RQ1_result/result/public_goods/result_082001_gemini-3.1-pro-preview/game_logs3.json,26,contribution,0.0,24,0.0,observed,,24
Gemini 3.1 Pro,PGG,game_logs3,RQ1_result/result/public_goods/result_082001_gemini-3.1-pro-preview/game_logs3.json,27,contribution,0.0,24,0.0,observed,,24
Gemini 3.1 Pro,PGG,game_logs3,RQ1_result/result/public_goods/result_082001_gemini-3.1-pro-preview/game_logs3.json,28,contribution,0.0,24,0.0,observed,,24
Gemini 3.1 Pro,PGG,game_logs3,RQ1_result/result/public_goods/result_082001_gemini-3.1-pro-preview/game_logs3.json,29,contribution,0.0,24,0.0,observed,,24
Gemini 3.1 Pro,PGG,game_logs3,RQ1_result/result/public_goods/result_082001_gemini-3.1-pro-preview/game_logs3.json,30,contribution,0.0,24,0.0,observed,,24
Gemini 3.1 Pro,TG,game_log1,RQ1_result/result/trust_game/091601_gemini-3.1-pro-preview/data/game_log1.json,1,sender,53.333333333333336,12,53.333333333333336,observed,,12
Gemini 3.1 Pro,TG,game_log1,RQ1_result/result/trust_game/091601_gemini-3.1-pro-preview/data/game_log1.json,1,receiver,30.555555555555554,12,30.555555555555554,observed,,12
Gemini 3.1 Pro,TG,game_log1,RQ1_result/result/trust_game/091601_gemini-3.1-pro-preview/data/game_log1.json,2,sender,45.83333333333333,12,45.83333333333333,observed,,12
Gemini 3.1 Pro,TG,game_log1,RQ1_result/result/trust_game/091601_gemini-3.1-pro-preview/data/game_log1.json,2,receiver,23.030303030303028,11,23.030303030303028,observed,,11
Gemini 3.1 Pro,TG,game_log1,RQ1_result/result/trust_game/091601_gemini-3.1-pro-preview/data/game_log1.json,3,sender,45.83333333333333,12,45.83333333333333,observed,,12
Gemini 3.1 Pro,TG,game_log1,RQ1_result/result/trust_game/091601_gemini-3.1-pro-preview/data/game_log1.json,3,receiver,38.18181818181819,11,38.18181818181819,observed,,11
Gemini 3.1 Pro,TG,game_log1,RQ1_result/result/trust_game/091601_gemini-3.1-pro-preview/data/game_log1.json,4,sender,56.666666666666664,12,56.666666666666664,observed,,12
Gemini 3.1 Pro,TG,game_log1,RQ1_result/result/trust_game/091601_gemini-3.1-pro-preview/data/game_log1.json,4,receiver,36.38888888888889,12,36.38888888888889,observed,,12
Gemini 3.1 Pro,TG,game_log1,RQ1_result/result/trust_game/091601_gemini-3.1-pro-preview/data/game_log1.json,5,sender,50.0,12,50.0,observed,,12
Gemini 3.1 Pro,TG,game_log1,RQ1_result/result/trust_game/091601_gemini-3.1-pro-preview/data/game_log1.json,5,receiver,36.33333333333334,10,36.33333333333334,observed,,10
Gemini 3.1 Pro,TG,game_log1,RQ1_result/result/trust_game/091601_gemini-3.1-pro-preview/data/game_log1.json,6,sender,62.5,12,62.5,observed,,12
Gemini 3.1 Pro,TG,game_log1,RQ1_result/result/trust_game/091601_gemini-3.1-pro-preview/data/game_log1.json,6,receiver,43.939393939393945,11,43.939393939393945,observed,,11
Gemini 3.1 Pro,TG,game_log1,RQ1_result/result/trust_game/091601_gemini-3.1-pro-preview/data/game_log1.json,7,sender,54.166666666666664,12,54.166666666666664,observed,,12
Gemini 3.1 Pro,TG,game_log1,RQ1_result/result/trust_game/091601_gemini-3.1-pro-preview/data/game_log1.json,7,receiver,28.787878787878785,11,28.787878787878785,observed,,11
Gemini 3.1 Pro,TG,game_log1,RQ1_result/result/trust_game/091601_gemini-3.1-pro-preview/data/game_log1.json,8,sender,58.333333333333336,12,58.333333333333336,observed,,12
Gemini 3.1 Pro,TG,game_log1,RQ1_result/result/trust_game/091601_gemini-3.1-pro-preview/data/game_log1.json,8,receiver,27.77777777777778,12,27.77777777777778,observed,,12
Gemini 3.1 Pro,TG,game_log1,RQ1_result/result/trust_game/091601_gemini-3.1-pro-preview/data/game_log1.json,9,sender,41.66666666666667,12,41.66666666666667,observed,,12
Gemini 3.1 Pro,TG,game_log1,RQ1_result/result/trust_game/091601_gemini-3.1-pro-preview/data/game_log1.json,9,receiver,35.333333333333336,10,35.333333333333336,observed,,10
Gemini 3.1 Pro,TG,game_log1,RQ1_result/result/trust_game/091601_gemini-3.1-pro-preview/data/game_log1.json,10,sender,50.0,12,50.0,observed,,12
Gemini 3.1 Pro,TG,game_log1,RQ1_result/result/trust_game/091601_gemini-3.1-pro-preview/data/game_log1.json,10,receiver,42.727272727272734,11,42.727272727272734,observed,,11
Gemini 3.1 Pro,TG,game_log1,RQ1_result/result/trust_game/091601_gemini-3.1-pro-preview/data/game_log1.json,11,sender,62.5,12,62.5,observed,,12
Gemini 3.1 Pro,TG,game_log1,RQ1_result/result/trust_game/091601_gemini-3.1-pro-preview/data/game_log1.json,11,receiver,44.24242424242424,11,44.24242424242424,observed,,11
Gemini 3.1 Pro,TG,game_log1,RQ1_result/result/trust_game/091601_gemini-3.1-pro-preview/data/game_log1.json,12,sender,60.83333333333333,12,60.83333333333333,observed,,12
Gemini 3.1 Pro,TG,game_log1,RQ1_result/result/trust_game/091601_gemini-3.1-pro-preview/data/game_log1.json,12,receiver,40.60606060606061,11,40.60606060606061,observed,,11
Gemini 3.1 Pro,TG,game_log1,RQ1_result/result/trust_game/091601_gemini-3.1-pro-preview/data/game_log1.json,13,sender,62.5,12,62.5,observed,,12
Gemini 3.1 Pro,TG,game_log1,RQ1_result/result/trust_game/091601_gemini-3.1-pro-preview/data/game_log1.json,13,receiver,44.44444444444444,12,44.44444444444444,observed,,12
Gemini 3.1 Pro,TG,game_log1,RQ1_result/result/trust_game/091601_gemini-3.1-pro-preview/data/game_log1.json,14,sender,66.66666666666666,12,66.66666666666666,observed,,12
Gemini 3.1 Pro,TG,game_log1,RQ1_result/result/trust_game/091601_gemini-3.1-pro-preview/data/game_log1.json,14,receiver,43.93939393939394,11,43.93939393939394,observed,,11
Gemini 3.1 Pro,TG,game_log1,RQ1_result/result/trust_game/091601_gemini-3.1-pro-preview/data/game_log1.json,15,sender,58.333333333333336,12,58.333333333333336,observed,,12
Gemini 3.1 Pro,TG,game_log1,RQ1_result/result/trust_game/091601_gemini-3.1-pro-preview/data/game_log1.json,15,receiver,46.00000000000001,10,46.00000000000001,observed,,10
Gemini 3.1 Pro,TG,game_log1,RQ1_result/result/trust_game/091601_gemini-3.1-pro-preview/data/game_log1.json,16,sender,66.66666666666666,12,66.66666666666666,observed,,12
Gemini 3.1 Pro,TG,game_log1,RQ1_result/result/trust_game/091601_gemini-3.1-pro-preview/data/game_log1.json,16,receiver,18.88888888888889,12,18.88888888888889,observed,,12
Gemini 3.1 Pro,TG,game_log1,RQ1_result/result/trust_game/091601_gemini-3.1-pro-preview/data/game_log1.json,17,sender,62.5,12,62.5,observed,,12
Gemini 3.1 Pro,TG,game_log1,RQ1_result/result/trust_game/091601_gemini-3.1-pro-preview/data/game_log1.json,17,receiver,40.0,9,40.0,observed,,9
Gemini 3.1 Pro,TG,game_log1,RQ1_result/result/trust_game/091601_gemini-3.1-pro-preview/data/game_log1.json,18,sender,70.83333333333334,12,70.83333333333334,observed,,12
Gemini 3.1 Pro,TG,game_log1,RQ1_result/result/trust_game/091601_gemini-3.1-pro-preview/data/game_log1.json,18,receiver,46.0,10,46.0,observed,,10
Gemini 3.1 Pro,TG,game_log1,RQ1_result/result/trust_game/091601_gemini-3.1-pro-preview/data/game_log1.json,19,sender,58.333333333333336,12,58.333333333333336,observed,,12
Gemini 3.1 Pro,TG,game_log1,RQ1_result/result/trust_game/091601_gemini-3.1-pro-preview/data/game_log1.json,19,receiver,44.00000000000001,10,44.00000000000001,observed,,10
Gemini 3.1 Pro,TG,game_log1,RQ1_result/result/trust_game/091601_gemini-3.1-pro-preview/data/game_log1.json,20,sender,75.0,12,75.0,observed,,12
Gemini 3.1 Pro,TG,game_log1,RQ1_result/result/trust_game/091601_gemini-3.1-pro-preview/data/game_log1.json,20,receiver,38.88888888888889,12,38.88888888888889,observed,,12
Gemini 3.1 Pro,TG,game_log1,RQ1_result/result/trust_game/091601_gemini-3.1-pro-preview/data/game_log1.json,21,sender,70.83333333333334,12,70.83333333333334,observed,,12
Gemini 3.1 Pro,TG,game_log1,RQ1_result/result/trust_game/091601_gemini-3.1-pro-preview/data/game_log1.json,21,receiver,40.33333333333333,10,40.33333333333333,observed,,10
Gemini 3.1 Pro,TG,game_log1,RQ1_result/result/trust_game/091601_gemini-3.1-pro-preview/data/game_log1.json,22,sender,66.66666666666666,12,66.66666666666666,observed,,12
Gemini 3.1 Pro,TG,game_log1,RQ1_result/result/trust_game/091601_gemini-3.1-pro-preview/data/game_log1.json,22,receiver,48.18181818181819,11,48.18181818181819,observed,,11
Gemini 3.1 Pro,TG,game_log1,RQ1_result/result/trust_game/091601_gemini-3.1-pro-preview/data/game_log1.json,23,sender,58.333333333333336,12,58.333333333333336,observed,,12
Gemini 3.1 Pro,TG,game_log1,RQ1_result/result/trust_game/091601_gemini-3.1-pro-preview/data/game_log1.json,23,receiver,45.833333333333336,8,45.833333333333336,observed,,8
Gemini 3.1 Pro,TG,game_log1,RQ1_result/result/trust_game/091601_gemini-3.1-pro-preview/data/game_log1.json,24,sender,70.83333333333334,12,70.83333333333334,observed,,12
Gemini 3.1 Pro,TG,game_log1,RQ1_result/result/trust_game/091601_gemini-3.1-pro-preview/data/game_log1.json,24,receiver,46.66666666666667,11,46.66666666666667,observed,,11
Gemini 3.1 Pro,TG,game_log1,RQ1_result/result/trust_game/091601_gemini-3.1-pro-preview/data/game_log1.json,25,sender,70.83333333333334,12,70.83333333333334,observed,,12
Gemini 3.1 Pro,TG,game_log1,RQ1_result/result/trust_game/091601_gemini-3.1-pro-preview/data/game_log1.json,25,receiver,20.277777777777782,12,20.277777777777782,observed,,12
Gemini 3.1 Pro,TG,game_log1,RQ1_result/result/trust_game/091601_gemini-3.1-pro-preview/data/game_log1.json,26,sender,62.5,12,62.5,observed,,12
Gemini 3.1 Pro,TG,game_log1,RQ1_result/result/trust_game/091601_gemini-3.1-pro-preview/data/game_log1.json,26,receiver,48.148148148148145,9,48.148148148148145,observed,,9
Gemini 3.1 Pro,TG,game_log1,RQ1_result/result/trust_game/091601_gemini-3.1-pro-preview/data/game_log1.json,27,sender,50.0,12,50.0,observed,,12
Gemini 3.1 Pro,TG,game_log1,RQ1_result/result/trust_game/091601_gemini-3.1-pro-preview/data/game_log1.json,27,receiver,42.38095238095238,7,42.38095238095238,observed,,7
Gemini 3.1 Pro,TG,game_log1,RQ1_result/result/trust_game/091601_gemini-3.1-pro-preview/data/game_log1.json,28,sender,62.5,12,62.5,observed,,12
Gemini 3.1 Pro,TG,game_log1,RQ1_result/result/trust_game/091601_gemini-3.1-pro-preview/data/game_log1.json,28,receiver,48.0,10,48.0,observed,,10
Gemini 3.1 Pro,TG,game_log1,RQ1_result/result/trust_game/091601_gemini-3.1-pro-preview/data/game_log1.json,29,sender,75.0,12,75.0,observed,,12
Gemini 3.1 Pro,TG,game_log1,RQ1_result/result/trust_game/091601_gemini-3.1-pro-preview/data/game_log1.json,29,receiver,44.666666666666664,10,44.666666666666664,observed,,10
Gemini 3.1 Pro,TG,game_log1,RQ1_result/result/trust_game/091601_gemini-3.1-pro-preview/data/game_log1.json,30,sender,41.66666666666667,12,41.66666666666667,observed,,12
Gemini 3.1 Pro,TG,game_log1,RQ1_result/result/trust_game/091601_gemini-3.1-pro-preview/data/game_log1.json,30,receiver,43.33333333333333,7,43.33333333333333,observed,,7
Gemini 3.1 Pro,TG,game_log2,RQ1_result/result/trust_game/091601_gemini-3.1-pro-preview/data/game_log2.json,1,sender,58.333333333333336,12,58.333333333333336,observed,,12
Gemini 3.1 Pro,TG,game_log2,RQ1_result/result/trust_game/091601_gemini-3.1-pro-preview/data/game_log2.json,1,receiver,31.11111111111111,12,31.11111111111111,observed,,12
Gemini 3.1 Pro,TG,game_log2,RQ1_result/result/trust_game/091601_gemini-3.1-pro-preview/data/game_log2.json,2,sender,45.83333333333333,12,45.83333333333333,observed,,12
Gemini 3.1 Pro,TG,game_log2,RQ1_result/result/trust_game/091601_gemini-3.1-pro-preview/data/game_log2.json,2,receiver,33.33333333333333,11,33.33333333333333,observed,,11
Gemini 3.1 Pro,TG,game_log2,RQ1_result/result/trust_game/091601_gemini-3.1-pro-preview/data/game_log2.json,3,sender,50.0,12,50.0,observed,,12
Gemini 3.1 Pro,TG,game_log2,RQ1_result/result/trust_game/091601_gemini-3.1-pro-preview/data/game_log2.json,3,receiver,46.36363636363637,11,46.36363636363637,observed,,11
Gemini 3.1 Pro,TG,game_log2,RQ1_result/result/trust_game/091601_gemini-3.1-pro-preview/data/game_log2.json,4,sender,54.166666666666664,12,54.166666666666664,observed,,12
Gemini 3.1 Pro,TG,game_log2,RQ1_result/result/trust_game/091601_gemini-3.1-pro-preview/data/game_log2.json,4,receiver,33.333333333333336,11,33.333333333333336,observed,,11
Gemini 3.1 Pro,TG,game_log2,RQ1_result/result/trust_game/091601_gemini-3.1-pro-preview/data/game_log2.json,5,sender,58.333333333333336,12,58.333333333333336,observed,,12
Gemini 3.1 Pro,TG,game_log2,RQ1_result/result/trust_game/091601_gemini-3.1-pro-preview/data/game_log2.json,5,receiver,48.18181818181818,11,48.18181818181818,observed,,11
Gemini 3.1 Pro,TG,game_log2,RQ1_result/result/trust_game/091601_gemini-3.1-pro-preview/data/game_log2.json,6,sender,45.83333333333333,12,45.83333333333333,observed,,12
Gemini 3.1 Pro,TG,game_log2,RQ1_result/result/trust_game/091601_gemini-3.1-pro-preview/data/game_log2.json,6,receiver,46.66666666666667,11,46.66666666666667,observed,,11
Gemini 3.1 Pro,TG,game_log2,RQ1_result/result/trust_game/091601_gemini-3.1-pro-preview/data/game_log2.json,7,sender,54.166666666666664,12,54.166666666666664,observed,,12
Gemini 3.1 Pro,TG,game_log2,RQ1_result/result/trust_game/091601_gemini-3.1-pro-preview/data/game_log2.json,7,receiver,41.81818181818182,11,41.81818181818182,observed,,11
Gemini 3.1 Pro,TG,game_log2,RQ1_result/result/trust_game/091601_gemini-3.1-pro-preview/data/game_log2.json,8,sender,58.333333333333336,12,58.333333333333336,observed,,12
Gemini 3.1 Pro,TG,game_log2,RQ1_result/result/trust_game/091601_gemini-3.1-pro-preview/data/game_log2.json,8,receiver,27.22222222222222,12,27.22222222222222,observed,,12
Gemini 3.1 Pro,TG,game_log2,RQ1_result/result/trust_game/091601_gemini-3.1-pro-preview/data/game_log2.json,9,sender,54.166666666666664,12,54.166666666666664,observed,,12
Gemini 3.1 Pro,TG,game_log2,RQ1_result/result/trust_game/091601_gemini-3.1-pro-preview/data/game_log2.json,9,receiver,32.333333333333336,10,32.333333333333336,observed,,10
Gemini 3.1 Pro,TG,game_log2,RQ1_result/result/trust_game/091601_gemini-3.1-pro-preview/data/game_log2.json,10,sender,50.0,12,50.0,observed,,12
Gemini 3.1 Pro,TG,game_log2,RQ1_result/result/trust_game/091601_gemini-3.1-pro-preview/data/game_log2.json,10,receiver,48.88888888888888,9,48.88888888888888,observed,,9
Gemini 3.1 Pro,TG,game_log2,RQ1_result/result/trust_game/091601_gemini-3.1-pro-preview/data/game_log2.json,11,sender,58.333333333333336,12,58.333333333333336,observed,,12
Gemini 3.1 Pro,TG,game_log2,RQ1_result/result/trust_game/091601_gemini-3.1-pro-preview/data/game_log2.json,11,receiver,30.606060606060602,11,30.606060606060602,observed,,11
Gemini 3.1 Pro,TG,game_log2,RQ1_result/result/trust_game/091601_gemini-3.1-pro-preview/data/game_log2.json,12,sender,54.166666666666664,12,54.166666666666664,observed,,12
Gemini 3.1 Pro,TG,game_log2,RQ1_result/result/trust_game/091601_gemini-3.1-pro-preview/data/game_log2.json,12,receiver,33.0,10,33.0,observed,,10
Gemini 3.1 Pro,TG,game_log2,RQ1_result/result/trust_game/091601_gemini-3.1-pro-preview/data/game_log2.json,13,sender,62.5,12,62.5,observed,,12
Gemini 3.1 Pro,TG,game_log2,RQ1_result/result/trust_game/091601_gemini-3.1-pro-preview/data/game_log2.json,13,receiver,36.96969696969697,11,36.96969696969697,observed,,11
Gemini 3.1 Pro,TG,game_log2,RQ1_result/result/trust_game/091601_gemini-3.1-pro-preview/data/game_log2.json,14,sender,70.83333333333334,12,70.83333333333334,observed,,12
Gemini 3.1 Pro,TG,game_log2,RQ1_result/result/trust_game/091601_gemini-3.1-pro-preview/data/game_log2.json,14,receiver,44.72222222222222,12,44.72222222222222,observed,,12
Gemini 3.1 Pro,TG,game_log2,RQ1_result/result/trust_game/091601_gemini-3.1-pro-preview/data/game_log2.json,15,sender,70.83333333333334,12,70.83333333333334,observed,,12
Gemini 3.1 Pro,TG,game_log2,RQ1_result/result/trust_game/091601_gemini-3.1-pro-preview/data/game_log2.json,15,receiver,48.05555555555556,12,48.05555555555556,observed,,12
Gemini 3.1 Pro,TG,game_log2,RQ1_result/result/trust_game/091601_gemini-3.1-pro-preview/data/game_log2.json,16,sender,45.83333333333333,12,45.83333333333333,observed,,12
Gemini 3.1 Pro,TG,game_log2,RQ1_result/result/trust_game/091601_gemini-3.1-pro-preview/data/game_log2.json,16,receiver,36.25000000000001,8,36.25000000000001,observed,,8
Gemini 3.1 Pro,TG,game_log2,RQ1_result/result/trust_game/091601_gemini-3.1-pro-preview/data/game_log2.json,17,sender,50.0,12,50.0,observed,,12
Gemini 3.1 Pro,TG,game_log2,RQ1_result/result/trust_game/091601_gemini-3.1-pro-preview/data/game_log2.json,17,receiver,40.0,8,40.0,observed,,8
Gemini 3.1 Pro,TG,game_log2,RQ1_result/result/trust_game/091601_gemini-3.1-pro-preview/data/game_log2.json,18,sender,45.83333333333333,12,45.83333333333333,observed,,12
Gemini 3.1 Pro,TG,game_log2,RQ1_result/result/trust_game/091601_gemini-3.1-pro-preview/data/game_log2.json,18,receiver,40.33333333333333,10,40.33333333333333,observed,,10
Gemini 3.1 Pro,TG,game_log2,RQ1_result/result/trust_game/091601_gemini-3.1-pro-preview/data/game_log2.json,19,sender,70.83333333333334,12,70.83333333333334,observed,,12
Gemini 3.1 Pro,TG,game_log2,RQ1_result/result/trust_game/091601_gemini-3.1-pro-preview/data/game_log2.json,19,receiver,47.87878787878789,11,47.87878787878789,observed,,11
Gemini 3.1 Pro,TG,game_log2,RQ1_result/result/trust_game/091601_gemini-3.1-pro-preview/data/game_log2.json,20,sender,54.166666666666664,12,54.166666666666664,observed,,12
Gemini 3.1 Pro,TG,game_log2,RQ1_result/result/trust_game/091601_gemini-3.1-pro-preview/data/game_log2.json,20,receiver,49.66666666666667,10,49.66666666666667,observed,,10
Gemini 3.1 Pro,TG,game_log2,RQ1_result/result/trust_game/091601_gemini-3.1-pro-preview/data/game_log2.json,21,sender,50.0,12,50.0,observed,,12
Gemini 3.1 Pro,TG,game_log2,RQ1_result/result/trust_game/091601_gemini-3.1-pro-preview/data/game_log2.json,21,receiver,47.5,8,47.5,observed,,8
Gemini 3.1 Pro,TG,game_log2,RQ1_result/result/trust_game/091601_gemini-3.1-pro-preview/data/game_log2.json,22,sender,75.0,12,75.0,observed,,12
Gemini 3.1 Pro,TG,game_log2,RQ1_result/result/trust_game/091601_gemini-3.1-pro-preview/data/game_log2.json,22,receiver,39.6969696969697,11,39.6969696969697,observed,,11
Gemini 3.1 Pro,TG,game_log2,RQ1_result/result/trust_game/091601_gemini-3.1-pro-preview/data/game_log2.json,23,sender,62.5,12,62.5,observed,,12
Gemini 3.1 Pro,TG,game_log2,RQ1_result/result/trust_game/091601_gemini-3.1-pro-preview/data/game_log2.json,23,receiver,49.00000000000001,10,49.00000000000001,observed,,10
Gemini 3.1 Pro,TG,game_log2,RQ1_result/result/trust_game/091601_gemini-3.1-pro-preview/data/game_log2.json,24,sender,66.66666666666666,12,66.66666666666666,observed,,12
Gemini 3.1 Pro,TG,game_log2,RQ1_result/result/trust_game/091601_gemini-3.1-pro-preview/data/game_log2.json,24,receiver,47.0,10,47.0,observed,,10
Gemini 3.1 Pro,TG,game_log2,RQ1_result/result/trust_game/091601_gemini-3.1-pro-preview/data/game_log2.json,25,sender,62.5,12,62.5,observed,,12
Gemini 3.1 Pro,TG,game_log2,RQ1_result/result/trust_game/091601_gemini-3.1-pro-preview/data/game_log2.json,25,receiver,32.96296296296297,9,32.96296296296297,observed,,9
Gemini 3.1 Pro,TG,game_log2,RQ1_result/result/trust_game/091601_gemini-3.1-pro-preview/data/game_log2.json,26,sender,62.5,12,62.5,observed,,12
Gemini 3.1 Pro,TG,game_log2,RQ1_result/result/trust_game/091601_gemini-3.1-pro-preview/data/game_log2.json,26,receiver,43.7037037037037,9,43.7037037037037,observed,,9
Gemini 3.1 Pro,TG,game_log2,RQ1_result/result/trust_game/091601_gemini-3.1-pro-preview/data/game_log2.json,27,sender,87.5,12,87.5,observed,,12
Gemini 3.1 Pro,TG,game_log2,RQ1_result/result/trust_game/091601_gemini-3.1-pro-preview/data/game_log2.json,27,receiver,49.6969696969697,11,49.6969696969697,observed,,11
Gemini 3.1 Pro,TG,game_log2,RQ1_result/result/trust_game/091601_gemini-3.1-pro-preview/data/game_log2.json,28,sender,75.0,12,75.0,observed,,12
Gemini 3.1 Pro,TG,game_log2,RQ1_result/result/trust_game/091601_gemini-3.1-pro-preview/data/game_log2.json,28,receiver,48.33333333333334,10,48.33333333333334,observed,,10
Gemini 3.1 Pro,TG,game_log2,RQ1_result/result/trust_game/091601_gemini-3.1-pro-preview/data/game_log2.json,29,sender,70.83333333333334,12,70.83333333333334,observed,,12
Gemini 3.1 Pro,TG,game_log2,RQ1_result/result/trust_game/091601_gemini-3.1-pro-preview/data/game_log2.json,29,receiver,49.00000000000001,10,49.00000000000001,observed,,10
Gemini 3.1 Pro,TG,game_log2,RQ1_result/result/trust_game/091601_gemini-3.1-pro-preview/data/game_log2.json,30,sender,75.0,12,75.0,observed,,12
Gemini 3.1 Pro,TG,game_log2,RQ1_result/result/trust_game/091601_gemini-3.1-pro-preview/data/game_log2.json,30,receiver,47.27272727272727,11,47.27272727272727,observed,,11
Gemini 3.1 Pro,TG,game_log3,RQ1_result/result/trust_game/091601_gemini-3.1-pro-preview/data/game_log3.json,1,sender,50.0,12,50.0,observed,,12
Gemini 3.1 Pro,TG,game_log3,RQ1_result/result/trust_game/091601_gemini-3.1-pro-preview/data/game_log3.json,1,receiver,38.484848484848484,11,38.484848484848484,observed,,11
Gemini 3.1 Pro,TG,game_log3,RQ1_result/result/trust_game/091601_gemini-3.1-pro-preview/data/game_log3.json,2,sender,45.83333333333333,12,45.83333333333333,observed,,12
Gemini 3.1 Pro,TG,game_log3,RQ1_result/result/trust_game/091601_gemini-3.1-pro-preview/data/game_log3.json,2,receiver,26.66666666666667,10,26.66666666666667,observed,,10
Gemini 3.1 Pro,TG,game_log3,RQ1_result/result/trust_game/091601_gemini-3.1-pro-preview/data/game_log3.json,3,sender,50.0,12,50.0,observed,,12
Gemini 3.1 Pro,TG,game_log3,RQ1_result/result/trust_game/091601_gemini-3.1-pro-preview/data/game_log3.json,3,receiver,38.88888888888889,12,38.88888888888889,observed,,12
Gemini 3.1 Pro,TG,game_log3,RQ1_result/result/trust_game/091601_gemini-3.1-pro-preview/data/game_log3.json,4,sender,50.0,12,50.0,observed,,12
Gemini 3.1 Pro,TG,game_log3,RQ1_result/result/trust_game/091601_gemini-3.1-pro-preview/data/game_log3.json,4,receiver,40.555555555555564,12,40.555555555555564,observed,,12
Gemini 3.1 Pro,TG,game_log3,RQ1_result/result/trust_game/091601_gemini-3.1-pro-preview/data/game_log3.json,5,sender,62.5,12,62.5,observed,,12
Gemini 3.1 Pro,TG,game_log3,RQ1_result/result/trust_game/091601_gemini-3.1-pro-preview/data/game_log3.json,5,receiver,44.24242424242424,11,44.24242424242424,observed,,11
Gemini 3.1 Pro,TG,game_log3,RQ1_result/result/trust_game/091601_gemini-3.1-pro-preview/data/game_log3.json,6,sender,50.0,12,50.0,observed,,12
Gemini 3.1 Pro,TG,game_log3,RQ1_result/result/trust_game/091601_gemini-3.1-pro-preview/data/game_log3.json,6,receiver,42.121212121212125,11,42.121212121212125,observed,,11
Gemini 3.1 Pro,TG,game_log3,RQ1_result/result/trust_game/091601_gemini-3.1-pro-preview/data/game_log3.json,7,sender,58.333333333333336,12,58.333333333333336,observed,,12
Gemini 3.1 Pro,TG,game_log3,RQ1_result/result/trust_game/091601_gemini-3.1-pro-preview/data/game_log3.json,7,receiver,38.88888888888889,12,38.88888888888889,observed,,12
Gemini 3.1 Pro,TG,game_log3,RQ1_result/result/trust_game/091601_gemini-3.1-pro-preview/data/game_log3.json,8,sender,79.16666666666666,12,79.16666666666666,observed,,12
Gemini 3.1 Pro,TG,game_log3,RQ1_result/result/trust_game/091601_gemini-3.1-pro-preview/data/game_log3.json,8,receiver,30.83333333333333,12,30.83333333333333,observed,,12
Gemini 3.1 Pro,TG,game_log3,RQ1_result/result/trust_game/091601_gemini-3.1-pro-preview/data/game_log3.json,9,sender,41.66666666666667,12,41.66666666666667,observed,,12
Gemini 3.1 Pro,TG,game_log3,RQ1_result/result/trust_game/091601_gemini-3.1-pro-preview/data/game_log3.json,9,receiver,36.66666666666667,8,36.66666666666667,observed,,8
Gemini 3.1 Pro,TG,game_log3,RQ1_result/result/trust_game/091601_gemini-3.1-pro-preview/data/game_log3.json,10,sender,58.333333333333336,12,58.333333333333336,observed,,12
Gemini 3.1 Pro,TG,game_log3,RQ1_result/result/trust_game/091601_gemini-3.1-pro-preview/data/game_log3.json,10,receiver,46.36363636363637,11,46.36363636363637,observed,,11
Gemini 3.1 Pro,TG,game_log3,RQ1_result/result/trust_game/091601_gemini-3.1-pro-preview/data/game_log3.json,11,sender,62.5,12,62.5,observed,,12
Gemini 3.1 Pro,TG,game_log3,RQ1_result/result/trust_game/091601_gemini-3.1-pro-preview/data/game_log3.json,11,receiver,46.66666666666667,11,46.66666666666667,observed,,11
Gemini 3.1 Pro,TG,game_log3,RQ1_result/result/trust_game/091601_gemini-3.1-pro-preview/data/game_log3.json,12,sender,54.166666666666664,12,54.166666666666664,observed,,12
Gemini 3.1 Pro,TG,game_log3,RQ1_result/result/trust_game/091601_gemini-3.1-pro-preview/data/game_log3.json,12,receiver,41.81818181818181,11,41.81818181818181,observed,,11
Gemini 3.1 Pro,TG,game_log3,RQ1_result/result/trust_game/091601_gemini-3.1-pro-preview/data/game_log3.json,13,sender,58.333333333333336,12,58.333333333333336,observed,,12
Gemini 3.1 Pro,TG,game_log3,RQ1_result/result/trust_game/091601_gemini-3.1-pro-preview/data/game_log3.json,13,receiver,46.11111111111111,12,46.11111111111111,observed,,12
Gemini 3.1 Pro,TG,game_log3,RQ1_result/result/trust_game/091601_gemini-3.1-pro-preview/data/game_log3.json,14,sender,58.333333333333336,12,58.333333333333336,observed,,12
Gemini 3.1 Pro,TG,game_log3,RQ1_result/result/trust_game/091601_gemini-3.1-pro-preview/data/game_log3.json,14,receiver,43.888888888888886,12,43.888888888888886,observed,,12
Gemini 3.1 Pro,TG,game_log3,RQ1_result/result/trust_game/091601_gemini-3.1-pro-preview/data/game_log3.json,15,sender,75.0,12,75.0,observed,,12
Gemini 3.1 Pro,TG,game_log3,RQ1_result/result/trust_game/091601_gemini-3.1-pro-preview/data/game_log3.json,15,receiver,49.3939393939394,11,49.3939393939394,observed,,11
Gemini 3.1 Pro,TG,game_log3,RQ1_result/result/trust_game/091601_gemini-3.1-pro-preview/data/game_log3.json,16,sender,70.83333333333334,12,70.83333333333334,observed,,12
Gemini 3.1 Pro,TG,game_log3,RQ1_result/result/trust_game/091601_gemini-3.1-pro-preview/data/game_log3.json,16,receiver,40.27777777777777,12,40.27777777777777,observed,,12
Gemini 3.1 Pro,TG,game_log3,RQ1_result/result/trust_game/091601_gemini-3.1-pro-preview/data/game_log3.json,17,sender,75.0,12,75.0,observed,,12
Gemini 3.1 Pro,TG,game_log3,RQ1_result/result/trust_game/091601_gemini-3.1-pro-preview/data/game_log3.json,17,receiver,28.611111111111114,12,28.611111111111114,observed,,12
Gemini 3.1 Pro,TG,game_log3,RQ1_result/result/trust_game/091601_gemini-3.1-pro-preview/data/game_log3.json,18,sender,75.0,12,75.0,observed,,12
Gemini 3.1 Pro,TG,game_log3,RQ1_result/result/trust_game/091601_gemini-3.1-pro-preview/data/game_log3.json,18,receiver,46.66666666666667,12,46.66666666666667,observed,,12
Gemini 3.1 Pro,TG,game_log3,RQ1_result/result/trust_game/091601_gemini-3.1-pro-preview/data/game_log3.json,19,sender,70.83333333333334,12,70.83333333333334,observed,,12
Gemini 3.1 Pro,TG,game_log3,RQ1_result/result/trust_game/091601_gemini-3.1-pro-preview/data/game_log3.json,19,receiver,46.94444444444445,12,46.94444444444445,observed,,12
Gemini 3.1 Pro,TG,game_log3,RQ1_result/result/trust_game/091601_gemini-3.1-pro-preview/data/game_log3.json,20,sender,66.66666666666666,12,66.66666666666666,observed,,12
Gemini 3.1 Pro,TG,game_log3,RQ1_result/result/trust_game/091601_gemini-3.1-pro-preview/data/game_log3.json,20,receiver,48.18181818181818,11,48.18181818181818,observed,,11
Gemini 3.1 Pro,TG,game_log3,RQ1_result/result/trust_game/091601_gemini-3.1-pro-preview/data/game_log3.json,21,sender,66.66666666666666,12,66.66666666666666,observed,,12
Gemini 3.1 Pro,TG,game_log3,RQ1_result/result/trust_game/091601_gemini-3.1-pro-preview/data/game_log3.json,21,receiver,33.666666666666664,10,33.666666666666664,observed,,10
Gemini 3.1 Pro,TG,game_log3,RQ1_result/result/trust_game/091601_gemini-3.1-pro-preview/data/game_log3.json,22,sender,75.0,12,75.0,observed,,12
Gemini 3.1 Pro,TG,game_log3,RQ1_result/result/trust_game/091601_gemini-3.1-pro-preview/data/game_log3.json,22,receiver,48.18181818181819,11,48.18181818181819,observed,,11
Gemini 3.1 Pro,TG,game_log3,RQ1_result/result/trust_game/091601_gemini-3.1-pro-preview/data/game_log3.json,23,sender,91.66666666666666,12,91.66666666666666,observed,,12
Gemini 3.1 Pro,TG,game_log3,RQ1_result/result/trust_game/091601_gemini-3.1-pro-preview/data/game_log3.json,23,receiver,49.72222222222222,12,49.72222222222222,observed,,12
Gemini 3.1 Pro,TG,game_log3,RQ1_result/result/trust_game/091601_gemini-3.1-pro-preview/data/game_log3.json,24,sender,66.66666666666666,12,66.66666666666666,observed,,12
Gemini 3.1 Pro,TG,game_log3,RQ1_result/result/trust_game/091601_gemini-3.1-pro-preview/data/game_log3.json,24,receiver,44.00000000000001,10,44.00000000000001,observed,,10
Gemini 3.1 Pro,TG,game_log3,RQ1_result/result/trust_game/091601_gemini-3.1-pro-preview/data/game_log3.json,25,sender,54.166666666666664,12,54.166666666666664,observed,,12
Gemini 3.1 Pro,TG,game_log3,RQ1_result/result/trust_game/091601_gemini-3.1-pro-preview/data/game_log3.json,25,receiver,25.555555555555554,9,25.555555555555554,observed,,9
Gemini 3.1 Pro,TG,game_log3,RQ1_result/result/trust_game/091601_gemini-3.1-pro-preview/data/game_log3.json,26,sender,79.16666666666666,12,79.16666666666666,observed,,12
Gemini 3.1 Pro,TG,game_log3,RQ1_result/result/trust_game/091601_gemini-3.1-pro-preview/data/game_log3.json,26,receiver,49.6969696969697,11,49.6969696969697,observed,,11
Gemini 3.1 Pro,TG,game_log3,RQ1_result/result/trust_game/091601_gemini-3.1-pro-preview/data/game_log3.json,27,sender,70.83333333333334,12,70.83333333333334,observed,,12
Gemini 3.1 Pro,TG,game_log3,RQ1_result/result/trust_game/091601_gemini-3.1-pro-preview/data/game_log3.json,27,receiver,44.333333333333336,10,44.333333333333336,observed,,10
Gemini 3.1 Pro,TG,game_log3,RQ1_result/result/trust_game/091601_gemini-3.1-pro-preview/data/game_log3.json,28,sender,62.5,12,62.5,observed,,12
Gemini 3.1 Pro,TG,game_log3,RQ1_result/result/trust_game/091601_gemini-3.1-pro-preview/data/game_log3.json,28,receiver,48.51851851851852,9,48.51851851851852,observed,,9
Gemini 3.1 Pro,TG,game_log3,RQ1_result/result/trust_game/091601_gemini-3.1-pro-preview/data/game_log3.json,29,sender,58.333333333333336,12,58.333333333333336,observed,,12
Gemini 3.1 Pro,TG,game_log3,RQ1_result/result/trust_game/091601_gemini-3.1-pro-preview/data/game_log3.json,29,receiver,46.29629629629629,9,46.29629629629629,observed,,9
Gemini 3.1 Pro,TG,game_log3,RQ1_result/result/trust_game/091601_gemini-3.1-pro-preview/data/game_log3.json,30,sender,66.66666666666666,12,66.66666666666666,observed,,12
Gemini 3.1 Pro,TG,game_log3,RQ1_result/result/trust_game/091601_gemini-3.1-pro-preview/data/game_log3.json,30,receiver,47.40740740740741,9,47.40740740740741,observed,,9
Claude Opus 4.6,PD,game_log1,RQ1_result/result/prisoners_dilemma/070101_claude-opus-4-6/data/game_log1.json,1,cooperation,100.0,24,100.0,observed,,24
Claude Opus 4.6,PD,game_log1,RQ1_result/result/prisoners_dilemma/070101_claude-opus-4-6/data/game_log1.json,2,cooperation,100.0,24,100.0,observed,,24
Claude Opus 4.6,PD,game_log1,RQ1_result/result/prisoners_dilemma/070101_claude-opus-4-6/data/game_log1.json,3,cooperation,100.0,24,100.0,observed,,24
Claude Opus 4.6,PD,game_log1,RQ1_result/result/prisoners_dilemma/070101_claude-opus-4-6/data/game_log1.json,4,cooperation,100.0,24,100.0,observed,,24
Claude Opus 4.6,PD,game_log1,RQ1_result/result/prisoners_dilemma/070101_claude-opus-4-6/data/game_log1.json,5,cooperation,100.0,24,100.0,observed,,24
Claude Opus 4.6,PD,game_log1,RQ1_result/result/prisoners_dilemma/070101_claude-opus-4-6/data/game_log1.json,6,cooperation,100.0,24,100.0,observed,,24
Claude Opus 4.6,PD,game_log1,RQ1_result/result/prisoners_dilemma/070101_claude-opus-4-6/data/game_log1.json,7,cooperation,100.0,24,100.0,observed,,24
Claude Opus 4.6,PD,game_log1,RQ1_result/result/prisoners_dilemma/070101_claude-opus-4-6/data/game_log1.json,8,cooperation,100.0,24,100.0,observed,,24
Claude Opus 4.6,PD,game_log1,RQ1_result/result/prisoners_dilemma/070101_claude-opus-4-6/data/game_log1.json,9,cooperation,100.0,24,100.0,observed,,24
Claude Opus 4.6,PD,game_log1,RQ1_result/result/prisoners_dilemma/070101_claude-opus-4-6/data/game_log1.json,10,cooperation,100.0,24,100.0,observed,,24
Claude Opus 4.6,PD,game_log2,RQ1_result/result/prisoners_dilemma/070101_claude-opus-4-6/data/game_log2.json,1,cooperation,100.0,24,100.0,observed,,24
Claude Opus 4.6,PD,game_log2,RQ1_result/result/prisoners_dilemma/070101_claude-opus-4-6/data/game_log2.json,2,cooperation,100.0,24,100.0,observed,,24
Claude Opus 4.6,PD,game_log2,RQ1_result/result/prisoners_dilemma/070101_claude-opus-4-6/data/game_log2.json,3,cooperation,100.0,24,100.0,observed,,24
Claude Opus 4.6,PD,game_log2,RQ1_result/result/prisoners_dilemma/070101_claude-opus-4-6/data/game_log2.json,4,cooperation,100.0,24,100.0,observed,,24
Claude Opus 4.6,PD,game_log2,RQ1_result/result/prisoners_dilemma/070101_claude-opus-4-6/data/game_log2.json,5,cooperation,100.0,24,100.0,observed,,24
Claude Opus 4.6,PD,game_log2,RQ1_result/result/prisoners_dilemma/070101_claude-opus-4-6/data/game_log2.json,6,cooperation,100.0,24,100.0,observed,,24
Claude Opus 4.6,PD,game_log2,RQ1_result/result/prisoners_dilemma/070101_claude-opus-4-6/data/game_log2.json,7,cooperation,100.0,24,100.0,observed,,24
Claude Opus 4.6,PD,game_log2,RQ1_result/result/prisoners_dilemma/070101_claude-opus-4-6/data/game_log2.json,8,cooperation,100.0,24,100.0,observed,,24
Claude Opus 4.6,PD,game_log2,RQ1_result/result/prisoners_dilemma/070101_claude-opus-4-6/data/game_log2.json,9,cooperation,100.0,24,100.0,observed,,24
Claude Opus 4.6,PD,game_log2,RQ1_result/result/prisoners_dilemma/070101_claude-opus-4-6/data/game_log2.json,10,cooperation,100.0,24,100.0,observed,,24
Claude Opus 4.6,PD,game_log3,RQ1_result/result/prisoners_dilemma/070101_claude-opus-4-6/data/game_log3.json,1,cooperation,100.0,24,100.0,observed,,24
Claude Opus 4.6,PD,game_log3,RQ1_result/result/prisoners_dilemma/070101_claude-opus-4-6/data/game_log3.json,2,cooperation,100.0,24,100.0,observed,,24
Claude Opus 4.6,PD,game_log3,RQ1_result/result/prisoners_dilemma/070101_claude-opus-4-6/data/game_log3.json,3,cooperation,100.0,24,100.0,observed,,24
Claude Opus 4.6,PD,game_log3,RQ1_result/result/prisoners_dilemma/070101_claude-opus-4-6/data/game_log3.json,4,cooperation,100.0,24,100.0,observed,,24
Claude Opus 4.6,PD,game_log3,RQ1_result/result/prisoners_dilemma/070101_claude-opus-4-6/data/game_log3.json,5,cooperation,100.0,24,100.0,observed,,24
Claude Opus 4.6,PD,game_log3,RQ1_result/result/prisoners_dilemma/070101_claude-opus-4-6/data/game_log3.json,6,cooperation,100.0,24,100.0,observed,,24
Claude Opus 4.6,PD,game_log3,RQ1_result/result/prisoners_dilemma/070101_claude-opus-4-6/data/game_log3.json,7,cooperation,100.0,24,100.0,observed,,24
Claude Opus 4.6,PD,game_log3,RQ1_result/result/prisoners_dilemma/070101_claude-opus-4-6/data/game_log3.json,8,cooperation,100.0,24,100.0,observed,,24
Claude Opus 4.6,PD,game_log3,RQ1_result/result/prisoners_dilemma/070101_claude-opus-4-6/data/game_log3.json,9,cooperation,100.0,24,100.0,observed,,24
Claude Opus 4.6,PD,game_log3,RQ1_result/result/prisoners_dilemma/070101_claude-opus-4-6/data/game_log3.json,10,cooperation,100.0,24,100.0,observed,,24
Claude Opus 4.6,PGG,game_logs1,RQ1_result/result/public_goods/result_082001_claude-opus-4-6/game_logs1.json,1,contribution,0.0,24,0.0,observed,,24
Claude Opus 4.6,PGG,game_logs1,RQ1_result/result/public_goods/result_082001_claude-opus-4-6/game_logs1.json,2,contribution,0.0,24,0.0,observed,,24
Claude Opus 4.6,PGG,game_logs1,RQ1_result/result/public_goods/result_082001_claude-opus-4-6/game_logs1.json,3,contribution,0.0,24,0.0,observed,,24
Claude Opus 4.6,PGG,game_logs1,RQ1_result/result/public_goods/result_082001_claude-opus-4-6/game_logs1.json,4,contribution,0.0,24,0.0,observed,,24
Claude Opus 4.6,PGG,game_logs1,RQ1_result/result/public_goods/result_082001_claude-opus-4-6/game_logs1.json,5,contribution,0.0,24,0.0,observed,,24
Claude Opus 4.6,PGG,game_logs1,RQ1_result/result/public_goods/result_082001_claude-opus-4-6/game_logs1.json,6,contribution,0.0,24,0.0,observed,,24
Claude Opus 4.6,PGG,game_logs1,RQ1_result/result/public_goods/result_082001_claude-opus-4-6/game_logs1.json,7,contribution,0.0,24,0.0,observed,,24
Claude Opus 4.6,PGG,game_logs1,RQ1_result/result/public_goods/result_082001_claude-opus-4-6/game_logs1.json,8,contribution,0.0,24,0.0,observed,,24
Claude Opus 4.6,PGG,game_logs1,RQ1_result/result/public_goods/result_082001_claude-opus-4-6/game_logs1.json,9,contribution,0.0,24,0.0,observed,,24
Claude Opus 4.6,PGG,game_logs1,RQ1_result/result/public_goods/result_082001_claude-opus-4-6/game_logs1.json,10,contribution,0.0,24,0.0,observed,,24
Claude Opus 4.6,PGG,game_logs1,RQ1_result/result/public_goods/result_082001_claude-opus-4-6/game_logs1.json,11,contribution,0.0,24,0.0,observed,,24
Claude Opus 4.6,PGG,game_logs1,RQ1_result/result/public_goods/result_082001_claude-opus-4-6/game_logs1.json,12,contribution,0.0,24,0.0,observed,,24
Claude Opus 4.6,PGG,game_logs1,RQ1_result/result/public_goods/result_082001_claude-opus-4-6/game_logs1.json,13,contribution,0.0,24,0.0,observed,,24
Claude Opus 4.6,PGG,game_logs1,RQ1_result/result/public_goods/result_082001_claude-opus-4-6/game_logs1.json,14,contribution,0.0,24,0.0,observed,,24
Claude Opus 4.6,PGG,game_logs1,RQ1_result/result/public_goods/result_082001_claude-opus-4-6/game_logs1.json,15,contribution,0.0,24,0.0,observed,,24
Claude Opus 4.6,PGG,game_logs1,RQ1_result/result/public_goods/result_082001_claude-opus-4-6/game_logs1.json,16,contribution,0.0,24,0.0,observed,,24
Claude Opus 4.6,PGG,game_logs1,RQ1_result/result/public_goods/result_082001_claude-opus-4-6/game_logs1.json,17,contribution,0.0,24,0.0,observed,,24
Claude Opus 4.6,PGG,game_logs1,RQ1_result/result/public_goods/result_082001_claude-opus-4-6/game_logs1.json,18,contribution,0.0,24,0.0,observed,,24
Claude Opus 4.6,PGG,game_logs1,RQ1_result/result/public_goods/result_082001_claude-opus-4-6/game_logs1.json,19,contribution,0.0,24,0.0,observed,,24
Claude Opus 4.6,PGG,game_logs1,RQ1_result/result/public_goods/result_082001_claude-opus-4-6/game_logs1.json,20,contribution,0.0,24,0.0,observed,,24
Claude Opus 4.6,PGG,game_logs1,RQ1_result/result/public_goods/result_082001_claude-opus-4-6/game_logs1.json,21,contribution,0.0,24,0.0,observed,,24
Claude Opus 4.6,PGG,game_logs1,RQ1_result/result/public_goods/result_082001_claude-opus-4-6/game_logs1.json,22,contribution,0.0,24,0.0,observed,,24
Claude Opus 4.6,PGG,game_logs1,RQ1_result/result/public_goods/result_082001_claude-opus-4-6/game_logs1.json,23,contribution,0.0,24,0.0,observed,,24
Claude Opus 4.6,PGG,game_logs1,RQ1_result/result/public_goods/result_082001_claude-opus-4-6/game_logs1.json,24,contribution,0.0,24,0.0,observed,,24
Claude Opus 4.6,PGG,game_logs1,RQ1_result/result/public_goods/result_082001_claude-opus-4-6/game_logs1.json,25,contribution,0.0,24,0.0,observed,,24
Claude Opus 4.6,PGG,game_logs1,RQ1_result/result/public_goods/result_082001_claude-opus-4-6/game_logs1.json,26,contribution,0.0,24,0.0,observed,,24
Claude Opus 4.6,PGG,game_logs1,RQ1_result/result/public_goods/result_082001_claude-opus-4-6/game_logs1.json,27,contribution,0.0,24,0.0,observed,,24
Claude Opus 4.6,PGG,game_logs1,RQ1_result/result/public_goods/result_082001_claude-opus-4-6/game_logs1.json,28,contribution,0.0,24,0.0,observed,,24
Claude Opus 4.6,PGG,game_logs1,RQ1_result/result/public_goods/result_082001_claude-opus-4-6/game_logs1.json,29,contribution,0.0,24,0.0,observed,,24
Claude Opus 4.6,PGG,game_logs1,RQ1_result/result/public_goods/result_082001_claude-opus-4-6/game_logs1.json,30,contribution,0.0,24,0.0,observed,,24
Claude Opus 4.6,PGG,game_logs2,RQ1_result/result/public_goods/result_082001_claude-opus-4-6/game_logs2.json,1,contribution,0.0,24,0.0,observed,,24
Claude Opus 4.6,PGG,game_logs2,RQ1_result/result/public_goods/result_082001_claude-opus-4-6/game_logs2.json,2,contribution,0.0,24,0.0,observed,,24
Claude Opus 4.6,PGG,game_logs2,RQ1_result/result/public_goods/result_082001_claude-opus-4-6/game_logs2.json,3,contribution,0.0,24,0.0,observed,,24
Claude Opus 4.6,PGG,game_logs2,RQ1_result/result/public_goods/result_082001_claude-opus-4-6/game_logs2.json,4,contribution,0.0,24,0.0,observed,,24
Claude Opus 4.6,PGG,game_logs2,RQ1_result/result/public_goods/result_082001_claude-opus-4-6/game_logs2.json,5,contribution,0.0,24,0.0,observed,,24
Claude Opus 4.6,PGG,game_logs2,RQ1_result/result/public_goods/result_082001_claude-opus-4-6/game_logs2.json,6,contribution,0.0,24,0.0,observed,,24
Claude Opus 4.6,PGG,game_logs2,RQ1_result/result/public_goods/result_082001_claude-opus-4-6/game_logs2.json,7,contribution,0.0,24,0.0,observed,,24
Claude Opus 4.6,PGG,game_logs2,RQ1_result/result/public_goods/result_082001_claude-opus-4-6/game_logs2.json,8,contribution,0.0,24,0.0,observed,,24
Claude Opus 4.6,PGG,game_logs2,RQ1_result/result/public_goods/result_082001_claude-opus-4-6/game_logs2.json,9,contribution,0.0,24,0.0,observed,,24
Claude Opus 4.6,PGG,game_logs2,RQ1_result/result/public_goods/result_082001_claude-opus-4-6/game_logs2.json,10,contribution,0.0,24,0.0,observed,,24
Claude Opus 4.6,PGG,game_logs2,RQ1_result/result/public_goods/result_082001_claude-opus-4-6/game_logs2.json,11,contribution,0.0,24,0.0,observed,,24
Claude Opus 4.6,PGG,game_logs2,RQ1_result/result/public_goods/result_082001_claude-opus-4-6/game_logs2.json,12,contribution,0.0,24,0.0,observed,,24
Claude Opus 4.6,PGG,game_logs2,RQ1_result/result/public_goods/result_082001_claude-opus-4-6/game_logs2.json,13,contribution,0.0,24,0.0,observed,,24
Claude Opus 4.6,PGG,game_logs2,RQ1_result/result/public_goods/result_082001_claude-opus-4-6/game_logs2.json,14,contribution,0.0,24,0.0,observed,,24
Claude Opus 4.6,PGG,game_logs2,RQ1_result/result/public_goods/result_082001_claude-opus-4-6/game_logs2.json,15,contribution,0.0,24,0.0,observed,,24
Claude Opus 4.6,PGG,game_logs2,RQ1_result/result/public_goods/result_082001_claude-opus-4-6/game_logs2.json,16,contribution,0.0,24,0.0,observed,,24
Claude Opus 4.6,PGG,game_logs2,RQ1_result/result/public_goods/result_082001_claude-opus-4-6/game_logs2.json,17,contribution,0.0,24,0.0,observed,,24
Claude Opus 4.6,PGG,game_logs2,RQ1_result/result/public_goods/result_082001_claude-opus-4-6/game_logs2.json,18,contribution,0.0,24,0.0,observed,,24
Claude Opus 4.6,PGG,game_logs2,RQ1_result/result/public_goods/result_082001_claude-opus-4-6/game_logs2.json,19,contribution,0.0,24,0.0,observed,,24
Claude Opus 4.6,PGG,game_logs2,RQ1_result/result/public_goods/result_082001_claude-opus-4-6/game_logs2.json,20,contribution,0.0,24,0.0,observed,,24
Claude Opus 4.6,PGG,game_logs2,RQ1_result/result/public_goods/result_082001_claude-opus-4-6/game_logs2.json,21,contribution,0.0,24,0.0,observed,,24
Claude Opus 4.6,PGG,game_logs2,RQ1_result/result/public_goods/result_082001_claude-opus-4-6/game_logs2.json,22,contribution,0.0,24,0.0,observed,,24
Claude Opus 4.6,PGG,game_logs2,RQ1_result/result/public_goods/result_082001_claude-opus-4-6/game_logs2.json,23,contribution,0.0,24,0.0,observed,,24
Claude Opus 4.6,PGG,game_logs2,RQ1_result/result/public_goods/result_082001_claude-opus-4-6/game_logs2.json,24,contribution,0.0,24,0.0,observed,,24
Claude Opus 4.6,PGG,game_logs2,RQ1_result/result/public_goods/result_082001_claude-opus-4-6/game_logs2.json,25,contribution,0.0,24,0.0,observed,,24
Claude Opus 4.6,PGG,game_logs2,RQ1_result/result/public_goods/result_082001_claude-opus-4-6/game_logs2.json,26,contribution,0.0,24,0.0,observed,,24
Claude Opus 4.6,PGG,game_logs2,RQ1_result/result/public_goods/result_082001_claude-opus-4-6/game_logs2.json,27,contribution,0.0,24,0.0,observed,,24
Claude Opus 4.6,PGG,game_logs2,RQ1_result/result/public_goods/result_082001_claude-opus-4-6/game_logs2.json,28,contribution,0.0,24,0.0,observed,,24
Claude Opus 4.6,PGG,game_logs2,RQ1_result/result/public_goods/result_082001_claude-opus-4-6/game_logs2.json,29,contribution,0.0,24,0.0,observed,,24
Claude Opus 4.6,PGG,game_logs2,RQ1_result/result/public_goods/result_082001_claude-opus-4-6/game_logs2.json,30,contribution,0.0,24,0.0,observed,,24
Claude Opus 4.6,PGG,game_logs3,RQ1_result/result/public_goods/result_082001_claude-opus-4-6/game_logs3.json,1,contribution,0.0,24,0.0,observed,,24
Claude Opus 4.6,PGG,game_logs3,RQ1_result/result/public_goods/result_082001_claude-opus-4-6/game_logs3.json,2,contribution,0.0,24,0.0,observed,,24
Claude Opus 4.6,PGG,game_logs3,RQ1_result/result/public_goods/result_082001_claude-opus-4-6/game_logs3.json,3,contribution,0.0,24,0.0,observed,,24
Claude Opus 4.6,PGG,game_logs3,RQ1_result/result/public_goods/result_082001_claude-opus-4-6/game_logs3.json,4,contribution,0.0,24,0.0,observed,,24
Claude Opus 4.6,PGG,game_logs3,RQ1_result/result/public_goods/result_082001_claude-opus-4-6/game_logs3.json,5,contribution,0.0,24,0.0,observed,,24
Claude Opus 4.6,PGG,game_logs3,RQ1_result/result/public_goods/result_082001_claude-opus-4-6/game_logs3.json,6,contribution,0.0,24,0.0,observed,,24
Claude Opus 4.6,PGG,game_logs3,RQ1_result/result/public_goods/result_082001_claude-opus-4-6/game_logs3.json,7,contribution,0.0,24,0.0,observed,,24
Claude Opus 4.6,PGG,game_logs3,RQ1_result/result/public_goods/result_082001_claude-opus-4-6/game_logs3.json,8,contribution,0.0,24,0.0,observed,,24
Claude Opus 4.6,PGG,game_logs3,RQ1_result/result/public_goods/result_082001_claude-opus-4-6/game_logs3.json,9,contribution,0.0,24,0.0,observed,,24
Claude Opus 4.6,PGG,game_logs3,RQ1_result/result/public_goods/result_082001_claude-opus-4-6/game_logs3.json,10,contribution,0.0,24,0.0,observed,,24
Claude Opus 4.6,PGG,game_logs3,RQ1_result/result/public_goods/result_082001_claude-opus-4-6/game_logs3.json,11,contribution,0.0,24,0.0,observed,,24
Claude Opus 4.6,PGG,game_logs3,RQ1_result/result/public_goods/result_082001_claude-opus-4-6/game_logs3.json,12,contribution,0.0,24,0.0,observed,,24
Claude Opus 4.6,PGG,game_logs3,RQ1_result/result/public_goods/result_082001_claude-opus-4-6/game_logs3.json,13,contribution,0.0,24,0.0,observed,,24
Claude Opus 4.6,PGG,game_logs3,RQ1_result/result/public_goods/result_082001_claude-opus-4-6/game_logs3.json,14,contribution,0.0,24,0.0,observed,,24
Claude Opus 4.6,PGG,game_logs3,RQ1_result/result/public_goods/result_082001_claude-opus-4-6/game_logs3.json,15,contribution,0.0,24,0.0,observed,,24
Claude Opus 4.6,PGG,game_logs3,RQ1_result/result/public_goods/result_082001_claude-opus-4-6/game_logs3.json,16,contribution,0.0,24,0.0,observed,,24
Claude Opus 4.6,PGG,game_logs3,RQ1_result/result/public_goods/result_082001_claude-opus-4-6/game_logs3.json,17,contribution,0.0,24,0.0,observed,,24
Claude Opus 4.6,PGG,game_logs3,RQ1_result/result/public_goods/result_082001_claude-opus-4-6/game_logs3.json,18,contribution,0.0,24,0.0,observed,,24
Claude Opus 4.6,PGG,game_logs3,RQ1_result/result/public_goods/result_082001_claude-opus-4-6/game_logs3.json,19,contribution,0.0,24,0.0,observed,,24
Claude Opus 4.6,PGG,game_logs3,RQ1_result/result/public_goods/result_082001_claude-opus-4-6/game_logs3.json,20,contribution,0.0,24,0.0,observed,,24
Claude Opus 4.6,PGG,game_logs3,RQ1_result/result/public_goods/result_082001_claude-opus-4-6/game_logs3.json,21,contribution,0.0,24,0.0,observed,,24
Claude Opus 4.6,PGG,game_logs3,RQ1_result/result/public_goods/result_082001_claude-opus-4-6/game_logs3.json,22,contribution,0.0,24,0.0,observed,,24
Claude Opus 4.6,PGG,game_logs3,RQ1_result/result/public_goods/result_082001_claude-opus-4-6/game_logs3.json,23,contribution,0.0,24,0.0,observed,,24
Claude Opus 4.6,PGG,game_logs3,RQ1_result/result/public_goods/result_082001_claude-opus-4-6/game_logs3.json,24,contribution,0.0,24,0.0,observed,,24
Claude Opus 4.6,PGG,game_logs3,RQ1_result/result/public_goods/result_082001_claude-opus-4-6/game_logs3.json,25,contribution,0.0,24,0.0,observed,,24
Claude Opus 4.6,PGG,game_logs3,RQ1_result/result/public_goods/result_082001_claude-opus-4-6/game_logs3.json,26,contribution,0.0,24,0.0,observed,,24
Claude Opus 4.6,PGG,game_logs3,RQ1_result/result/public_goods/result_082001_claude-opus-4-6/game_logs3.json,27,contribution,0.0,24,0.0,observed,,24
Claude Opus 4.6,PGG,game_logs3,RQ1_result/result/public_goods/result_082001_claude-opus-4-6/game_logs3.json,28,contribution,0.0,24,0.0,observed,,24
Claude Opus 4.6,PGG,game_logs3,RQ1_result/result/public_goods/result_082001_claude-opus-4-6/game_logs3.json,29,contribution,0.0,24,0.0,observed,,24
Claude Opus 4.6,PGG,game_logs3,RQ1_result/result/public_goods/result_082001_claude-opus-4-6/game_logs3.json,30,contribution,0.0,24,0.0,observed,,24
Claude Opus 4.6,TG,game_log1,RQ1_result/result/trust_game/083102_claude-opus-4-6/data/game_log1.json,1,sender,50.0,12,50.0,observed,,12
Claude Opus 4.6,TG,game_log1,RQ1_result/result/trust_game/083102_claude-opus-4-6/data/game_log1.json,1,receiver,33.33333333333333,12,33.33333333333333,observed,,12
Claude Opus 4.6,TG,game_log1,RQ1_result/result/trust_game/083102_claude-opus-4-6/data/game_log1.json,2,sender,47.5,12,47.5,observed,,12
Claude Opus 4.6,TG,game_log1,RQ1_result/result/trust_game/083102_claude-opus-4-6/data/game_log1.json,2,receiver,35.41666666666667,12,35.41666666666667,observed,,12
Claude Opus 4.6,TG,game_log1,RQ1_result/result/trust_game/083102_claude-opus-4-6/data/game_log1.json,3,sender,48.333333333333336,12,48.333333333333336,observed,,12
Claude Opus 4.6,TG,game_log1,RQ1_result/result/trust_game/083102_claude-opus-4-6/data/game_log1.json,3,receiver,33.05555555555556,12,33.05555555555556,observed,,12
Claude Opus 4.6,TG,game_log1,RQ1_result/result/trust_game/083102_claude-opus-4-6/data/game_log1.json,4,sender,43.333333333333336,12,43.333333333333336,observed,,12
Claude Opus 4.6,TG,game_log1,RQ1_result/result/trust_game/083102_claude-opus-4-6/data/game_log1.json,4,receiver,27.500000000000004,12,27.500000000000004,observed,,12
Claude Opus 4.6,TG,game_log1,RQ1_result/result/trust_game/083102_claude-opus-4-6/data/game_log1.json,5,sender,38.333333333333336,12,38.333333333333336,observed,,12
Claude Opus 4.6,TG,game_log1,RQ1_result/result/trust_game/083102_claude-opus-4-6/data/game_log1.json,5,receiver,26.805555555555554,12,26.805555555555554,observed,,12
Claude Opus 4.6,TG,game_log1,RQ1_result/result/trust_game/083102_claude-opus-4-6/data/game_log1.json,6,sender,31.666666666666664,12,31.666666666666664,observed,,12
Claude Opus 4.6,TG,game_log1,RQ1_result/result/trust_game/083102_claude-opus-4-6/data/game_log1.json,6,receiver,33.33333333333333,12,33.33333333333333,observed,,12
Claude Opus 4.6,TG,game_log1,RQ1_result/result/trust_game/083102_claude-opus-4-6/data/game_log1.json,7,sender,35.833333333333336,12,35.833333333333336,observed,,12
Claude Opus 4.6,TG,game_log1,RQ1_result/result/trust_game/083102_claude-opus-4-6/data/game_log1.json,7,receiver,31.66666666666667,12,31.66666666666667,observed,,12
Claude Opus 4.6,TG,game_log1,RQ1_result/result/trust_game/083102_claude-opus-4-6/data/game_log1.json,8,sender,44.166666666666664,12,44.166666666666664,observed,,12
Claude Opus 4.6,TG,game_log1,RQ1_result/result/trust_game/083102_claude-opus-4-6/data/game_log1.json,8,receiver,29.583333333333332,12,29.583333333333332,observed,,12
Claude Opus 4.6,TG,game_log1,RQ1_result/result/trust_game/083102_claude-opus-4-6/data/game_log1.json,9,sender,45.0,12,45.0,observed,,12
Claude Opus 4.6,TG,game_log1,RQ1_result/result/trust_game/083102_claude-opus-4-6/data/game_log1.json,9,receiver,33.05555555555556,12,33.05555555555556,observed,,12
Claude Opus 4.6,TG,game_log1,RQ1_result/result/trust_game/083102_claude-opus-4-6/data/game_log1.json,10,sender,43.333333333333336,12,43.333333333333336,observed,,12
Claude Opus 4.6,TG,game_log1,RQ1_result/result/trust_game/083102_claude-opus-4-6/data/game_log1.json,10,receiver,31.66666666666667,12,31.66666666666667,observed,,12
Claude Opus 4.6,TG,game_log1,RQ1_result/result/trust_game/083102_claude-opus-4-6/data/game_log1.json,11,sender,33.33333333333333,12,33.33333333333333,observed,,12
Claude Opus 4.6,TG,game_log1,RQ1_result/result/trust_game/083102_claude-opus-4-6/data/game_log1.json,11,receiver,32.777777777777786,12,32.777777777777786,observed,,12
Claude Opus 4.6,TG,game_log1,RQ1_result/result/trust_game/083102_claude-opus-4-6/data/game_log1.json,12,sender,36.66666666666667,12,36.66666666666667,observed,,12
Claude Opus 4.6,TG,game_log1,RQ1_result/result/trust_game/083102_claude-opus-4-6/data/game_log1.json,12,receiver,35.555555555555564,12,35.555555555555564,observed,,12
Claude Opus 4.6,TG,game_log1,RQ1_result/result/trust_game/083102_claude-opus-4-6/data/game_log1.json,13,sender,46.666666666666664,12,46.666666666666664,observed,,12
Claude Opus 4.6,TG,game_log1,RQ1_result/result/trust_game/083102_claude-opus-4-6/data/game_log1.json,13,receiver,33.33333333333333,12,33.33333333333333,observed,,12
Claude Opus 4.6,TG,game_log1,RQ1_result/result/trust_game/083102_claude-opus-4-6/data/game_log1.json,14,sender,25.833333333333336,12,25.833333333333336,observed,,12
Claude Opus 4.6,TG,game_log1,RQ1_result/result/trust_game/083102_claude-opus-4-6/data/game_log1.json,14,receiver,33.939393939393945,11,33.939393939393945,observed,,11
Claude Opus 4.6,TG,game_log1,RQ1_result/result/trust_game/083102_claude-opus-4-6/data/game_log1.json,15,sender,30.0,12,30.0,observed,,12
Claude Opus 4.6,TG,game_log1,RQ1_result/result/trust_game/083102_claude-opus-4-6/data/game_log1.json,15,receiver,34.44444444444445,12,34.44444444444445,observed,,12
Claude Opus 4.6,TG,game_log1,RQ1_result/result/trust_game/083102_claude-opus-4-6/data/game_log1.json,16,sender,39.166666666666664,12,39.166666666666664,observed,,12
Claude Opus 4.6,TG,game_log1,RQ1_result/result/trust_game/083102_claude-opus-4-6/data/game_log1.json,16,receiver,31.66666666666667,12,31.66666666666667,observed,,12
Claude Opus 4.6,TG,game_log1,RQ1_result/result/trust_game/083102_claude-opus-4-6/data/game_log1.json,17,sender,20.000000000000004,12,20.000000000000004,observed,,12
Claude Opus 4.6,TG,game_log1,RQ1_result/result/trust_game/083102_claude-opus-4-6/data/game_log1.json,17,receiver,25.000000000000007,12,25.000000000000007,observed,,12
Claude Opus 4.6,TG,game_log1,RQ1_result/result/trust_game/083102_claude-opus-4-6/data/game_log1.json,18,sender,16.66666666666667,12,16.66666666666667,observed,,12
Claude Opus 4.6,TG,game_log1,RQ1_result/result/trust_game/083102_claude-opus-4-6/data/game_log1.json,18,receiver,31.11111111111111,12,31.11111111111111,observed,,12
Claude Opus 4.6,TG,game_log1,RQ1_result/result/trust_game/083102_claude-opus-4-6/data/game_log1.json,19,sender,30.0,12,30.0,observed,,12
Claude Opus 4.6,TG,game_log1,RQ1_result/result/trust_game/083102_claude-opus-4-6/data/game_log1.json,19,receiver,31.66666666666667,12,31.66666666666667,observed,,12
Claude Opus 4.6,TG,game_log1,RQ1_result/result/trust_game/083102_claude-opus-4-6/data/game_log1.json,20,sender,29.166666666666668,12,29.166666666666668,observed,,12
Claude Opus 4.6,TG,game_log1,RQ1_result/result/trust_game/083102_claude-opus-4-6/data/game_log1.json,20,receiver,34.545454545454554,11,34.545454545454554,observed,,11
Claude Opus 4.6,TG,game_log1,RQ1_result/result/trust_game/083102_claude-opus-4-6/data/game_log1.json,21,sender,23.333333333333336,12,23.333333333333336,observed,,12
Claude Opus 4.6,TG,game_log1,RQ1_result/result/trust_game/083102_claude-opus-4-6/data/game_log1.json,21,receiver,29.444444444444446,12,29.444444444444446,observed,,12
Claude Opus 4.6,TG,game_log1,RQ1_result/result/trust_game/083102_claude-opus-4-6/data/game_log1.json,22,sender,30.0,12,30.0,observed,,12
Claude Opus 4.6,TG,game_log1,RQ1_result/result/trust_game/083102_claude-opus-4-6/data/game_log1.json,22,receiver,32.77777777777778,12,32.77777777777778,observed,,12
Claude Opus 4.6,TG,game_log1,RQ1_result/result/trust_game/083102_claude-opus-4-6/data/game_log1.json,23,sender,20.833333333333336,12,20.833333333333336,observed,,12
Claude Opus 4.6,TG,game_log1,RQ1_result/result/trust_game/083102_claude-opus-4-6/data/game_log1.json,23,receiver,33.5,10,33.5,observed,,10
Claude Opus 4.6,TG,game_log1,RQ1_result/result/trust_game/083102_claude-opus-4-6/data/game_log1.json,24,sender,26.666666666666668,12,26.666666666666668,observed,,12
Claude Opus 4.6,TG,game_log1,RQ1_result/result/trust_game/083102_claude-opus-4-6/data/game_log1.json,24,receiver,31.111111111111118,12,31.111111111111118,observed,,12
Claude Opus 4.6,TG,game_log1,RQ1_result/result/trust_game/083102_claude-opus-4-6/data/game_log1.json,25,sender,36.66666666666667,12,36.66666666666667,observed,,12
Claude Opus 4.6,TG,game_log1,RQ1_result/result/trust_game/083102_claude-opus-4-6/data/game_log1.json,25,receiver,36.11111111111111,12,36.11111111111111,observed,,12
Claude Opus 4.6,TG,game_log1,RQ1_result/result/trust_game/083102_claude-opus-4-6/data/game_log1.json,26,sender,20.000000000000004,12,20.000000000000004,observed,,12
Claude Opus 4.6,TG,game_log1,RQ1_result/result/trust_game/083102_claude-opus-4-6/data/game_log1.json,26,receiver,33.33333333333333,12,33.33333333333333,observed,,12
Claude Opus 4.6,TG,game_log1,RQ1_result/result/trust_game/083102_claude-opus-4-6/data/game_log1.json,27,sender,51.66666666666666,12,51.66666666666666,observed,,12
Claude Opus 4.6,TG,game_log1,RQ1_result/result/trust_game/083102_claude-opus-4-6/data/game_log1.json,27,receiver,17.222222222222218,12,17.222222222222218,observed,,12
Claude Opus 4.6,TG,game_log1,RQ1_result/result/trust_game/083102_claude-opus-4-6/data/game_log1.json,28,sender,34.16666666666667,12,34.16666666666667,observed,,12
Claude Opus 4.6,TG,game_log1,RQ1_result/result/trust_game/083102_claude-opus-4-6/data/game_log1.json,28,receiver,31.060606060606062,11,31.060606060606062,observed,,11
Claude Opus 4.6,TG,game_log1,RQ1_result/result/trust_game/083102_claude-opus-4-6/data/game_log1.json,29,sender,20.000000000000004,12,20.000000000000004,observed,,12
Claude Opus 4.6,TG,game_log1,RQ1_result/result/trust_game/083102_claude-opus-4-6/data/game_log1.json,29,receiver,33.888888888888886,12,33.888888888888886,observed,,12
Claude Opus 4.6,TG,game_log1,RQ1_result/result/trust_game/083102_claude-opus-4-6/data/game_log1.json,30,sender,23.333333333333336,12,23.333333333333336,observed,,12
Claude Opus 4.6,TG,game_log1,RQ1_result/result/trust_game/083102_claude-opus-4-6/data/game_log1.json,30,receiver,26.111111111111114,12,26.111111111111114,observed,,12
Claude Opus 4.6,TG,game_log2,RQ1_result/result/trust_game/083102_claude-opus-4-6/data/game_log2.json,1,sender,50.0,12,50.0,observed,,12
Claude Opus 4.6,TG,game_log2,RQ1_result/result/trust_game/083102_claude-opus-4-6/data/game_log2.json,1,receiver,36.11111111111111,12,36.11111111111111,observed,,12
Claude Opus 4.6,TG,game_log2,RQ1_result/result/trust_game/083102_claude-opus-4-6/data/game_log2.json,2,sender,49.16666666666667,12,49.16666666666667,observed,,12
Claude Opus 4.6,TG,game_log2,RQ1_result/result/trust_game/083102_claude-opus-4-6/data/game_log2.json,2,receiver,31.250000000000007,12,31.250000000000007,observed,,12
Claude Opus 4.6,TG,game_log2,RQ1_result/result/trust_game/083102_claude-opus-4-6/data/game_log2.json,3,sender,42.5,12,42.5,observed,,12
Claude Opus 4.6,TG,game_log2,RQ1_result/result/trust_game/083102_claude-opus-4-6/data/game_log2.json,3,receiver,35.13888888888889,12,35.13888888888889,observed,,12
Claude Opus 4.6,TG,game_log2,RQ1_result/result/trust_game/083102_claude-opus-4-6/data/game_log2.json,4,sender,41.66666666666667,12,41.66666666666667,observed,,12
Claude Opus 4.6,TG,game_log2,RQ1_result/result/trust_game/083102_claude-opus-4-6/data/game_log2.json,4,receiver,24.02777777777778,12,24.02777777777778,observed,,12
Claude Opus 4.6,TG,game_log2,RQ1_result/result/trust_game/083102_claude-opus-4-6/data/game_log2.json,5,sender,40.0,12,40.0,observed,,12
Claude Opus 4.6,TG,game_log2,RQ1_result/result/trust_game/083102_claude-opus-4-6/data/game_log2.json,5,receiver,25.55555555555556,12,25.55555555555556,observed,,12
Claude Opus 4.6,TG,game_log2,RQ1_result/result/trust_game/083102_claude-opus-4-6/data/game_log2.json,6,sender,41.66666666666666,12,41.66666666666666,observed,,12
Claude Opus 4.6,TG,game_log2,RQ1_result/result/trust_game/083102_claude-opus-4-6/data/game_log2.json,6,receiver,32.5,12,32.5,observed,,12
Claude Opus 4.6,TG,game_log2,RQ1_result/result/trust_game/083102_claude-opus-4-6/data/game_log2.json,7,sender,38.33333333333333,12,38.33333333333333,observed,,12
Claude Opus 4.6,TG,game_log2,RQ1_result/result/trust_game/083102_claude-opus-4-6/data/game_log2.json,7,receiver,29.72222222222222,12,29.72222222222222,observed,,12
Claude Opus 4.6,TG,game_log2,RQ1_result/result/trust_game/083102_claude-opus-4-6/data/game_log2.json,8,sender,35.0,12,35.0,observed,,12
Claude Opus 4.6,TG,game_log2,RQ1_result/result/trust_game/083102_claude-opus-4-6/data/game_log2.json,8,receiver,34.02777777777777,12,34.02777777777777,observed,,12
Claude Opus 4.6,TG,game_log2,RQ1_result/result/trust_game/083102_claude-opus-4-6/data/game_log2.json,9,sender,39.166666666666664,12,39.166666666666664,observed,,12
Claude Opus 4.6,TG,game_log2,RQ1_result/result/trust_game/083102_claude-opus-4-6/data/game_log2.json,9,receiver,33.47222222222222,12,33.47222222222222,observed,,12
Claude Opus 4.6,TG,game_log2,RQ1_result/result/trust_game/083102_claude-opus-4-6/data/game_log2.json,10,sender,37.5,12,37.5,observed,,12
Claude Opus 4.6,TG,game_log2,RQ1_result/result/trust_game/083102_claude-opus-4-6/data/game_log2.json,10,receiver,25.55555555555556,12,25.55555555555556,observed,,12
Claude Opus 4.6,TG,game_log2,RQ1_result/result/trust_game/083102_claude-opus-4-6/data/game_log2.json,11,sender,42.5,12,42.5,observed,,12
Claude Opus 4.6,TG,game_log2,RQ1_result/result/trust_game/083102_claude-opus-4-6/data/game_log2.json,11,receiver,42.42424242424242,11,42.42424242424242,observed,,11
Claude Opus 4.6,TG,game_log2,RQ1_result/result/trust_game/083102_claude-opus-4-6/data/game_log2.json,12,sender,34.99999999999999,12,34.99999999999999,observed,,12
Claude Opus 4.6,TG,game_log2,RQ1_result/result/trust_game/083102_claude-opus-4-6/data/game_log2.json,12,receiver,35.303030303030305,11,35.303030303030305,observed,,11
Claude Opus 4.6,TG,game_log2,RQ1_result/result/trust_game/083102_claude-opus-4-6/data/game_log2.json,13,sender,33.33333333333333,12,33.33333333333333,observed,,12
Claude Opus 4.6,TG,game_log2,RQ1_result/result/trust_game/083102_claude-opus-4-6/data/game_log2.json,13,receiver,27.777777777777786,12,27.777777777777786,observed,,12
Claude Opus 4.6,TG,game_log2,RQ1_result/result/trust_game/083102_claude-opus-4-6/data/game_log2.json,14,sender,33.33333333333333,12,33.33333333333333,observed,,12
Claude Opus 4.6,TG,game_log2,RQ1_result/result/trust_game/083102_claude-opus-4-6/data/game_log2.json,14,receiver,34.44444444444445,12,34.44444444444445,observed,,12
Claude Opus 4.6,TG,game_log2,RQ1_result/result/trust_game/083102_claude-opus-4-6/data/game_log2.json,15,sender,31.66666666666667,12,31.66666666666667,observed,,12
Claude Opus 4.6,TG,game_log2,RQ1_result/result/trust_game/083102_claude-opus-4-6/data/game_log2.json,15,receiver,35.151515151515156,11,35.151515151515156,observed,,11
Claude Opus 4.6,TG,game_log2,RQ1_result/result/trust_game/083102_claude-opus-4-6/data/game_log2.json,16,sender,23.333333333333336,12,23.333333333333336,observed,,12
Claude Opus 4.6,TG,game_log2,RQ1_result/result/trust_game/083102_claude-opus-4-6/data/game_log2.json,16,receiver,33.88888888888889,12,33.88888888888889,observed,,12
Claude Opus 4.6,TG,game_log2,RQ1_result/result/trust_game/083102_claude-opus-4-6/data/game_log2.json,17,sender,30.000000000000004,12,30.000000000000004,observed,,12
Claude Opus 4.6,TG,game_log2,RQ1_result/result/trust_game/083102_claude-opus-4-6/data/game_log2.json,17,receiver,30.000000000000004,12,30.000000000000004,observed,,12
Claude Opus 4.6,TG,game_log2,RQ1_result/result/trust_game/083102_claude-opus-4-6/data/game_log2.json,18,sender,36.66666666666667,12,36.66666666666667,observed,,12
Claude Opus 4.6,TG,game_log2,RQ1_result/result/trust_game/083102_claude-opus-4-6/data/game_log2.json,18,receiver,37.77777777777778,12,37.77777777777778,observed,,12
Claude Opus 4.6,TG,game_log2,RQ1_result/result/trust_game/083102_claude-opus-4-6/data/game_log2.json,19,sender,33.33333333333333,12,33.33333333333333,observed,,12
Claude Opus 4.6,TG,game_log2,RQ1_result/result/trust_game/083102_claude-opus-4-6/data/game_log2.json,19,receiver,34.44444444444445,12,34.44444444444445,observed,,12
Claude Opus 4.6,TG,game_log2,RQ1_result/result/trust_game/083102_claude-opus-4-6/data/game_log2.json,20,sender,32.5,12,32.5,observed,,12
Claude Opus 4.6,TG,game_log2,RQ1_result/result/trust_game/083102_claude-opus-4-6/data/game_log2.json,20,receiver,32.916666666666664,12,32.916666666666664,observed,,12
Claude Opus 4.6,TG,game_log2,RQ1_result/result/trust_game/083102_claude-opus-4-6/data/game_log2.json,21,sender,26.666666666666668,12,26.666666666666668,observed,,12
Claude Opus 4.6,TG,game_log2,RQ1_result/result/trust_game/083102_claude-opus-4-6/data/game_log2.json,21,receiver,31.111111111111118,12,31.111111111111118,observed,,12
Claude Opus 4.6,TG,game_log2,RQ1_result/result/trust_game/083102_claude-opus-4-6/data/game_log2.json,22,sender,27.500000000000007,12,27.500000000000007,observed,,12
Claude Opus 4.6,TG,game_log2,RQ1_result/result/trust_game/083102_claude-opus-4-6/data/game_log2.json,22,receiver,35.83333333333334,12,35.83333333333334,observed,,12
Claude Opus 4.6,TG,game_log2,RQ1_result/result/trust_game/083102_claude-opus-4-6/data/game_log2.json,23,sender,26.666666666666668,12,26.666666666666668,observed,,12
Claude Opus 4.6,TG,game_log2,RQ1_result/result/trust_game/083102_claude-opus-4-6/data/game_log2.json,23,receiver,29.444444444444446,12,29.444444444444446,observed,,12
Claude Opus 4.6,TG,game_log2,RQ1_result/result/trust_game/083102_claude-opus-4-6/data/game_log2.json,24,sender,23.333333333333336,12,23.333333333333336,observed,,12
Claude Opus 4.6,TG,game_log2,RQ1_result/result/trust_game/083102_claude-opus-4-6/data/game_log2.json,24,receiver,30.555555555555557,12,30.555555555555557,observed,,12
Claude Opus 4.6,TG,game_log2,RQ1_result/result/trust_game/083102_claude-opus-4-6/data/game_log2.json,25,sender,26.666666666666668,12,26.666666666666668,observed,,12
Claude Opus 4.6,TG,game_log2,RQ1_result/result/trust_game/083102_claude-opus-4-6/data/game_log2.json,25,receiver,33.88888888888889,12,33.88888888888889,observed,,12
Claude Opus 4.6,TG,game_log2,RQ1_result/result/trust_game/083102_claude-opus-4-6/data/game_log2.json,26,sender,22.5,12,22.5,observed,,12
Claude Opus 4.6,TG,game_log2,RQ1_result/result/trust_game/083102_claude-opus-4-6/data/game_log2.json,26,receiver,30.138888888888893,12,30.138888888888893,observed,,12
Claude Opus 4.6,TG,game_log2,RQ1_result/result/trust_game/083102_claude-opus-4-6/data/game_log2.json,27,sender,20.000000000000004,12,20.000000000000004,observed,,12
Claude Opus 4.6,TG,game_log2,RQ1_result/result/trust_game/083102_claude-opus-4-6/data/game_log2.json,27,receiver,31.66666666666667,12,31.66666666666667,observed,,12
Claude Opus 4.6,TG,game_log2,RQ1_result/result/trust_game/083102_claude-opus-4-6/data/game_log2.json,28,sender,23.333333333333336,12,23.333333333333336,observed,,12
Claude Opus 4.6,TG,game_log2,RQ1_result/result/trust_game/083102_claude-opus-4-6/data/game_log2.json,28,receiver,32.22222222222222,12,32.22222222222222,observed,,12
Claude Opus 4.6,TG,game_log2,RQ1_result/result/trust_game/083102_claude-opus-4-6/data/game_log2.json,29,sender,20.833333333333336,12,20.833333333333336,observed,,12
Claude Opus 4.6,TG,game_log2,RQ1_result/result/trust_game/083102_claude-opus-4-6/data/game_log2.json,29,receiver,33.05555555555556,12,33.05555555555556,observed,,12
Claude Opus 4.6,TG,game_log2,RQ1_result/result/trust_game/083102_claude-opus-4-6/data/game_log2.json,30,sender,29.166666666666668,12,29.166666666666668,observed,,12
Claude Opus 4.6,TG,game_log2,RQ1_result/result/trust_game/083102_claude-opus-4-6/data/game_log2.json,30,receiver,34.54545454545455,11,34.54545454545455,observed,,11
Claude Opus 4.6,TG,game_log3,RQ1_result/result/trust_game/083102_claude-opus-4-6/data/game_log3.json,1,sender,50.0,12,50.0,observed,,12
Claude Opus 4.6,TG,game_log3,RQ1_result/result/trust_game/083102_claude-opus-4-6/data/game_log3.json,1,receiver,33.33333333333333,12,33.33333333333333,observed,,12
Claude Opus 4.6,TG,game_log3,RQ1_result/result/trust_game/083102_claude-opus-4-6/data/game_log3.json,2,sender,46.666666666666664,12,46.666666666666664,observed,,12
Claude Opus 4.6,TG,game_log3,RQ1_result/result/trust_game/083102_claude-opus-4-6/data/game_log3.json,2,receiver,33.33333333333333,12,33.33333333333333,observed,,12
Claude Opus 4.6,TG,game_log3,RQ1_result/result/trust_game/083102_claude-opus-4-6/data/game_log3.json,3,sender,47.5,12,47.5,observed,,12
Claude Opus 4.6,TG,game_log3,RQ1_result/result/trust_game/083102_claude-opus-4-6/data/game_log3.json,3,receiver,32.63888888888889,12,32.63888888888889,observed,,12
Claude Opus 4.6,TG,game_log3,RQ1_result/result/trust_game/083102_claude-opus-4-6/data/game_log3.json,4,sender,45.0,12,45.0,observed,,12
Claude Opus 4.6,TG,game_log3,RQ1_result/result/trust_game/083102_claude-opus-4-6/data/game_log3.json,4,receiver,29.86111111111111,12,29.86111111111111,observed,,12
Claude Opus 4.6,TG,game_log3,RQ1_result/result/trust_game/083102_claude-opus-4-6/data/game_log3.json,5,sender,30.833333333333336,12,30.833333333333336,observed,,12
Claude Opus 4.6,TG,game_log3,RQ1_result/result/trust_game/083102_claude-opus-4-6/data/game_log3.json,5,receiver,25.694444444444446,12,25.694444444444446,observed,,12
Claude Opus 4.6,TG,game_log3,RQ1_result/result/trust_game/083102_claude-opus-4-6/data/game_log3.json,6,sender,41.66666666666667,12,41.66666666666667,observed,,12
Claude Opus 4.6,TG,game_log3,RQ1_result/result/trust_game/083102_claude-opus-4-6/data/game_log3.json,6,receiver,29.02777777777778,12,29.02777777777778,observed,,12
Claude Opus 4.6,TG,game_log3,RQ1_result/result/trust_game/083102_claude-opus-4-6/data/game_log3.json,7,sender,44.166666666666664,12,44.166666666666664,observed,,12
Claude Opus 4.6,TG,game_log3,RQ1_result/result/trust_game/083102_claude-opus-4-6/data/game_log3.json,7,receiver,30.416666666666664,12,30.416666666666664,observed,,12
Claude Opus 4.6,TG,game_log3,RQ1_result/result/trust_game/083102_claude-opus-4-6/data/game_log3.json,8,sender,26.666666666666668,12,26.666666666666668,observed,,12
Claude Opus 4.6,TG,game_log3,RQ1_result/result/trust_game/083102_claude-opus-4-6/data/game_log3.json,8,receiver,32.63888888888889,12,32.63888888888889,observed,,12
Claude Opus 4.6,TG,game_log3,RQ1_result/result/trust_game/083102_claude-opus-4-6/data/game_log3.json,9,sender,35.0,12,35.0,observed,,12
Claude Opus 4.6,TG,game_log3,RQ1_result/result/trust_game/083102_claude-opus-4-6/data/game_log3.json,9,receiver,35.83333333333334,12,35.83333333333334,observed,,12
Claude Opus 4.6,TG,game_log3,RQ1_result/result/trust_game/083102_claude-opus-4-6/data/game_log3.json,10,sender,38.33333333333333,12,38.33333333333333,observed,,12
Claude Opus 4.6,TG,game_log3,RQ1_result/result/trust_game/083102_claude-opus-4-6/data/game_log3.json,10,receiver,34.25925925925926,12,34.25925925925926,observed,,12
Claude Opus 4.6,TG,game_log3,RQ1_result/result/trust_game/083102_claude-opus-4-6/data/game_log3.json,11,sender,35.83333333333334,12,35.83333333333334,observed,,12
Claude Opus 4.6,TG,game_log3,RQ1_result/result/trust_game/083102_claude-opus-4-6/data/game_log3.json,11,receiver,30.909090909090914,11,30.909090909090914,observed,,11
Claude Opus 4.6,TG,game_log3,RQ1_result/result/trust_game/083102_claude-opus-4-6/data/game_log3.json,12,sender,38.33333333333333,12,38.33333333333333,observed,,12
Claude Opus 4.6,TG,game_log3,RQ1_result/result/trust_game/083102_claude-opus-4-6/data/game_log3.json,12,receiver,36.36363636363637,11,36.36363636363637,observed,,11
Claude Opus 4.6,TG,game_log3,RQ1_result/result/trust_game/083102_claude-opus-4-6/data/game_log3.json,13,sender,45.83333333333333,12,45.83333333333333,observed,,12
Claude Opus 4.6,TG,game_log3,RQ1_result/result/trust_game/083102_claude-opus-4-6/data/game_log3.json,13,receiver,33.61111111111111,12,33.61111111111111,observed,,12
Claude Opus 4.6,TG,game_log3,RQ1_result/result/trust_game/083102_claude-opus-4-6/data/game_log3.json,14,sender,50.0,12,50.0,observed,,12
Claude Opus 4.6,TG,game_log3,RQ1_result/result/trust_game/083102_claude-opus-4-6/data/game_log3.json,14,receiver,33.88888888888889,12,33.88888888888889,observed,,12
Claude Opus 4.6,TG,game_log3,RQ1_result/result/trust_game/083102_claude-opus-4-6/data/game_log3.json,15,sender,21.666666666666668,12,21.666666666666668,observed,,12
Claude Opus 4.6,TG,game_log3,RQ1_result/result/trust_game/083102_claude-opus-4-6/data/game_log3.json,15,receiver,25.454545454545457,11,25.454545454545457,observed,,11
Claude Opus 4.6,TG,game_log3,RQ1_result/result/trust_game/083102_claude-opus-4-6/data/game_log3.json,16,sender,39.166666666666664,12,39.166666666666664,observed,,12
Claude Opus 4.6,TG,game_log3,RQ1_result/result/trust_game/083102_claude-opus-4-6/data/game_log3.json,16,receiver,27.27272727272727,11,27.27272727272727,observed,,11
Claude Opus 4.6,TG,game_log3,RQ1_result/result/trust_game/083102_claude-opus-4-6/data/game_log3.json,17,sender,32.5,12,32.5,observed,,12
Claude Opus 4.6,TG,game_log3,RQ1_result/result/trust_game/083102_claude-opus-4-6/data/game_log3.json,17,receiver,31.80555555555556,12,31.80555555555556,observed,,12
Claude Opus 4.6,TG,game_log3,RQ1_result/result/trust_game/083102_claude-opus-4-6/data/game_log3.json,18,sender,36.66666666666667,12,36.66666666666667,observed,,12
Claude Opus 4.6,TG,game_log3,RQ1_result/result/trust_game/083102_claude-opus-4-6/data/game_log3.json,18,receiver,33.33333333333333,12,33.33333333333333,observed,,12
Claude Opus 4.6,TG,game_log3,RQ1_result/result/trust_game/083102_claude-opus-4-6/data/game_log3.json,19,sender,32.5,12,32.5,observed,,12
Claude Opus 4.6,TG,game_log3,RQ1_result/result/trust_game/083102_claude-opus-4-6/data/game_log3.json,19,receiver,37.22222222222222,12,37.22222222222222,observed,,12
Claude Opus 4.6,TG,game_log3,RQ1_result/result/trust_game/083102_claude-opus-4-6/data/game_log3.json,20,sender,30.0,12,30.0,observed,,12
Claude Opus 4.6,TG,game_log3,RQ1_result/result/trust_game/083102_claude-opus-4-6/data/game_log3.json,20,receiver,36.666666666666664,12,36.666666666666664,observed,,12
Claude Opus 4.6,TG,game_log3,RQ1_result/result/trust_game/083102_claude-opus-4-6/data/game_log3.json,21,sender,23.333333333333336,12,23.333333333333336,observed,,12
Claude Opus 4.6,TG,game_log3,RQ1_result/result/trust_game/083102_claude-opus-4-6/data/game_log3.json,21,receiver,28.33333333333334,12,28.33333333333334,observed,,12
Claude Opus 4.6,TG,game_log3,RQ1_result/result/trust_game/083102_claude-opus-4-6/data/game_log3.json,22,sender,30.0,12,30.0,observed,,12
Claude Opus 4.6,TG,game_log3,RQ1_result/result/trust_game/083102_claude-opus-4-6/data/game_log3.json,22,receiver,34.44444444444445,12,34.44444444444445,observed,,12
Claude Opus 4.6,TG,game_log3,RQ1_result/result/trust_game/083102_claude-opus-4-6/data/game_log3.json,23,sender,30.83333333333333,12,30.83333333333333,observed,,12
Claude Opus 4.6,TG,game_log3,RQ1_result/result/trust_game/083102_claude-opus-4-6/data/game_log3.json,23,receiver,27.12962962962963,12,27.12962962962963,observed,,12
Claude Opus 4.6,TG,game_log3,RQ1_result/result/trust_game/083102_claude-opus-4-6/data/game_log3.json,24,sender,38.33333333333333,12,38.33333333333333,observed,,12
Claude Opus 4.6,TG,game_log3,RQ1_result/result/trust_game/083102_claude-opus-4-6/data/game_log3.json,24,receiver,31.818181818181824,11,31.818181818181824,observed,,11
Claude Opus 4.6,TG,game_log3,RQ1_result/result/trust_game/083102_claude-opus-4-6/data/game_log3.json,25,sender,0.0,12,0.0,observed,,12
Claude Opus 4.6,TG,game_log3,RQ1_result/result/trust_game/083102_claude-opus-4-6/data/game_log3.json,25,receiver,,0,,observed,,0
Claude Opus 4.6,TG,game_log3,RQ1_result/result/trust_game/083102_claude-opus-4-6/data/game_log3.json,26,sender,0.0,12,0.0,observed,,12
Claude Opus 4.6,TG,game_log3,RQ1_result/result/trust_game/083102_claude-opus-4-6/data/game_log3.json,26,receiver,,0,,observed,,0
Claude Opus 4.6,TG,game_log3,RQ1_result/result/trust_game/083102_claude-opus-4-6/data/game_log3.json,27,sender,0.0,12,0.0,observed,,12
Claude Opus 4.6,TG,game_log3,RQ1_result/result/trust_game/083102_claude-opus-4-6/data/game_log3.json,27,receiver,,0,,observed,,0
Claude Opus 4.6,TG,game_log3,RQ1_result/result/trust_game/083102_claude-opus-4-6/data/game_log3.json,28,sender,0.0,12,0.0,observed,,12
Claude Opus 4.6,TG,game_log3,RQ1_result/result/trust_game/083102_claude-opus-4-6/data/game_log3.json,28,receiver,,0,,observed,,0
Claude Opus 4.6,TG,game_log3,RQ1_result/result/trust_game/083102_claude-opus-4-6/data/game_log3.json,29,sender,0.0,12,0.0,observed,,12
Claude Opus 4.6,TG,game_log3,RQ1_result/result/trust_game/083102_claude-opus-4-6/data/game_log3.json,29,receiver,,0,,observed,,0
Claude Opus 4.6,TG,game_log3,RQ1_result/result/trust_game/083102_claude-opus-4-6/data/game_log3.json,30,sender,0.0,12,0.0,observed,,12
Claude Opus 4.6,TG,game_log3,RQ1_result/result/trust_game/083102_claude-opus-4-6/data/game_log3.json,30,receiver,,0,,observed,,0
Kimi K2.6,PD,game_log1,RQ1_result/result/prisoners_dilemma/072201_kimi-k2.6/data/game_log1.json,1,cooperation,0.0,24,0.0,observed,,24
Kimi K2.6,PD,game_log1,RQ1_result/result/prisoners_dilemma/072201_kimi-k2.6/data/game_log1.json,2,cooperation,0.0,24,0.0,observed,,24
Kimi K2.6,PD,game_log1,RQ1_result/result/prisoners_dilemma/072201_kimi-k2.6/data/game_log1.json,3,cooperation,0.0,24,0.0,observed,,24
Kimi K2.6,PD,game_log1,RQ1_result/result/prisoners_dilemma/072201_kimi-k2.6/data/game_log1.json,4,cooperation,0.0,24,0.0,observed,,24
Kimi K2.6,PD,game_log1,RQ1_result/result/prisoners_dilemma/072201_kimi-k2.6/data/game_log1.json,5,cooperation,0.0,24,0.0,observed,,24
Kimi K2.6,PD,game_log1,RQ1_result/result/prisoners_dilemma/072201_kimi-k2.6/data/game_log1.json,6,cooperation,0.0,24,0.0,observed,,24
Kimi K2.6,PD,game_log1,RQ1_result/result/prisoners_dilemma/072201_kimi-k2.6/data/game_log1.json,7,cooperation,0.0,24,0.0,observed,,24
Kimi K2.6,PD,game_log1,RQ1_result/result/prisoners_dilemma/072201_kimi-k2.6/data/game_log1.json,8,cooperation,0.0,24,0.0,observed,,24
Kimi K2.6,PD,game_log1,RQ1_result/result/prisoners_dilemma/072201_kimi-k2.6/data/game_log1.json,9,cooperation,0.0,24,0.0,observed,,24
Kimi K2.6,PD,game_log1,RQ1_result/result/prisoners_dilemma/072201_kimi-k2.6/data/game_log1.json,10,cooperation,0.0,24,0.0,observed,,24
Kimi K2.6,PD,game_log2,RQ1_result/result/prisoners_dilemma/072201_kimi-k2.6/data/game_log2.json,1,cooperation,0.0,24,0.0,observed,,24
Kimi K2.6,PD,game_log2,RQ1_result/result/prisoners_dilemma/072201_kimi-k2.6/data/game_log2.json,2,cooperation,0.0,24,0.0,observed,,24
Kimi K2.6,PD,game_log2,RQ1_result/result/prisoners_dilemma/072201_kimi-k2.6/data/game_log2.json,3,cooperation,0.0,24,0.0,observed,,24
Kimi K2.6,PD,game_log2,RQ1_result/result/prisoners_dilemma/072201_kimi-k2.6/data/game_log2.json,4,cooperation,0.0,24,0.0,observed,,24
Kimi K2.6,PD,game_log2,RQ1_result/result/prisoners_dilemma/072201_kimi-k2.6/data/game_log2.json,5,cooperation,0.0,24,0.0,observed,,24
Kimi K2.6,PD,game_log2,RQ1_result/result/prisoners_dilemma/072201_kimi-k2.6/data/game_log2.json,6,cooperation,0.0,24,0.0,observed,,24
Kimi K2.6,PD,game_log2,RQ1_result/result/prisoners_dilemma/072201_kimi-k2.6/data/game_log2.json,7,cooperation,0.0,24,0.0,observed,,24
Kimi K2.6,PD,game_log2,RQ1_result/result/prisoners_dilemma/072201_kimi-k2.6/data/game_log2.json,8,cooperation,0.0,24,0.0,observed,,24
Kimi K2.6,PD,game_log2,RQ1_result/result/prisoners_dilemma/072201_kimi-k2.6/data/game_log2.json,9,cooperation,0.0,24,0.0,observed,,24
Kimi K2.6,PD,game_log2,RQ1_result/result/prisoners_dilemma/072201_kimi-k2.6/data/game_log2.json,10,cooperation,0.0,24,0.0,observed,,24
Kimi K2.6,PD,game_log3,RQ1_result/result/prisoners_dilemma/072201_kimi-k2.6/data/game_log3.json,1,cooperation,0.0,24,0.0,observed,,24
Kimi K2.6,PD,game_log3,RQ1_result/result/prisoners_dilemma/072201_kimi-k2.6/data/game_log3.json,2,cooperation,0.0,24,0.0,observed,,24
Kimi K2.6,PD,game_log3,RQ1_result/result/prisoners_dilemma/072201_kimi-k2.6/data/game_log3.json,3,cooperation,0.0,24,0.0,observed,,24
Kimi K2.6,PD,game_log3,RQ1_result/result/prisoners_dilemma/072201_kimi-k2.6/data/game_log3.json,4,cooperation,0.0,24,0.0,observed,,24
Kimi K2.6,PD,game_log3,RQ1_result/result/prisoners_dilemma/072201_kimi-k2.6/data/game_log3.json,5,cooperation,0.0,24,0.0,observed,,24
Kimi K2.6,PD,game_log3,RQ1_result/result/prisoners_dilemma/072201_kimi-k2.6/data/game_log3.json,6,cooperation,0.0,24,0.0,observed,,24
Kimi K2.6,PD,game_log3,RQ1_result/result/prisoners_dilemma/072201_kimi-k2.6/data/game_log3.json,7,cooperation,0.0,24,0.0,observed,,24
Kimi K2.6,PD,game_log3,RQ1_result/result/prisoners_dilemma/072201_kimi-k2.6/data/game_log3.json,8,cooperation,0.0,24,0.0,observed,,24
Kimi K2.6,PD,game_log3,RQ1_result/result/prisoners_dilemma/072201_kimi-k2.6/data/game_log3.json,9,cooperation,0.0,24,0.0,observed,,24
Kimi K2.6,PD,game_log3,RQ1_result/result/prisoners_dilemma/072201_kimi-k2.6/data/game_log3.json,10,cooperation,0.0,24,0.0,observed,,24
Kimi K2.6,PGG,game_logs1,RQ1_result/result/public_goods/result_072301_kimi-k2.6/game_logs1.json,1,contribution,0.0,24,0.0,observed,,24
Kimi K2.6,PGG,game_logs1,RQ1_result/result/public_goods/result_072301_kimi-k2.6/game_logs1.json,2,contribution,0.0,24,0.0,observed,,24
Kimi K2.6,PGG,game_logs1,RQ1_result/result/public_goods/result_072301_kimi-k2.6/game_logs1.json,3,contribution,0.0,24,0.0,observed,,24
Kimi K2.6,PGG,game_logs1,RQ1_result/result/public_goods/result_072301_kimi-k2.6/game_logs1.json,4,contribution,0.0,24,0.0,observed,,24
Kimi K2.6,PGG,game_logs1,RQ1_result/result/public_goods/result_072301_kimi-k2.6/game_logs1.json,5,contribution,0.0,24,0.0,observed,,24
Kimi K2.6,PGG,game_logs1,RQ1_result/result/public_goods/result_072301_kimi-k2.6/game_logs1.json,6,contribution,0.0,24,0.0,observed,,24
Kimi K2.6,PGG,game_logs1,RQ1_result/result/public_goods/result_072301_kimi-k2.6/game_logs1.json,7,contribution,0.0,24,0.0,observed,,24
Kimi K2.6,PGG,game_logs1,RQ1_result/result/public_goods/result_072301_kimi-k2.6/game_logs1.json,8,contribution,0.0,24,0.0,observed,,24
Kimi K2.6,PGG,game_logs1,RQ1_result/result/public_goods/result_072301_kimi-k2.6/game_logs1.json,9,contribution,0.0,24,0.0,observed,,24
Kimi K2.6,PGG,game_logs1,RQ1_result/result/public_goods/result_072301_kimi-k2.6/game_logs1.json,10,contribution,0.0,24,0.0,observed,,24
Kimi K2.6,PGG,game_logs1,RQ1_result/result/public_goods/result_072301_kimi-k2.6/game_logs1.json,11,contribution,0.0,24,0.0,observed,,24
Kimi K2.6,PGG,game_logs1,RQ1_result/result/public_goods/result_072301_kimi-k2.6/game_logs1.json,12,contribution,0.0,24,0.0,observed,,24
Kimi K2.6,PGG,game_logs1,RQ1_result/result/public_goods/result_072301_kimi-k2.6/game_logs1.json,13,contribution,0.0,24,0.0,observed,,24
Kimi K2.6,PGG,game_logs1,RQ1_result/result/public_goods/result_072301_kimi-k2.6/game_logs1.json,14,contribution,0.0,24,0.0,observed,,24
Kimi K2.6,PGG,game_logs1,RQ1_result/result/public_goods/result_072301_kimi-k2.6/game_logs1.json,15,contribution,0.0,24,0.0,observed,,24
Kimi K2.6,PGG,game_logs1,RQ1_result/result/public_goods/result_072301_kimi-k2.6/game_logs1.json,16,contribution,0.0,24,0.0,observed,,24
Kimi K2.6,PGG,game_logs1,RQ1_result/result/public_goods/result_072301_kimi-k2.6/game_logs1.json,17,contribution,0.0,24,0.0,observed,,24
Kimi K2.6,PGG,game_logs1,RQ1_result/result/public_goods/result_072301_kimi-k2.6/game_logs1.json,18,contribution,0.0,24,0.0,observed,,24
Kimi K2.6,PGG,game_logs1,RQ1_result/result/public_goods/result_072301_kimi-k2.6/game_logs1.json,19,contribution,0.0,24,0.0,observed,,24
Kimi K2.6,PGG,game_logs1,RQ1_result/result/public_goods/result_072301_kimi-k2.6/game_logs1.json,20,contribution,0.0,24,0.0,observed,,24
Kimi K2.6,PGG,game_logs1,RQ1_result/result/public_goods/result_072301_kimi-k2.6/game_logs1.json,21,contribution,0.0,24,0.0,observed,,24
Kimi K2.6,PGG,game_logs1,RQ1_result/result/public_goods/result_072301_kimi-k2.6/game_logs1.json,22,contribution,0.0,24,0.0,observed,,24
Kimi K2.6,PGG,game_logs1,RQ1_result/result/public_goods/result_072301_kimi-k2.6/game_logs1.json,23,contribution,0.0,24,0.0,observed,,24
Kimi K2.6,PGG,game_logs1,RQ1_result/result/public_goods/result_072301_kimi-k2.6/game_logs1.json,24,contribution,0.0,24,0.0,observed,,24
Kimi K2.6,PGG,game_logs1,RQ1_result/result/public_goods/result_072301_kimi-k2.6/game_logs1.json,25,contribution,0.0,24,0.0,observed,,24
Kimi K2.6,PGG,game_logs1,RQ1_result/result/public_goods/result_072301_kimi-k2.6/game_logs1.json,26,contribution,0.0,24,0.0,observed,,24
Kimi K2.6,PGG,game_logs1,RQ1_result/result/public_goods/result_072301_kimi-k2.6/game_logs1.json,27,contribution,0.0,24,0.0,observed,,24
Kimi K2.6,PGG,game_logs1,RQ1_result/result/public_goods/result_072301_kimi-k2.6/game_logs1.json,28,contribution,0.0,24,0.0,observed,,24
Kimi K2.6,PGG,game_logs1,RQ1_result/result/public_goods/result_072301_kimi-k2.6/game_logs1.json,29,contribution,0.0,24,0.0,observed,,24
Kimi K2.6,PGG,game_logs1,RQ1_result/result/public_goods/result_072301_kimi-k2.6/game_logs1.json,30,contribution,0.0,24,0.0,observed,,24
Kimi K2.6,PGG,game_logs2,RQ1_result/result/public_goods/result_072301_kimi-k2.6/game_logs2.json,1,contribution,0.0,24,0.0,observed,,24
Kimi K2.6,PGG,game_logs2,RQ1_result/result/public_goods/result_072301_kimi-k2.6/game_logs2.json,2,contribution,0.0,24,0.0,observed,,24
Kimi K2.6,PGG,game_logs2,RQ1_result/result/public_goods/result_072301_kimi-k2.6/game_logs2.json,3,contribution,0.0,24,0.0,observed,,24
Kimi K2.6,PGG,game_logs2,RQ1_result/result/public_goods/result_072301_kimi-k2.6/game_logs2.json,4,contribution,0.0,24,0.0,observed,,24
Kimi K2.6,PGG,game_logs2,RQ1_result/result/public_goods/result_072301_kimi-k2.6/game_logs2.json,5,contribution,0.0,24,0.0,observed,,24
Kimi K2.6,PGG,game_logs2,RQ1_result/result/public_goods/result_072301_kimi-k2.6/game_logs2.json,6,contribution,0.0,24,0.0,observed,,24
Kimi K2.6,PGG,game_logs2,RQ1_result/result/public_goods/result_072301_kimi-k2.6/game_logs2.json,7,contribution,0.0,24,0.0,observed,,24
Kimi K2.6,PGG,game_logs2,RQ1_result/result/public_goods/result_072301_kimi-k2.6/game_logs2.json,8,contribution,0.0,24,0.0,observed,,24
Kimi K2.6,PGG,game_logs2,RQ1_result/result/public_goods/result_072301_kimi-k2.6/game_logs2.json,9,contribution,0.0,24,0.0,observed,,24
Kimi K2.6,PGG,game_logs2,RQ1_result/result/public_goods/result_072301_kimi-k2.6/game_logs2.json,10,contribution,0.0,24,0.0,observed,,24
Kimi K2.6,PGG,game_logs2,RQ1_result/result/public_goods/result_072301_kimi-k2.6/game_logs2.json,11,contribution,0.0,24,0.0,observed,,24
Kimi K2.6,PGG,game_logs2,RQ1_result/result/public_goods/result_072301_kimi-k2.6/game_logs2.json,12,contribution,0.0,24,0.0,observed,,24
Kimi K2.6,PGG,game_logs2,RQ1_result/result/public_goods/result_072301_kimi-k2.6/game_logs2.json,13,contribution,0.0,24,0.0,observed,,24
Kimi K2.6,PGG,game_logs2,RQ1_result/result/public_goods/result_072301_kimi-k2.6/game_logs2.json,14,contribution,0.0,24,0.0,observed,,24
Kimi K2.6,PGG,game_logs2,RQ1_result/result/public_goods/result_072301_kimi-k2.6/game_logs2.json,15,contribution,0.0,24,0.0,observed,,24
Kimi K2.6,PGG,game_logs2,RQ1_result/result/public_goods/result_072301_kimi-k2.6/game_logs2.json,16,contribution,0.0,24,0.0,observed,,24
Kimi K2.6,PGG,game_logs2,RQ1_result/result/public_goods/result_072301_kimi-k2.6/game_logs2.json,17,contribution,0.0,24,0.0,observed,,24
Kimi K2.6,PGG,game_logs2,RQ1_result/result/public_goods/result_072301_kimi-k2.6/game_logs2.json,18,contribution,0.0,24,0.0,observed,,24
Kimi K2.6,PGG,game_logs2,RQ1_result/result/public_goods/result_072301_kimi-k2.6/game_logs2.json,19,contribution,0.0,24,0.0,observed,,24
Kimi K2.6,PGG,game_logs2,RQ1_result/result/public_goods/result_072301_kimi-k2.6/game_logs2.json,20,contribution,0.0,24,0.0,observed,,24
Kimi K2.6,PGG,game_logs2,RQ1_result/result/public_goods/result_072301_kimi-k2.6/game_logs2.json,21,contribution,0.0,24,0.0,observed,,24
Kimi K2.6,PGG,game_logs2,RQ1_result/result/public_goods/result_072301_kimi-k2.6/game_logs2.json,22,contribution,0.0,24,0.0,observed,,24
Kimi K2.6,PGG,game_logs2,RQ1_result/result/public_goods/result_072301_kimi-k2.6/game_logs2.json,23,contribution,0.0,24,0.0,observed,,24
Kimi K2.6,PGG,game_logs2,RQ1_result/result/public_goods/result_072301_kimi-k2.6/game_logs2.json,24,contribution,0.0,24,0.0,observed,,24
Kimi K2.6,PGG,game_logs2,RQ1_result/result/public_goods/result_072301_kimi-k2.6/game_logs2.json,25,contribution,0.0,24,0.0,observed,,24
Kimi K2.6,PGG,game_logs2,RQ1_result/result/public_goods/result_072301_kimi-k2.6/game_logs2.json,26,contribution,0.0,24,0.0,observed,,24
Kimi K2.6,PGG,game_logs2,RQ1_result/result/public_goods/result_072301_kimi-k2.6/game_logs2.json,27,contribution,0.0,24,0.0,observed,,24
Kimi K2.6,PGG,game_logs2,RQ1_result/result/public_goods/result_072301_kimi-k2.6/game_logs2.json,28,contribution,0.0,24,0.0,observed,,24
Kimi K2.6,PGG,game_logs2,RQ1_result/result/public_goods/result_072301_kimi-k2.6/game_logs2.json,29,contribution,0.0,24,0.0,observed,,24
Kimi K2.6,PGG,game_logs2,RQ1_result/result/public_goods/result_072301_kimi-k2.6/game_logs2.json,30,contribution,0.0,24,0.0,observed,,24
Kimi K2.6,PGG,game_logs3,RQ1_result/result/public_goods/result_072301_kimi-k2.6/game_logs3.json,1,contribution,0.0,24,0.0,observed,,24
Kimi K2.6,PGG,game_logs3,RQ1_result/result/public_goods/result_072301_kimi-k2.6/game_logs3.json,2,contribution,0.0,24,0.0,observed,,24
Kimi K2.6,PGG,game_logs3,RQ1_result/result/public_goods/result_072301_kimi-k2.6/game_logs3.json,3,contribution,0.0,24,0.0,observed,,24
Kimi K2.6,PGG,game_logs3,RQ1_result/result/public_goods/result_072301_kimi-k2.6/game_logs3.json,4,contribution,0.0,24,0.0,observed,,24
Kimi K2.6,PGG,game_logs3,RQ1_result/result/public_goods/result_072301_kimi-k2.6/game_logs3.json,5,contribution,0.0,24,0.0,observed,,24
Kimi K2.6,PGG,game_logs3,RQ1_result/result/public_goods/result_072301_kimi-k2.6/game_logs3.json,6,contribution,0.0,24,0.0,observed,,24
Kimi K2.6,PGG,game_logs3,RQ1_result/result/public_goods/result_072301_kimi-k2.6/game_logs3.json,7,contribution,0.0,24,0.0,observed,,24
Kimi K2.6,PGG,game_logs3,RQ1_result/result/public_goods/result_072301_kimi-k2.6/game_logs3.json,8,contribution,0.0,24,0.0,observed,,24
Kimi K2.6,PGG,game_logs3,RQ1_result/result/public_goods/result_072301_kimi-k2.6/game_logs3.json,9,contribution,0.0,24,0.0,observed,,24
Kimi K2.6,PGG,game_logs3,RQ1_result/result/public_goods/result_072301_kimi-k2.6/game_logs3.json,10,contribution,0.0,24,0.0,observed,,24
Kimi K2.6,PGG,game_logs3,RQ1_result/result/public_goods/result_072301_kimi-k2.6/game_logs3.json,11,contribution,0.0,24,0.0,observed,,24
Kimi K2.6,PGG,game_logs3,RQ1_result/result/public_goods/result_072301_kimi-k2.6/game_logs3.json,12,contribution,0.0,24,0.0,observed,,24
Kimi K2.6,PGG,game_logs3,RQ1_result/result/public_goods/result_072301_kimi-k2.6/game_logs3.json,13,contribution,0.0,24,0.0,observed,,24
Kimi K2.6,PGG,game_logs3,RQ1_result/result/public_goods/result_072301_kimi-k2.6/game_logs3.json,14,contribution,0.0,24,0.0,observed,,24
Kimi K2.6,PGG,game_logs3,RQ1_result/result/public_goods/result_072301_kimi-k2.6/game_logs3.json,15,contribution,0.0,24,0.0,observed,,24
Kimi K2.6,PGG,game_logs3,RQ1_result/result/public_goods/result_072301_kimi-k2.6/game_logs3.json,16,contribution,0.0,24,0.0,observed,,24
Kimi K2.6,PGG,game_logs3,RQ1_result/result/public_goods/result_072301_kimi-k2.6/game_logs3.json,17,contribution,0.0,24,0.0,observed,,24
Kimi K2.6,PGG,game_logs3,RQ1_result/result/public_goods/result_072301_kimi-k2.6/game_logs3.json,18,contribution,0.0,24,0.0,observed,,24
Kimi K2.6,PGG,game_logs3,RQ1_result/result/public_goods/result_072301_kimi-k2.6/game_logs3.json,19,contribution,0.0,24,0.0,observed,,24
Kimi K2.6,PGG,game_logs3,RQ1_result/result/public_goods/result_072301_kimi-k2.6/game_logs3.json,20,contribution,0.0,24,0.0,observed,,24
Kimi K2.6,PGG,game_logs3,RQ1_result/result/public_goods/result_072301_kimi-k2.6/game_logs3.json,21,contribution,0.0,24,0.0,observed,,24
Kimi K2.6,PGG,game_logs3,RQ1_result/result/public_goods/result_072301_kimi-k2.6/game_logs3.json,22,contribution,0.0,24,0.0,observed,,24
Kimi K2.6,PGG,game_logs3,RQ1_result/result/public_goods/result_072301_kimi-k2.6/game_logs3.json,23,contribution,0.0,24,0.0,observed,,24
Kimi K2.6,PGG,game_logs3,RQ1_result/result/public_goods/result_072301_kimi-k2.6/game_logs3.json,24,contribution,0.0,24,0.0,observed,,24
Kimi K2.6,PGG,game_logs3,RQ1_result/result/public_goods/result_072301_kimi-k2.6/game_logs3.json,25,contribution,0.0,24,0.0,observed,,24
Kimi K2.6,PGG,game_logs3,RQ1_result/result/public_goods/result_072301_kimi-k2.6/game_logs3.json,26,contribution,0.0,24,0.0,observed,,24
Kimi K2.6,PGG,game_logs3,RQ1_result/result/public_goods/result_072301_kimi-k2.6/game_logs3.json,27,contribution,0.0,24,0.0,observed,,24
Kimi K2.6,PGG,game_logs3,RQ1_result/result/public_goods/result_072301_kimi-k2.6/game_logs3.json,28,contribution,0.0,24,0.0,observed,,24
Kimi K2.6,PGG,game_logs3,RQ1_result/result/public_goods/result_072301_kimi-k2.6/game_logs3.json,29,contribution,0.0,24,0.0,observed,,24
Kimi K2.6,PGG,game_logs3,RQ1_result/result/public_goods/result_072301_kimi-k2.6/game_logs3.json,30,contribution,0.0,24,0.0,observed,,24
Kimi K2.6,TG,game_log1,RQ1_result/result/trust_game/072201_kimi-k2.6/data/game_log1.json,1,sender,37.5,12,37.5,observed,,12
Kimi K2.6,TG,game_log1,RQ1_result/result/trust_game/072201_kimi-k2.6/data/game_log1.json,1,receiver,40.416666666666664,8,40.416666666666664,observed,,8
Kimi K2.6,TG,game_log1,RQ1_result/result/trust_game/072201_kimi-k2.6/data/game_log1.json,2,sender,19.166666666666664,12,19.166666666666664,observed,,12
Kimi K2.6,TG,game_log1,RQ1_result/result/trust_game/072201_kimi-k2.6/data/game_log1.json,2,receiver,16.0,5,16.0,observed,,5
Kimi K2.6,TG,game_log1,RQ1_result/result/trust_game/072201_kimi-k2.6/data/game_log1.json,3,sender,37.5,12,37.5,observed,,12
Kimi K2.6,TG,game_log1,RQ1_result/result/trust_game/072201_kimi-k2.6/data/game_log1.json,3,receiver,37.03703703703704,9,37.03703703703704,observed,,9
Kimi K2.6,TG,game_log1,RQ1_result/result/trust_game/072201_kimi-k2.6/data/game_log1.json,4,sender,25.833333333333336,12,25.833333333333336,observed,,12
Kimi K2.6,TG,game_log1,RQ1_result/result/trust_game/072201_kimi-k2.6/data/game_log1.json,4,receiver,18.095238095238095,7,18.095238095238095,observed,,7
Kimi K2.6,TG,game_log1,RQ1_result/result/trust_game/072201_kimi-k2.6/data/game_log1.json,5,sender,31.666666666666664,12,31.666666666666664,observed,,12
Kimi K2.6,TG,game_log1,RQ1_result/result/trust_game/072201_kimi-k2.6/data/game_log1.json,5,receiver,23.333333333333332,7,23.333333333333332,observed,,7
Kimi K2.6,TG,game_log1,RQ1_result/result/trust_game/072201_kimi-k2.6/data/game_log1.json,6,sender,27.499999999999996,12,27.499999999999996,observed,,12
Kimi K2.6,TG,game_log1,RQ1_result/result/trust_game/072201_kimi-k2.6/data/game_log1.json,6,receiver,32.22222222222222,6,32.22222222222222,observed,,6
Kimi K2.6,TG,game_log1,RQ1_result/result/trust_game/072201_kimi-k2.6/data/game_log1.json,7,sender,14.16666666666667,12,14.16666666666667,observed,,12
Kimi K2.6,TG,game_log1,RQ1_result/result/trust_game/072201_kimi-k2.6/data/game_log1.json,7,receiver,28.888888888888886,5,28.888888888888886,observed,,5
Kimi K2.6,TG,game_log1,RQ1_result/result/trust_game/072201_kimi-k2.6/data/game_log1.json,8,sender,27.499999999999996,12,27.499999999999996,observed,,12
Kimi K2.6,TG,game_log1,RQ1_result/result/trust_game/072201_kimi-k2.6/data/game_log1.json,8,receiver,20.952380952380953,7,20.952380952380953,observed,,7
Kimi K2.6,TG,game_log1,RQ1_result/result/trust_game/072201_kimi-k2.6/data/game_log1.json,9,sender,17.5,12,17.5,observed,,12
Kimi K2.6,TG,game_log1,RQ1_result/result/trust_game/072201_kimi-k2.6/data/game_log1.json,9,receiver,38.666666666666664,5,38.666666666666664,observed,,5
Kimi K2.6,TG,game_log1,RQ1_result/result/trust_game/072201_kimi-k2.6/data/game_log1.json,10,sender,21.666666666666668,12,21.666666666666668,observed,,12
Kimi K2.6,TG,game_log1,RQ1_result/result/trust_game/072201_kimi-k2.6/data/game_log1.json,10,receiver,13.333333333333334,6,13.333333333333334,observed,,6
Kimi K2.6,TG,game_log1,RQ1_result/result/trust_game/072201_kimi-k2.6/data/game_log1.json,11,sender,28.333333333333332,12,28.333333333333332,observed,,12
Kimi K2.6,TG,game_log1,RQ1_result/result/trust_game/072201_kimi-k2.6/data/game_log1.json,11,receiver,18.253968253968253,7,18.253968253968253,observed,,7
Kimi K2.6,TG,game_log1,RQ1_result/result/trust_game/072201_kimi-k2.6/data/game_log1.json,12,sender,27.499999999999996,12,27.499999999999996,observed,,12
Kimi K2.6,TG,game_log1,RQ1_result/result/trust_game/072201_kimi-k2.6/data/game_log1.json,12,receiver,13.333333333333334,6,13.333333333333334,observed,,6
Kimi K2.6,TG,game_log1,RQ1_result/result/trust_game/072201_kimi-k2.6/data/game_log1.json,13,sender,30.0,12,30.0,observed,,12
Kimi K2.6,TG,game_log1,RQ1_result/result/trust_game/072201_kimi-k2.6/data/game_log1.json,13,receiver,39.20634920634921,7,39.20634920634921,observed,,7
Kimi K2.6,TG,game_log1,RQ1_result/result/trust_game/072201_kimi-k2.6/data/game_log1.json,14,sender,9.166666666666668,12,9.166666666666668,observed,,12
Kimi K2.6,TG,game_log1,RQ1_result/result/trust_game/072201_kimi-k2.6/data/game_log1.json,14,receiver,15.555555555555555,3,15.555555555555555,observed,,3
Kimi K2.6,TG,game_log1,RQ1_result/result/trust_game/072201_kimi-k2.6/data/game_log1.json,15,sender,13.333333333333334,12,13.333333333333334,observed,,12
Kimi K2.6,TG,game_log1,RQ1_result/result/trust_game/072201_kimi-k2.6/data/game_log1.json,15,receiver,25.0,4,25.0,observed,,4
Kimi K2.6,TG,game_log1,RQ1_result/result/trust_game/072201_kimi-k2.6/data/game_log1.json,16,sender,31.666666666666664,12,31.666666666666664,observed,,12
Kimi K2.6,TG,game_log1,RQ1_result/result/trust_game/072201_kimi-k2.6/data/game_log1.json,16,receiver,16.666666666666664,6,16.666666666666664,observed,,6
Kimi K2.6,TG,game_log1,RQ1_result/result/trust_game/072201_kimi-k2.6/data/game_log1.json,17,sender,12.5,12,12.5,observed,,12
Kimi K2.6,TG,game_log1,RQ1_result/result/trust_game/072201_kimi-k2.6/data/game_log1.json,17,receiver,48.88888888888889,3,48.88888888888889,observed,,3
Kimi K2.6,TG,game_log1,RQ1_result/result/trust_game/072201_kimi-k2.6/data/game_log1.json,18,sender,16.666666666666664,12,16.666666666666664,observed,,12
Kimi K2.6,TG,game_log1,RQ1_result/result/trust_game/072201_kimi-k2.6/data/game_log1.json,18,receiver,0.0,3,0.0,observed,,3
Kimi K2.6,TG,game_log1,RQ1_result/result/trust_game/072201_kimi-k2.6/data/game_log1.json,19,sender,37.5,12,37.5,observed,,12
Kimi K2.6,TG,game_log1,RQ1_result/result/trust_game/072201_kimi-k2.6/data/game_log1.json,19,receiver,20.952380952380953,7,20.952380952380953,observed,,7
Kimi K2.6,TG,game_log1,RQ1_result/result/trust_game/072201_kimi-k2.6/data/game_log1.json,20,sender,23.333333333333332,12,23.333333333333332,observed,,12
Kimi K2.6,TG,game_log1,RQ1_result/result/trust_game/072201_kimi-k2.6/data/game_log1.json,20,receiver,10.0,5,10.0,observed,,5
Kimi K2.6,TG,game_log1,RQ1_result/result/trust_game/072201_kimi-k2.6/data/game_log1.json,21,sender,27.499999999999996,12,27.499999999999996,observed,,12
Kimi K2.6,TG,game_log1,RQ1_result/result/trust_game/072201_kimi-k2.6/data/game_log1.json,21,receiver,9.333333333333334,5,9.333333333333334,observed,,5
Kimi K2.6,TG,game_log1,RQ1_result/result/trust_game/072201_kimi-k2.6/data/game_log1.json,22,sender,33.33333333333333,12,33.33333333333333,observed,,12
Kimi K2.6,TG,game_log1,RQ1_result/result/trust_game/072201_kimi-k2.6/data/game_log1.json,22,receiver,7.777777777777778,6,7.777777777777778,observed,,6
Kimi K2.6,TG,game_log1,RQ1_result/result/trust_game/072201_kimi-k2.6/data/game_log1.json,23,sender,31.666666666666664,12,31.666666666666664,observed,,12
Kimi K2.6,TG,game_log1,RQ1_result/result/trust_game/072201_kimi-k2.6/data/game_log1.json,23,receiver,10.0,5,10.0,observed,,5
Kimi K2.6,TG,game_log1,RQ1_result/result/trust_game/072201_kimi-k2.6/data/game_log1.json,24,sender,17.5,12,17.5,observed,,12
Kimi K2.6,TG,game_log1,RQ1_result/result/trust_game/072201_kimi-k2.6/data/game_log1.json,24,receiver,11.666666666666666,4,11.666666666666666,observed,,4
Kimi K2.6,TG,game_log1,RQ1_result/result/trust_game/072201_kimi-k2.6/data/game_log1.json,25,sender,30.0,12,30.0,observed,,12
Kimi K2.6,TG,game_log1,RQ1_result/result/trust_game/072201_kimi-k2.6/data/game_log1.json,25,receiver,18.571428571428573,7,18.571428571428573,observed,,7
Kimi K2.6,TG,game_log1,RQ1_result/result/trust_game/072201_kimi-k2.6/data/game_log1.json,26,sender,12.5,12,12.5,observed,,12
Kimi K2.6,TG,game_log1,RQ1_result/result/trust_game/072201_kimi-k2.6/data/game_log1.json,26,receiver,0.0,2,0.0,observed,,2
Kimi K2.6,TG,game_log1,RQ1_result/result/trust_game/072201_kimi-k2.6/data/game_log1.json,27,sender,44.166666666666664,12,44.166666666666664,observed,,12
Kimi K2.6,TG,game_log1,RQ1_result/result/trust_game/072201_kimi-k2.6/data/game_log1.json,27,receiver,33.33333333333333,7,33.33333333333333,observed,,7
Kimi K2.6,TG,game_log1,RQ1_result/result/trust_game/072201_kimi-k2.6/data/game_log1.json,28,sender,23.333333333333332,12,23.333333333333332,observed,,12
Kimi K2.6,TG,game_log1,RQ1_result/result/trust_game/072201_kimi-k2.6/data/game_log1.json,28,receiver,21.11111111111111,6,21.11111111111111,observed,,6
Kimi K2.6,TG,game_log1,RQ1_result/result/trust_game/072201_kimi-k2.6/data/game_log1.json,29,sender,17.5,12,17.5,observed,,12
Kimi K2.6,TG,game_log1,RQ1_result/result/trust_game/072201_kimi-k2.6/data/game_log1.json,29,receiver,20.0,4,20.0,observed,,4
Kimi K2.6,TG,game_log1,RQ1_result/result/trust_game/072201_kimi-k2.6/data/game_log1.json,30,sender,6.666666666666667,12,6.666666666666667,observed,,12
Kimi K2.6,TG,game_log1,RQ1_result/result/trust_game/072201_kimi-k2.6/data/game_log1.json,30,receiver,0.0,2,0.0,observed,,2
Kimi K2.6,TG,game_log2,RQ1_result/result/trust_game/072201_kimi-k2.6/data/game_log2.json,1,sender,40.833333333333336,12,40.833333333333336,observed,,12
Kimi K2.6,TG,game_log2,RQ1_result/result/trust_game/072201_kimi-k2.6/data/game_log2.json,1,receiver,28.253968253968253,9,28.253968253968253,observed,,9
Kimi K2.6,TG,game_log2,RQ1_result/result/trust_game/072201_kimi-k2.6/data/game_log2.json,2,sender,41.66666666666667,12,41.66666666666667,observed,,12
Kimi K2.6,TG,game_log2,RQ1_result/result/trust_game/072201_kimi-k2.6/data/game_log2.json,2,receiver,39.333333333333336,10,39.333333333333336,observed,,10
Kimi K2.6,TG,game_log2,RQ1_result/result/trust_game/072201_kimi-k2.6/data/game_log2.json,3,sender,25.0,12,25.0,observed,,12
Kimi K2.6,TG,game_log2,RQ1_result/result/trust_game/072201_kimi-k2.6/data/game_log2.json,3,receiver,13.333333333333334,6,13.333333333333334,observed,,6
Kimi K2.6,TG,game_log2,RQ1_result/result/trust_game/072201_kimi-k2.6/data/game_log2.json,4,sender,27.499999999999996,12,27.499999999999996,observed,,12
Kimi K2.6,TG,game_log2,RQ1_result/result/trust_game/072201_kimi-k2.6/data/game_log2.json,4,receiver,32.38095238095238,7,32.38095238095238,observed,,7
Kimi K2.6,TG,game_log2,RQ1_result/result/trust_game/072201_kimi-k2.6/data/game_log2.json,5,sender,27.499999999999996,12,27.499999999999996,observed,,12
Kimi K2.6,TG,game_log2,RQ1_result/result/trust_game/072201_kimi-k2.6/data/game_log2.json,5,receiver,22.222222222222225,6,22.222222222222225,observed,,6
Kimi K2.6,TG,game_log2,RQ1_result/result/trust_game/072201_kimi-k2.6/data/game_log2.json,6,sender,30.0,12,30.0,observed,,12
Kimi K2.6,TG,game_log2,RQ1_result/result/trust_game/072201_kimi-k2.6/data/game_log2.json,6,receiver,15.833333333333332,8,15.833333333333332,observed,,8
Kimi K2.6,TG,game_log2,RQ1_result/result/trust_game/072201_kimi-k2.6/data/game_log2.json,7,sender,21.666666666666664,12,21.666666666666664,observed,,12
Kimi K2.6,TG,game_log2,RQ1_result/result/trust_game/072201_kimi-k2.6/data/game_log2.json,7,receiver,5.555555555555555,6,5.555555555555555,observed,,6
Kimi K2.6,TG,game_log2,RQ1_result/result/trust_game/072201_kimi-k2.6/data/game_log2.json,8,sender,19.166666666666664,12,19.166666666666664,observed,,12
Kimi K2.6,TG,game_log2,RQ1_result/result/trust_game/072201_kimi-k2.6/data/game_log2.json,8,receiver,9.333333333333334,5,9.333333333333334,observed,,5
Kimi K2.6,TG,game_log2,RQ1_result/result/trust_game/072201_kimi-k2.6/data/game_log2.json,9,sender,30.0,12,30.0,observed,,12
Kimi K2.6,TG,game_log2,RQ1_result/result/trust_game/072201_kimi-k2.6/data/game_log2.json,9,receiver,20.952380952380953,7,20.952380952380953,observed,,7
Kimi K2.6,TG,game_log2,RQ1_result/result/trust_game/072201_kimi-k2.6/data/game_log2.json,10,sender,21.666666666666664,12,21.666666666666664,observed,,12
Kimi K2.6,TG,game_log2,RQ1_result/result/trust_game/072201_kimi-k2.6/data/game_log2.json,10,receiver,16.666666666666664,6,16.666666666666664,observed,,6
Kimi K2.6,TG,game_log2,RQ1_result/result/trust_game/072201_kimi-k2.6/data/game_log2.json,11,sender,27.499999999999996,12,27.499999999999996,observed,,12
Kimi K2.6,TG,game_log2,RQ1_result/result/trust_game/072201_kimi-k2.6/data/game_log2.json,11,receiver,24.444444444444443,6,24.444444444444443,observed,,6
Kimi K2.6,TG,game_log2,RQ1_result/result/trust_game/072201_kimi-k2.6/data/game_log2.json,12,sender,16.666666666666664,12,16.666666666666664,observed,,12
Kimi K2.6,TG,game_log2,RQ1_result/result/trust_game/072201_kimi-k2.6/data/game_log2.json,12,receiver,23.333333333333332,4,23.333333333333332,observed,,4
Kimi K2.6,TG,game_log2,RQ1_result/result/trust_game/072201_kimi-k2.6/data/game_log2.json,13,sender,21.666666666666668,12,21.666666666666668,observed,,12
Kimi K2.6,TG,game_log2,RQ1_result/result/trust_game/072201_kimi-k2.6/data/game_log2.json,13,receiver,15.555555555555555,6,15.555555555555555,observed,,6
Kimi K2.6,TG,game_log2,RQ1_result/result/trust_game/072201_kimi-k2.6/data/game_log2.json,14,sender,19.166666666666664,12,19.166666666666664,observed,,12
Kimi K2.6,TG,game_log2,RQ1_result/result/trust_game/072201_kimi-k2.6/data/game_log2.json,14,receiver,6.666666666666667,5,6.666666666666667,observed,,5
Kimi K2.6,TG,game_log2,RQ1_result/result/trust_game/072201_kimi-k2.6/data/game_log2.json,15,sender,27.499999999999996,12,27.499999999999996,observed,,12
Kimi K2.6,TG,game_log2,RQ1_result/result/trust_game/072201_kimi-k2.6/data/game_log2.json,15,receiver,18.095238095238095,7,18.095238095238095,observed,,7
Kimi K2.6,TG,game_log2,RQ1_result/result/trust_game/072201_kimi-k2.6/data/game_log2.json,16,sender,13.333333333333334,12,13.333333333333334,observed,,12
Kimi K2.6,TG,game_log2,RQ1_result/result/trust_game/072201_kimi-k2.6/data/game_log2.json,16,receiver,48.88888888888889,3,48.88888888888889,observed,,3
Kimi K2.6,TG,game_log2,RQ1_result/result/trust_game/072201_kimi-k2.6/data/game_log2.json,17,sender,33.33333333333333,12,33.33333333333333,observed,,12
Kimi K2.6,TG,game_log2,RQ1_result/result/trust_game/072201_kimi-k2.6/data/game_log2.json,17,receiver,41.904761904761905,7,41.904761904761905,observed,,7
Kimi K2.6,TG,game_log2,RQ1_result/result/trust_game/072201_kimi-k2.6/data/game_log2.json,18,sender,20.833333333333336,12,20.833333333333336,observed,,12
Kimi K2.6,TG,game_log2,RQ1_result/result/trust_game/072201_kimi-k2.6/data/game_log2.json,18,receiver,25.33333333333333,5,25.33333333333333,observed,,5
Kimi K2.6,TG,game_log2,RQ1_result/result/trust_game/072201_kimi-k2.6/data/game_log2.json,19,sender,21.666666666666664,12,21.666666666666664,observed,,12
Kimi K2.6,TG,game_log2,RQ1_result/result/trust_game/072201_kimi-k2.6/data/game_log2.json,19,receiver,0.0,6,0.0,observed,,6
Kimi K2.6,TG,game_log2,RQ1_result/result/trust_game/072201_kimi-k2.6/data/game_log2.json,20,sender,37.5,12,37.5,observed,,12
Kimi K2.6,TG,game_log2,RQ1_result/result/trust_game/072201_kimi-k2.6/data/game_log2.json,20,receiver,27.500000000000004,8,27.500000000000004,observed,,8
Kimi K2.6,TG,game_log2,RQ1_result/result/trust_game/072201_kimi-k2.6/data/game_log2.json,21,sender,19.166666666666664,12,19.166666666666664,observed,,12
Kimi K2.6,TG,game_log2,RQ1_result/result/trust_game/072201_kimi-k2.6/data/game_log2.json,21,receiver,16.0,5,16.0,observed,,5
Kimi K2.6,TG,game_log2,RQ1_result/result/trust_game/072201_kimi-k2.6/data/game_log2.json,22,sender,15.0,12,15.0,observed,,12
Kimi K2.6,TG,game_log2,RQ1_result/result/trust_game/072201_kimi-k2.6/data/game_log2.json,22,receiver,36.66666666666667,4,36.66666666666667,observed,,4
Kimi K2.6,TG,game_log2,RQ1_result/result/trust_game/072201_kimi-k2.6/data/game_log2.json,23,sender,12.5,12,12.5,observed,,12
Kimi K2.6,TG,game_log2,RQ1_result/result/trust_game/072201_kimi-k2.6/data/game_log2.json,23,receiver,0.0,3,0.0,observed,,3
Kimi K2.6,TG,game_log2,RQ1_result/result/trust_game/072201_kimi-k2.6/data/game_log2.json,24,sender,19.166666666666664,12,19.166666666666664,observed,,12
Kimi K2.6,TG,game_log2,RQ1_result/result/trust_game/072201_kimi-k2.6/data/game_log2.json,24,receiver,25.33333333333333,5,25.33333333333333,observed,,5
Kimi K2.6,TG,game_log2,RQ1_result/result/trust_game/072201_kimi-k2.6/data/game_log2.json,25,sender,17.5,12,17.5,observed,,12
Kimi K2.6,TG,game_log2,RQ1_result/result/trust_game/072201_kimi-k2.6/data/game_log2.json,25,receiver,0.0,4,0.0,observed,,4
Kimi K2.6,TG,game_log2,RQ1_result/result/trust_game/072201_kimi-k2.6/data/game_log2.json,26,sender,33.33333333333333,12,33.33333333333333,observed,,12
Kimi K2.6,TG,game_log2,RQ1_result/result/trust_game/072201_kimi-k2.6/data/game_log2.json,26,receiver,27.142857142857142,7,27.142857142857142,observed,,7
Kimi K2.6,TG,game_log2,RQ1_result/result/trust_game/072201_kimi-k2.6/data/game_log2.json,27,sender,15.0,12,15.0,observed,,12
Kimi K2.6,TG,game_log2,RQ1_result/result/trust_game/072201_kimi-k2.6/data/game_log2.json,27,receiver,11.666666666666666,4,11.666666666666666,observed,,4
Kimi K2.6,TG,game_log2,RQ1_result/result/trust_game/072201_kimi-k2.6/data/game_log2.json,28,sender,17.5,12,17.5,observed,,12
Kimi K2.6,TG,game_log2,RQ1_result/result/trust_game/072201_kimi-k2.6/data/game_log2.json,28,receiver,18.666666666666668,5,18.666666666666668,observed,,5
Kimi K2.6,TG,game_log2,RQ1_result/result/trust_game/072201_kimi-k2.6/data/game_log2.json,29,sender,6.666666666666667,12,6.666666666666667,observed,,12
Kimi K2.6,TG,game_log2,RQ1_result/result/trust_game/072201_kimi-k2.6/data/game_log2.json,29,receiver,23.333333333333332,2,23.333333333333332,observed,,2
Kimi K2.6,TG,game_log2,RQ1_result/result/trust_game/072201_kimi-k2.6/data/game_log2.json,30,sender,15.0,12,15.0,observed,,12
Kimi K2.6,TG,game_log2,RQ1_result/result/trust_game/072201_kimi-k2.6/data/game_log2.json,30,receiver,0.0,4,0.0,observed,,4
Kimi K2.6,TG,game_log3,RQ1_result/result/trust_game/072201_kimi-k2.6/data/game_log3.json,1,sender,35.0,12,35.0,observed,,12
Kimi K2.6,TG,game_log3,RQ1_result/result/trust_game/072201_kimi-k2.6/data/game_log3.json,1,receiver,24.28571428571428,8,24.28571428571428,observed,,8
Kimi K2.6,TG,game_log3,RQ1_result/result/trust_game/072201_kimi-k2.6/data/game_log3.json,2,sender,27.499999999999996,12,27.499999999999996,observed,,12
Kimi K2.6,TG,game_log3,RQ1_result/result/trust_game/072201_kimi-k2.6/data/game_log3.json,2,receiver,6.666666666666667,7,6.666666666666667,observed,,7
Kimi K2.6,TG,game_log3,RQ1_result/result/trust_game/072201_kimi-k2.6/data/game_log3.json,3,sender,35.833333333333336,12,35.833333333333336,observed,,12
Kimi K2.6,TG,game_log3,RQ1_result/result/trust_game/072201_kimi-k2.6/data/game_log3.json,3,receiver,19.25925925925926,9,19.25925925925926,observed,,9
Kimi K2.6,TG,game_log3,RQ1_result/result/trust_game/072201_kimi-k2.6/data/game_log3.json,4,sender,28.333333333333332,12,28.333333333333332,observed,,12
Kimi K2.6,TG,game_log3,RQ1_result/result/trust_game/072201_kimi-k2.6/data/game_log3.json,4,receiver,22.5,8,22.5,observed,,8
Kimi K2.6,TG,game_log3,RQ1_result/result/trust_game/072201_kimi-k2.6/data/game_log3.json,5,sender,28.33333333333334,12,28.33333333333334,observed,,12
Kimi K2.6,TG,game_log3,RQ1_result/result/trust_game/072201_kimi-k2.6/data/game_log3.json,5,receiver,13.333333333333334,7,13.333333333333334,observed,,7
Kimi K2.6,TG,game_log3,RQ1_result/result/trust_game/072201_kimi-k2.6/data/game_log3.json,6,sender,38.33333333333333,12,38.33333333333333,observed,,12
Kimi K2.6,TG,game_log3,RQ1_result/result/trust_game/072201_kimi-k2.6/data/game_log3.json,6,receiver,45.18518518518518,9,45.18518518518518,observed,,9
Kimi K2.6,TG,game_log3,RQ1_result/result/trust_game/072201_kimi-k2.6/data/game_log3.json,7,sender,10.833333333333334,12,10.833333333333334,observed,,12
Kimi K2.6,TG,game_log3,RQ1_result/result/trust_game/072201_kimi-k2.6/data/game_log3.json,7,receiver,11.11111111111111,3,11.11111111111111,observed,,3
Kimi K2.6,TG,game_log3,RQ1_result/result/trust_game/072201_kimi-k2.6/data/game_log3.json,8,sender,25.0,12,25.0,observed,,12
Kimi K2.6,TG,game_log3,RQ1_result/result/trust_game/072201_kimi-k2.6/data/game_log3.json,8,receiver,6.666666666666667,5,6.666666666666667,observed,,5
Kimi K2.6,TG,game_log3,RQ1_result/result/trust_game/072201_kimi-k2.6/data/game_log3.json,9,sender,23.333333333333332,12,23.333333333333332,observed,,12
Kimi K2.6,TG,game_log3,RQ1_result/result/trust_game/072201_kimi-k2.6/data/game_log3.json,9,receiver,26.0,5,26.0,observed,,5
Kimi K2.6,TG,game_log3,RQ1_result/result/trust_game/072201_kimi-k2.6/data/game_log3.json,10,sender,30.0,12,30.0,observed,,12
Kimi K2.6,TG,game_log3,RQ1_result/result/trust_game/072201_kimi-k2.6/data/game_log3.json,10,receiver,17.5,8,17.5,observed,,8
Kimi K2.6,TG,game_log3,RQ1_result/result/trust_game/072201_kimi-k2.6/data/game_log3.json,11,sender,24.166666666666668,12,24.166666666666668,observed,,12
Kimi K2.6,TG,game_log3,RQ1_result/result/trust_game/072201_kimi-k2.6/data/game_log3.json,11,receiver,11.11111111111111,6,11.11111111111111,observed,,6
Kimi K2.6,TG,game_log3,RQ1_result/result/trust_game/072201_kimi-k2.6/data/game_log3.json,12,sender,20.0,12,20.0,observed,,12
Kimi K2.6,TG,game_log3,RQ1_result/result/trust_game/072201_kimi-k2.6/data/game_log3.json,12,receiver,24.444444444444446,6,24.444444444444446,observed,,6
Kimi K2.6,TG,game_log3,RQ1_result/result/trust_game/072201_kimi-k2.6/data/game_log3.json,13,sender,38.33333333333333,12,38.33333333333333,observed,,12
Kimi K2.6,TG,game_log3,RQ1_result/result/trust_game/072201_kimi-k2.6/data/game_log3.json,13,receiver,25.92592592592593,9,25.92592592592593,observed,,9
Kimi K2.6,TG,game_log3,RQ1_result/result/trust_game/072201_kimi-k2.6/data/game_log3.json,14,sender,30.0,12,30.0,observed,,12
Kimi K2.6,TG,game_log3,RQ1_result/result/trust_game/072201_kimi-k2.6/data/game_log3.json,14,receiver,23.452380952380953,8,23.452380952380953,observed,,8
Kimi K2.6,TG,game_log3,RQ1_result/result/trust_game/072201_kimi-k2.6/data/game_log3.json,15,sender,19.166666666666664,12,19.166666666666664,observed,,12
Kimi K2.6,TG,game_log3,RQ1_result/result/trust_game/072201_kimi-k2.6/data/game_log3.json,15,receiver,9.333333333333334,5,9.333333333333334,observed,,5
Kimi K2.6,TG,game_log3,RQ1_result/result/trust_game/072201_kimi-k2.6/data/game_log3.json,16,sender,18.333333333333332,12,18.333333333333332,observed,,12
Kimi K2.6,TG,game_log3,RQ1_result/result/trust_game/072201_kimi-k2.6/data/game_log3.json,16,receiver,28.888888888888886,5,28.888888888888886,observed,,5
Kimi K2.6,TG,game_log3,RQ1_result/result/trust_game/072201_kimi-k2.6/data/game_log3.json,17,sender,17.5,12,17.5,observed,,12
Kimi K2.6,TG,game_log3,RQ1_result/result/trust_game/072201_kimi-k2.6/data/game_log3.json,17,receiver,15.555555555555554,5,15.555555555555554,observed,,5
Kimi K2.6,TG,game_log3,RQ1_result/result/trust_game/072201_kimi-k2.6/data/game_log3.json,18,sender,43.333333333333336,12,43.333333333333336,observed,,12
Kimi K2.6,TG,game_log3,RQ1_result/result/trust_game/072201_kimi-k2.6/data/game_log3.json,18,receiver,27.755102040816332,7,27.755102040816332,observed,,7
Kimi K2.6,TG,game_log3,RQ1_result/result/trust_game/072201_kimi-k2.6/data/game_log3.json,19,sender,16.666666666666664,12,16.666666666666664,observed,,12
Kimi K2.6,TG,game_log3,RQ1_result/result/trust_game/072201_kimi-k2.6/data/game_log3.json,19,receiver,8.333333333333332,4,8.333333333333332,observed,,4
Kimi K2.6,TG,game_log3,RQ1_result/result/trust_game/072201_kimi-k2.6/data/game_log3.json,20,sender,15.0,12,15.0,observed,,12
Kimi K2.6,TG,game_log3,RQ1_result/result/trust_game/072201_kimi-k2.6/data/game_log3.json,20,receiver,0.0,4,0.0,observed,,4
Kimi K2.6,TG,game_log3,RQ1_result/result/trust_game/072201_kimi-k2.6/data/game_log3.json,21,sender,12.5,12,12.5,observed,,12
Kimi K2.6,TG,game_log3,RQ1_result/result/trust_game/072201_kimi-k2.6/data/game_log3.json,21,receiver,33.33333333333333,3,33.33333333333333,observed,,3
Kimi K2.6,TG,game_log3,RQ1_result/result/trust_game/072201_kimi-k2.6/data/game_log3.json,22,sender,8.333333333333332,12,8.333333333333332,observed,,12
Kimi K2.6,TG,game_log3,RQ1_result/result/trust_game/072201_kimi-k2.6/data/game_log3.json,22,receiver,33.33333333333333,2,33.33333333333333,observed,,2
Kimi K2.6,TG,game_log3,RQ1_result/result/trust_game/072201_kimi-k2.6/data/game_log3.json,23,sender,12.5,12,12.5,observed,,12
Kimi K2.6,TG,game_log3,RQ1_result/result/trust_game/072201_kimi-k2.6/data/game_log3.json,23,receiver,16.666666666666664,2,16.666666666666664,observed,,2
Kimi K2.6,TG,game_log3,RQ1_result/result/trust_game/072201_kimi-k2.6/data/game_log3.json,24,sender,20.0,12,20.0,observed,,12
Kimi K2.6,TG,game_log3,RQ1_result/result/trust_game/072201_kimi-k2.6/data/game_log3.json,24,receiver,0.0,5,0.0,observed,,5
Kimi K2.6,TG,game_log3,RQ1_result/result/trust_game/072201_kimi-k2.6/data/game_log3.json,25,sender,15.0,12,15.0,observed,,12
Kimi K2.6,TG,game_log3,RQ1_result/result/trust_game/072201_kimi-k2.6/data/game_log3.json,25,receiver,25.0,4,25.0,observed,,4
Kimi K2.6,TG,game_log3,RQ1_result/result/trust_game/072201_kimi-k2.6/data/game_log3.json,26,sender,4.166666666666666,12,4.166666666666666,observed,,12
Kimi K2.6,TG,game_log3,RQ1_result/result/trust_game/072201_kimi-k2.6/data/game_log3.json,26,receiver,0.0,1,0.0,observed,,1
Kimi K2.6,TG,game_log3,RQ1_result/result/trust_game/072201_kimi-k2.6/data/game_log3.json,27,sender,17.5,12,17.5,observed,,12
Kimi K2.6,TG,game_log3,RQ1_result/result/trust_game/072201_kimi-k2.6/data/game_log3.json,27,receiver,25.33333333333333,5,25.33333333333333,observed,,5
Kimi K2.6,TG,game_log3,RQ1_result/result/trust_game/072201_kimi-k2.6/data/game_log3.json,28,sender,33.33333333333333,12,33.33333333333333,observed,,12
Kimi K2.6,TG,game_log3,RQ1_result/result/trust_game/072201_kimi-k2.6/data/game_log3.json,28,receiver,6.666666666666667,5,6.666666666666667,observed,,5
Kimi K2.6,TG,game_log3,RQ1_result/result/trust_game/072201_kimi-k2.6/data/game_log3.json,29,sender,10.833333333333334,12,10.833333333333334,observed,,12
Kimi K2.6,TG,game_log3,RQ1_result/result/trust_game/072201_kimi-k2.6/data/game_log3.json,29,receiver,14.814814814814813,3,14.814814814814813,observed,,3
Kimi K2.6,TG,game_log3,RQ1_result/result/trust_game/072201_kimi-k2.6/data/game_log3.json,30,sender,22.5,12,22.5,observed,,12
Kimi K2.6,TG,game_log3,RQ1_result/result/trust_game/072201_kimi-k2.6/data/game_log3.json,30,receiver,8.333333333333332,4,8.333333333333332,observed,,4
Grok 4.3,PD,game_log1,RQ1_result/result/prisoners_dilemma/072701_grok-4.3/data/game_log1.json,1,cooperation,0.0,24,0.0,observed,,24
Grok 4.3,PD,game_log1,RQ1_result/result/prisoners_dilemma/072701_grok-4.3/data/game_log1.json,2,cooperation,0.0,24,0.0,observed,,24
Grok 4.3,PD,game_log1,RQ1_result/result/prisoners_dilemma/072701_grok-4.3/data/game_log1.json,3,cooperation,0.0,24,0.0,observed,,24
Grok 4.3,PD,game_log1,RQ1_result/result/prisoners_dilemma/072701_grok-4.3/data/game_log1.json,4,cooperation,0.0,24,0.0,observed,,24
Grok 4.3,PD,game_log1,RQ1_result/result/prisoners_dilemma/072701_grok-4.3/data/game_log1.json,5,cooperation,0.0,24,0.0,observed,,24
Grok 4.3,PD,game_log1,RQ1_result/result/prisoners_dilemma/072701_grok-4.3/data/game_log1.json,6,cooperation,0.0,24,0.0,observed,,24
Grok 4.3,PD,game_log1,RQ1_result/result/prisoners_dilemma/072701_grok-4.3/data/game_log1.json,7,cooperation,0.0,24,0.0,observed,,24
Grok 4.3,PD,game_log1,RQ1_result/result/prisoners_dilemma/072701_grok-4.3/data/game_log1.json,8,cooperation,0.0,24,0.0,observed,,24
Grok 4.3,PD,game_log1,RQ1_result/result/prisoners_dilemma/072701_grok-4.3/data/game_log1.json,9,cooperation,0.0,24,0.0,observed,,24
Grok 4.3,PD,game_log1,RQ1_result/result/prisoners_dilemma/072701_grok-4.3/data/game_log1.json,10,cooperation,0.0,24,0.0,observed,,24
Grok 4.3,PD,game_log2,RQ1_result/result/prisoners_dilemma/072701_grok-4.3/data/game_log2.json,1,cooperation,0.0,24,0.0,observed,,24
Grok 4.3,PD,game_log2,RQ1_result/result/prisoners_dilemma/072701_grok-4.3/data/game_log2.json,2,cooperation,0.0,24,0.0,observed,,24
Grok 4.3,PD,game_log2,RQ1_result/result/prisoners_dilemma/072701_grok-4.3/data/game_log2.json,3,cooperation,0.0,24,0.0,observed,,24
Grok 4.3,PD,game_log2,RQ1_result/result/prisoners_dilemma/072701_grok-4.3/data/game_log2.json,4,cooperation,0.0,24,0.0,observed,,24
Grok 4.3,PD,game_log2,RQ1_result/result/prisoners_dilemma/072701_grok-4.3/data/game_log2.json,5,cooperation,0.0,24,0.0,observed,,24
Grok 4.3,PD,game_log2,RQ1_result/result/prisoners_dilemma/072701_grok-4.3/data/game_log2.json,6,cooperation,0.0,24,0.0,observed,,24
Grok 4.3,PD,game_log2,RQ1_result/result/prisoners_dilemma/072701_grok-4.3/data/game_log2.json,7,cooperation,0.0,24,0.0,observed,,24
Grok 4.3,PD,game_log2,RQ1_result/result/prisoners_dilemma/072701_grok-4.3/data/game_log2.json,8,cooperation,0.0,24,0.0,observed,,24
Grok 4.3,PD,game_log2,RQ1_result/result/prisoners_dilemma/072701_grok-4.3/data/game_log2.json,9,cooperation,0.0,24,0.0,observed,,24
Grok 4.3,PD,game_log2,RQ1_result/result/prisoners_dilemma/072701_grok-4.3/data/game_log2.json,10,cooperation,0.0,24,0.0,observed,,24
Grok 4.3,PD,game_log3,RQ1_result/result/prisoners_dilemma/072701_grok-4.3/data/game_log3.json,1,cooperation,0.0,24,0.0,observed,,24
Grok 4.3,PD,game_log3,RQ1_result/result/prisoners_dilemma/072701_grok-4.3/data/game_log3.json,2,cooperation,0.0,24,0.0,observed,,24
Grok 4.3,PD,game_log3,RQ1_result/result/prisoners_dilemma/072701_grok-4.3/data/game_log3.json,3,cooperation,0.0,24,0.0,observed,,24
Grok 4.3,PD,game_log3,RQ1_result/result/prisoners_dilemma/072701_grok-4.3/data/game_log3.json,4,cooperation,0.0,24,0.0,observed,,24
Grok 4.3,PD,game_log3,RQ1_result/result/prisoners_dilemma/072701_grok-4.3/data/game_log3.json,5,cooperation,0.0,24,0.0,observed,,24
Grok 4.3,PD,game_log3,RQ1_result/result/prisoners_dilemma/072701_grok-4.3/data/game_log3.json,6,cooperation,0.0,24,0.0,observed,,24
Grok 4.3,PD,game_log3,RQ1_result/result/prisoners_dilemma/072701_grok-4.3/data/game_log3.json,7,cooperation,0.0,24,0.0,observed,,24
Grok 4.3,PD,game_log3,RQ1_result/result/prisoners_dilemma/072701_grok-4.3/data/game_log3.json,8,cooperation,0.0,24,0.0,observed,,24
Grok 4.3,PD,game_log3,RQ1_result/result/prisoners_dilemma/072701_grok-4.3/data/game_log3.json,9,cooperation,0.0,24,0.0,observed,,24
Grok 4.3,PD,game_log3,RQ1_result/result/prisoners_dilemma/072701_grok-4.3/data/game_log3.json,10,cooperation,0.0,24,0.0,observed,,24
Grok 4.3,PGG,game_logs1,RQ1_result/result/public_goods/result_072202_grok-4.3/game_logs1.json,1,contribution,0.0,24,0.0,observed,,24
Grok 4.3,PGG,game_logs1,RQ1_result/result/public_goods/result_072202_grok-4.3/game_logs1.json,2,contribution,0.0,24,0.0,observed,,24
Grok 4.3,PGG,game_logs1,RQ1_result/result/public_goods/result_072202_grok-4.3/game_logs1.json,3,contribution,0.0,24,0.0,observed,,24
Grok 4.3,PGG,game_logs1,RQ1_result/result/public_goods/result_072202_grok-4.3/game_logs1.json,4,contribution,0.0,24,0.0,observed,,24
Grok 4.3,PGG,game_logs1,RQ1_result/result/public_goods/result_072202_grok-4.3/game_logs1.json,5,contribution,0.0,24,0.0,observed,,24
Grok 4.3,PGG,game_logs1,RQ1_result/result/public_goods/result_072202_grok-4.3/game_logs1.json,6,contribution,0.0,24,0.0,observed,,24
Grok 4.3,PGG,game_logs1,RQ1_result/result/public_goods/result_072202_grok-4.3/game_logs1.json,7,contribution,0.0,24,0.0,observed,,24
Grok 4.3,PGG,game_logs1,RQ1_result/result/public_goods/result_072202_grok-4.3/game_logs1.json,8,contribution,0.0,24,0.0,observed,,24
Grok 4.3,PGG,game_logs1,RQ1_result/result/public_goods/result_072202_grok-4.3/game_logs1.json,9,contribution,0.0,24,0.0,observed,,24
Grok 4.3,PGG,game_logs1,RQ1_result/result/public_goods/result_072202_grok-4.3/game_logs1.json,10,contribution,0.0,24,0.0,observed,,24
Grok 4.3,PGG,game_logs1,RQ1_result/result/public_goods/result_072202_grok-4.3/game_logs1.json,11,contribution,0.0,24,0.0,observed,,24
Grok 4.3,PGG,game_logs1,RQ1_result/result/public_goods/result_072202_grok-4.3/game_logs1.json,12,contribution,0.0,24,0.0,observed,,24
Grok 4.3,PGG,game_logs1,RQ1_result/result/public_goods/result_072202_grok-4.3/game_logs1.json,13,contribution,0.0,24,0.0,observed,,24
Grok 4.3,PGG,game_logs1,RQ1_result/result/public_goods/result_072202_grok-4.3/game_logs1.json,14,contribution,0.0,24,0.0,observed,,24
Grok 4.3,PGG,game_logs1,RQ1_result/result/public_goods/result_072202_grok-4.3/game_logs1.json,15,contribution,0.0,24,0.0,observed,,24
Grok 4.3,PGG,game_logs1,RQ1_result/result/public_goods/result_072202_grok-4.3/game_logs1.json,16,contribution,0.0,24,0.0,observed,,24
Grok 4.3,PGG,game_logs1,RQ1_result/result/public_goods/result_072202_grok-4.3/game_logs1.json,17,contribution,0.0,24,0.0,observed,,24
Grok 4.3,PGG,game_logs1,RQ1_result/result/public_goods/result_072202_grok-4.3/game_logs1.json,18,contribution,0.0,24,0.0,observed,,24
Grok 4.3,PGG,game_logs1,RQ1_result/result/public_goods/result_072202_grok-4.3/game_logs1.json,19,contribution,0.0,24,0.0,observed,,24
Grok 4.3,PGG,game_logs1,RQ1_result/result/public_goods/result_072202_grok-4.3/game_logs1.json,20,contribution,0.0,24,0.0,observed,,24
Grok 4.3,PGG,game_logs1,RQ1_result/result/public_goods/result_072202_grok-4.3/game_logs1.json,21,contribution,0.0,24,0.0,observed,,24
Grok 4.3,PGG,game_logs1,RQ1_result/result/public_goods/result_072202_grok-4.3/game_logs1.json,22,contribution,0.0,24,0.0,observed,,24
Grok 4.3,PGG,game_logs1,RQ1_result/result/public_goods/result_072202_grok-4.3/game_logs1.json,23,contribution,0.0,24,0.0,observed,,24
Grok 4.3,PGG,game_logs1,RQ1_result/result/public_goods/result_072202_grok-4.3/game_logs1.json,24,contribution,0.0,24,0.0,observed,,24
Grok 4.3,PGG,game_logs1,RQ1_result/result/public_goods/result_072202_grok-4.3/game_logs1.json,25,contribution,0.0,24,0.0,observed,,24
Grok 4.3,PGG,game_logs1,RQ1_result/result/public_goods/result_072202_grok-4.3/game_logs1.json,26,contribution,0.0,24,0.0,observed,,24
Grok 4.3,PGG,game_logs1,RQ1_result/result/public_goods/result_072202_grok-4.3/game_logs1.json,27,contribution,0.0,24,0.0,observed,,24
Grok 4.3,PGG,game_logs1,RQ1_result/result/public_goods/result_072202_grok-4.3/game_logs1.json,28,contribution,0.0,24,0.0,observed,,24
Grok 4.3,PGG,game_logs1,RQ1_result/result/public_goods/result_072202_grok-4.3/game_logs1.json,29,contribution,0.0,24,0.0,observed,,24
Grok 4.3,PGG,game_logs1,RQ1_result/result/public_goods/result_072202_grok-4.3/game_logs1.json,30,contribution,0.0,24,0.0,observed,,24
Grok 4.3,PGG,game_logs2,RQ1_result/result/public_goods/result_072202_grok-4.3/game_logs2.json,1,contribution,0.0,24,0.0,observed,,24
Grok 4.3,PGG,game_logs2,RQ1_result/result/public_goods/result_072202_grok-4.3/game_logs2.json,2,contribution,0.0,24,0.0,observed,,24
Grok 4.3,PGG,game_logs2,RQ1_result/result/public_goods/result_072202_grok-4.3/game_logs2.json,3,contribution,0.0,24,0.0,observed,,24
Grok 4.3,PGG,game_logs2,RQ1_result/result/public_goods/result_072202_grok-4.3/game_logs2.json,4,contribution,0.0,24,0.0,observed,,24
Grok 4.3,PGG,game_logs2,RQ1_result/result/public_goods/result_072202_grok-4.3/game_logs2.json,5,contribution,0.0,24,0.0,observed,,24
Grok 4.3,PGG,game_logs2,RQ1_result/result/public_goods/result_072202_grok-4.3/game_logs2.json,6,contribution,0.0,24,0.0,observed,,24
Grok 4.3,PGG,game_logs2,RQ1_result/result/public_goods/result_072202_grok-4.3/game_logs2.json,7,contribution,0.0,24,0.0,observed,,24
Grok 4.3,PGG,game_logs2,RQ1_result/result/public_goods/result_072202_grok-4.3/game_logs2.json,8,contribution,0.0,24,0.0,observed,,24
Grok 4.3,PGG,game_logs2,RQ1_result/result/public_goods/result_072202_grok-4.3/game_logs2.json,9,contribution,0.0,24,0.0,observed,,24
Grok 4.3,PGG,game_logs2,RQ1_result/result/public_goods/result_072202_grok-4.3/game_logs2.json,10,contribution,0.0,24,0.0,observed,,24
Grok 4.3,PGG,game_logs2,RQ1_result/result/public_goods/result_072202_grok-4.3/game_logs2.json,11,contribution,0.0,24,0.0,observed,,24
Grok 4.3,PGG,game_logs2,RQ1_result/result/public_goods/result_072202_grok-4.3/game_logs2.json,12,contribution,0.0,24,0.0,observed,,24
Grok 4.3,PGG,game_logs2,RQ1_result/result/public_goods/result_072202_grok-4.3/game_logs2.json,13,contribution,0.0,24,0.0,observed,,24
Grok 4.3,PGG,game_logs2,RQ1_result/result/public_goods/result_072202_grok-4.3/game_logs2.json,14,contribution,0.0,24,0.0,observed,,24
Grok 4.3,PGG,game_logs2,RQ1_result/result/public_goods/result_072202_grok-4.3/game_logs2.json,15,contribution,0.0,24,0.0,observed,,24
Grok 4.3,PGG,game_logs2,RQ1_result/result/public_goods/result_072202_grok-4.3/game_logs2.json,16,contribution,0.0,24,0.0,observed,,24
Grok 4.3,PGG,game_logs2,RQ1_result/result/public_goods/result_072202_grok-4.3/game_logs2.json,17,contribution,0.0,24,0.0,observed,,24
Grok 4.3,PGG,game_logs2,RQ1_result/result/public_goods/result_072202_grok-4.3/game_logs2.json,18,contribution,0.0,24,0.0,observed,,24
Grok 4.3,PGG,game_logs2,RQ1_result/result/public_goods/result_072202_grok-4.3/game_logs2.json,19,contribution,0.0,24,0.0,observed,,24
Grok 4.3,PGG,game_logs2,RQ1_result/result/public_goods/result_072202_grok-4.3/game_logs2.json,20,contribution,0.0,24,0.0,observed,,24
Grok 4.3,PGG,game_logs2,RQ1_result/result/public_goods/result_072202_grok-4.3/game_logs2.json,21,contribution,0.0,24,0.0,observed,,24
Grok 4.3,PGG,game_logs2,RQ1_result/result/public_goods/result_072202_grok-4.3/game_logs2.json,22,contribution,0.0,24,0.0,observed,,24
Grok 4.3,PGG,game_logs2,RQ1_result/result/public_goods/result_072202_grok-4.3/game_logs2.json,23,contribution,0.0,24,0.0,observed,,24
Grok 4.3,PGG,game_logs2,RQ1_result/result/public_goods/result_072202_grok-4.3/game_logs2.json,24,contribution,0.0,24,0.0,observed,,24
Grok 4.3,PGG,game_logs2,RQ1_result/result/public_goods/result_072202_grok-4.3/game_logs2.json,25,contribution,0.0,24,0.0,observed,,24
Grok 4.3,PGG,game_logs2,RQ1_result/result/public_goods/result_072202_grok-4.3/game_logs2.json,26,contribution,0.0,24,0.0,observed,,24
Grok 4.3,PGG,game_logs2,RQ1_result/result/public_goods/result_072202_grok-4.3/game_logs2.json,27,contribution,0.0,24,0.0,observed,,24
Grok 4.3,PGG,game_logs2,RQ1_result/result/public_goods/result_072202_grok-4.3/game_logs2.json,28,contribution,0.0,24,0.0,observed,,24
Grok 4.3,PGG,game_logs2,RQ1_result/result/public_goods/result_072202_grok-4.3/game_logs2.json,29,contribution,0.0,24,0.0,observed,,24
Grok 4.3,PGG,game_logs2,RQ1_result/result/public_goods/result_072202_grok-4.3/game_logs2.json,30,contribution,0.0,24,0.0,observed,,24
Grok 4.3,PGG,game_logs3,RQ1_result/result/public_goods/result_072202_grok-4.3/game_logs3.json,1,contribution,0.0,24,0.0,observed,,24
Grok 4.3,PGG,game_logs3,RQ1_result/result/public_goods/result_072202_grok-4.3/game_logs3.json,2,contribution,0.0,24,0.0,observed,,24
Grok 4.3,PGG,game_logs3,RQ1_result/result/public_goods/result_072202_grok-4.3/game_logs3.json,3,contribution,0.0,24,0.0,observed,,24
Grok 4.3,PGG,game_logs3,RQ1_result/result/public_goods/result_072202_grok-4.3/game_logs3.json,4,contribution,0.0,24,0.0,observed,,24
Grok 4.3,PGG,game_logs3,RQ1_result/result/public_goods/result_072202_grok-4.3/game_logs3.json,5,contribution,0.0,24,0.0,observed,,24
Grok 4.3,PGG,game_logs3,RQ1_result/result/public_goods/result_072202_grok-4.3/game_logs3.json,6,contribution,0.0,24,0.0,observed,,24
Grok 4.3,PGG,game_logs3,RQ1_result/result/public_goods/result_072202_grok-4.3/game_logs3.json,7,contribution,0.0,24,0.0,observed,,24
Grok 4.3,PGG,game_logs3,RQ1_result/result/public_goods/result_072202_grok-4.3/game_logs3.json,8,contribution,0.0,24,0.0,observed,,24
Grok 4.3,PGG,game_logs3,RQ1_result/result/public_goods/result_072202_grok-4.3/game_logs3.json,9,contribution,0.0,24,0.0,observed,,24
Grok 4.3,PGG,game_logs3,RQ1_result/result/public_goods/result_072202_grok-4.3/game_logs3.json,10,contribution,0.0,24,0.0,observed,,24
Grok 4.3,PGG,game_logs3,RQ1_result/result/public_goods/result_072202_grok-4.3/game_logs3.json,11,contribution,0.0,24,0.0,observed,,24
Grok 4.3,PGG,game_logs3,RQ1_result/result/public_goods/result_072202_grok-4.3/game_logs3.json,12,contribution,0.0,24,0.0,observed,,24
Grok 4.3,PGG,game_logs3,RQ1_result/result/public_goods/result_072202_grok-4.3/game_logs3.json,13,contribution,0.0,24,0.0,observed,,24
Grok 4.3,PGG,game_logs3,RQ1_result/result/public_goods/result_072202_grok-4.3/game_logs3.json,14,contribution,0.0,24,0.0,observed,,24
Grok 4.3,PGG,game_logs3,RQ1_result/result/public_goods/result_072202_grok-4.3/game_logs3.json,15,contribution,0.0,24,0.0,observed,,24
Grok 4.3,PGG,game_logs3,RQ1_result/result/public_goods/result_072202_grok-4.3/game_logs3.json,16,contribution,0.0,24,0.0,observed,,24
Grok 4.3,PGG,game_logs3,RQ1_result/result/public_goods/result_072202_grok-4.3/game_logs3.json,17,contribution,0.0,24,0.0,observed,,24
Grok 4.3,PGG,game_logs3,RQ1_result/result/public_goods/result_072202_grok-4.3/game_logs3.json,18,contribution,0.0,24,0.0,observed,,24
Grok 4.3,PGG,game_logs3,RQ1_result/result/public_goods/result_072202_grok-4.3/game_logs3.json,19,contribution,0.0,24,0.0,observed,,24
Grok 4.3,PGG,game_logs3,RQ1_result/result/public_goods/result_072202_grok-4.3/game_logs3.json,20,contribution,0.0,24,0.0,observed,,24
Grok 4.3,PGG,game_logs3,RQ1_result/result/public_goods/result_072202_grok-4.3/game_logs3.json,21,contribution,0.0,24,0.0,observed,,24
Grok 4.3,PGG,game_logs3,RQ1_result/result/public_goods/result_072202_grok-4.3/game_logs3.json,22,contribution,0.0,24,0.0,observed,,24
Grok 4.3,PGG,game_logs3,RQ1_result/result/public_goods/result_072202_grok-4.3/game_logs3.json,23,contribution,0.0,24,0.0,observed,,24
Grok 4.3,PGG,game_logs3,RQ1_result/result/public_goods/result_072202_grok-4.3/game_logs3.json,24,contribution,0.0,24,0.0,observed,,24
Grok 4.3,PGG,game_logs3,RQ1_result/result/public_goods/result_072202_grok-4.3/game_logs3.json,25,contribution,0.0,24,0.0,observed,,24
Grok 4.3,PGG,game_logs3,RQ1_result/result/public_goods/result_072202_grok-4.3/game_logs3.json,26,contribution,0.0,24,0.0,observed,,24
Grok 4.3,PGG,game_logs3,RQ1_result/result/public_goods/result_072202_grok-4.3/game_logs3.json,27,contribution,0.0,24,0.0,observed,,24
Grok 4.3,PGG,game_logs3,RQ1_result/result/public_goods/result_072202_grok-4.3/game_logs3.json,28,contribution,0.0,24,0.0,observed,,24
Grok 4.3,PGG,game_logs3,RQ1_result/result/public_goods/result_072202_grok-4.3/game_logs3.json,29,contribution,0.0,24,0.0,observed,,24
Grok 4.3,PGG,game_logs3,RQ1_result/result/public_goods/result_072202_grok-4.3/game_logs3.json,30,contribution,0.0,24,0.0,observed,,24
Grok 4.3,TG,game_log1,RQ1_result/result/trust_game/072601_grok-4.3/data/game_log1.json,1,sender,12.5,12,12.5,observed,,12
Grok 4.3,TG,game_log1,RQ1_result/result/trust_game/072601_grok-4.3/data/game_log1.json,1,receiver,0.0,3,0.0,observed,,3
Grok 4.3,TG,game_log1,RQ1_result/result/trust_game/072601_grok-4.3/data/game_log1.json,2,sender,4.166666666666666,12,4.166666666666666,observed,,12
Grok 4.3,TG,game_log1,RQ1_result/result/trust_game/072601_grok-4.3/data/game_log1.json,2,receiver,0.0,1,0.0,observed,,1
Grok 4.3,TG,game_log1,RQ1_result/result/trust_game/072601_grok-4.3/data/game_log1.json,3,sender,8.333333333333332,12,8.333333333333332,observed,,12
Grok 4.3,TG,game_log1,RQ1_result/result/trust_game/072601_grok-4.3/data/game_log1.json,3,receiver,0.0,2,0.0,observed,,2
Grok 4.3,TG,game_log1,RQ1_result/result/trust_game/072601_grok-4.3/data/game_log1.json,4,sender,8.333333333333332,12,8.333333333333332,observed,,12
Grok 4.3,TG,game_log1,RQ1_result/result/trust_game/072601_grok-4.3/data/game_log1.json,4,receiver,0.0,2,0.0,observed,,2
Grok 4.3,TG,game_log1,RQ1_result/result/trust_game/072601_grok-4.3/data/game_log1.json,5,sender,6.666666666666667,12,6.666666666666667,observed,,12
Grok 4.3,TG,game_log1,RQ1_result/result/trust_game/072601_grok-4.3/data/game_log1.json,5,receiver,0.0,2,0.0,observed,,2
Grok 4.3,TG,game_log1,RQ1_result/result/trust_game/072601_grok-4.3/data/game_log1.json,6,sender,8.333333333333332,12,8.333333333333332,observed,,12
Grok 4.3,TG,game_log1,RQ1_result/result/trust_game/072601_grok-4.3/data/game_log1.json,6,receiver,0.0,2,0.0,observed,,2
Grok 4.3,TG,game_log1,RQ1_result/result/trust_game/072601_grok-4.3/data/game_log1.json,7,sender,8.333333333333332,12,8.333333333333332,observed,,12
Grok 4.3,TG,game_log1,RQ1_result/result/trust_game/072601_grok-4.3/data/game_log1.json,7,receiver,0.0,2,0.0,observed,,2
Grok 4.3,TG,game_log1,RQ1_result/result/trust_game/072601_grok-4.3/data/game_log1.json,8,sender,8.333333333333332,12,8.333333333333332,observed,,12
Grok 4.3,TG,game_log1,RQ1_result/result/trust_game/072601_grok-4.3/data/game_log1.json,8,receiver,0.0,2,0.0,observed,,2
Grok 4.3,TG,game_log1,RQ1_result/result/trust_game/072601_grok-4.3/data/game_log1.json,9,sender,8.333333333333332,12,8.333333333333332,observed,,12
Grok 4.3,TG,game_log1,RQ1_result/result/trust_game/072601_grok-4.3/data/game_log1.json,9,receiver,0.0,2,0.0,observed,,2
Grok 4.3,TG,game_log1,RQ1_result/result/trust_game/072601_grok-4.3/data/game_log1.json,10,sender,12.5,12,12.5,observed,,12
Grok 4.3,TG,game_log1,RQ1_result/result/trust_game/072601_grok-4.3/data/game_log1.json,10,receiver,0.0,3,0.0,observed,,3
Grok 4.3,TG,game_log1,RQ1_result/result/trust_game/072601_grok-4.3/data/game_log1.json,11,sender,4.166666666666666,12,4.166666666666666,observed,,12
Grok 4.3,TG,game_log1,RQ1_result/result/trust_game/072601_grok-4.3/data/game_log1.json,11,receiver,0.0,1,0.0,observed,,1
Grok 4.3,TG,game_log1,RQ1_result/result/trust_game/072601_grok-4.3/data/game_log1.json,12,sender,12.5,12,12.5,observed,,12
Grok 4.3,TG,game_log1,RQ1_result/result/trust_game/072601_grok-4.3/data/game_log1.json,12,receiver,0.0,3,0.0,observed,,3
Grok 4.3,TG,game_log1,RQ1_result/result/trust_game/072601_grok-4.3/data/game_log1.json,13,sender,4.166666666666666,12,4.166666666666666,observed,,12
Grok 4.3,TG,game_log1,RQ1_result/result/trust_game/072601_grok-4.3/data/game_log1.json,13,receiver,0.0,1,0.0,observed,,1
Grok 4.3,TG,game_log1,RQ1_result/result/trust_game/072601_grok-4.3/data/game_log1.json,14,sender,0.0,12,0.0,observed,,12
Grok 4.3,TG,game_log1,RQ1_result/result/trust_game/072601_grok-4.3/data/game_log1.json,14,receiver,,0,,observed,,0
Grok 4.3,TG,game_log1,RQ1_result/result/trust_game/072601_grok-4.3/data/game_log1.json,15,sender,12.5,12,12.5,observed,,12
Grok 4.3,TG,game_log1,RQ1_result/result/trust_game/072601_grok-4.3/data/game_log1.json,15,receiver,0.0,3,0.0,observed,,3
Grok 4.3,TG,game_log1,RQ1_result/result/trust_game/072601_grok-4.3/data/game_log1.json,16,sender,6.666666666666667,12,6.666666666666667,observed,,12
Grok 4.3,TG,game_log1,RQ1_result/result/trust_game/072601_grok-4.3/data/game_log1.json,16,receiver,0.0,2,0.0,observed,,2
Grok 4.3,TG,game_log1,RQ1_result/result/trust_game/072601_grok-4.3/data/game_log1.json,17,sender,4.166666666666666,12,4.166666666666666,observed,,12
Grok 4.3,TG,game_log1,RQ1_result/result/trust_game/072601_grok-4.3/data/game_log1.json,17,receiver,0.0,1,0.0,observed,,1
Grok 4.3,TG,game_log1,RQ1_result/result/trust_game/072601_grok-4.3/data/game_log1.json,18,sender,0.0,12,0.0,observed,,12
Grok 4.3,TG,game_log1,RQ1_result/result/trust_game/072601_grok-4.3/data/game_log1.json,18,receiver,,0,,observed,,0
Grok 4.3,TG,game_log1,RQ1_result/result/trust_game/072601_grok-4.3/data/game_log1.json,19,sender,8.333333333333332,12,8.333333333333332,observed,,12
Grok 4.3,TG,game_log1,RQ1_result/result/trust_game/072601_grok-4.3/data/game_log1.json,19,receiver,0.0,2,0.0,observed,,2
Grok 4.3,TG,game_log1,RQ1_result/result/trust_game/072601_grok-4.3/data/game_log1.json,20,sender,2.5,12,2.5,observed,,12
Grok 4.3,TG,game_log1,RQ1_result/result/trust_game/072601_grok-4.3/data/game_log1.json,20,receiver,0.0,1,0.0,observed,,1
Grok 4.3,TG,game_log1,RQ1_result/result/trust_game/072601_grok-4.3/data/game_log1.json,21,sender,4.166666666666666,12,4.166666666666666,observed,,12
Grok 4.3,TG,game_log1,RQ1_result/result/trust_game/072601_grok-4.3/data/game_log1.json,21,receiver,0.0,1,0.0,observed,,1
Grok 4.3,TG,game_log1,RQ1_result/result/trust_game/072601_grok-4.3/data/game_log1.json,22,sender,4.166666666666666,12,4.166666666666666,observed,,12
Grok 4.3,TG,game_log1,RQ1_result/result/trust_game/072601_grok-4.3/data/game_log1.json,22,receiver,0.0,1,0.0,observed,,1
Grok 4.3,TG,game_log1,RQ1_result/result/trust_game/072601_grok-4.3/data/game_log1.json,23,sender,2.5,12,2.5,observed,,12
Grok 4.3,TG,game_log1,RQ1_result/result/trust_game/072601_grok-4.3/data/game_log1.json,23,receiver,0.0,1,0.0,observed,,1
Grok 4.3,TG,game_log1,RQ1_result/result/trust_game/072601_grok-4.3/data/game_log1.json,24,sender,4.166666666666666,12,4.166666666666666,observed,,12
Grok 4.3,TG,game_log1,RQ1_result/result/trust_game/072601_grok-4.3/data/game_log1.json,24,receiver,0.0,1,0.0,observed,,1
Grok 4.3,TG,game_log1,RQ1_result/result/trust_game/072601_grok-4.3/data/game_log1.json,25,sender,20.833333333333336,12,20.833333333333336,observed,,12
Grok 4.3,TG,game_log1,RQ1_result/result/trust_game/072601_grok-4.3/data/game_log1.json,25,receiver,0.0,5,0.0,observed,,5
Grok 4.3,TG,game_log1,RQ1_result/result/trust_game/072601_grok-4.3/data/game_log1.json,26,sender,8.333333333333332,12,8.333333333333332,observed,,12
Grok 4.3,TG,game_log1,RQ1_result/result/trust_game/072601_grok-4.3/data/game_log1.json,26,receiver,0.0,2,0.0,observed,,2
Grok 4.3,TG,game_log1,RQ1_result/result/trust_game/072601_grok-4.3/data/game_log1.json,27,sender,0.0,12,0.0,observed,,12
Grok 4.3,TG,game_log1,RQ1_result/result/trust_game/072601_grok-4.3/data/game_log1.json,27,receiver,,0,,observed,,0
Grok 4.3,TG,game_log1,RQ1_result/result/trust_game/072601_grok-4.3/data/game_log1.json,28,sender,4.166666666666666,12,4.166666666666666,observed,,12
Grok 4.3,TG,game_log1,RQ1_result/result/trust_game/072601_grok-4.3/data/game_log1.json,28,receiver,0.0,1,0.0,observed,,1
Grok 4.3,TG,game_log1,RQ1_result/result/trust_game/072601_grok-4.3/data/game_log1.json,29,sender,0.0,12,0.0,observed,,12
Grok 4.3,TG,game_log1,RQ1_result/result/trust_game/072601_grok-4.3/data/game_log1.json,29,receiver,,0,,observed,,0
Grok 4.3,TG,game_log1,RQ1_result/result/trust_game/072601_grok-4.3/data/game_log1.json,30,sender,2.5,12,2.5,observed,,12
Grok 4.3,TG,game_log1,RQ1_result/result/trust_game/072601_grok-4.3/data/game_log1.json,30,receiver,0.0,1,0.0,observed,,1
Grok 4.3,TG,game_log2,RQ1_result/result/trust_game/072601_grok-4.3/data/game_log2.json,1,sender,31.666666666666664,12,31.666666666666664,observed,,12
Grok 4.3,TG,game_log2,RQ1_result/result/trust_game/072601_grok-4.3/data/game_log2.json,1,receiver,0.0,8,0.0,observed,,8
Grok 4.3,TG,game_log2,RQ1_result/result/trust_game/072601_grok-4.3/data/game_log2.json,2,sender,4.166666666666666,12,4.166666666666666,observed,,12
Grok 4.3,TG,game_log2,RQ1_result/result/trust_game/072601_grok-4.3/data/game_log2.json,2,receiver,0.0,1,0.0,observed,,1
Grok 4.3,TG,game_log2,RQ1_result/result/trust_game/072601_grok-4.3/data/game_log2.json,3,sender,20.833333333333336,12,20.833333333333336,observed,,12
Grok 4.3,TG,game_log2,RQ1_result/result/trust_game/072601_grok-4.3/data/game_log2.json,3,receiver,0.0,5,0.0,observed,,5
Grok 4.3,TG,game_log2,RQ1_result/result/trust_game/072601_grok-4.3/data/game_log2.json,4,sender,12.5,12,12.5,observed,,12
Grok 4.3,TG,game_log2,RQ1_result/result/trust_game/072601_grok-4.3/data/game_log2.json,4,receiver,0.0,3,0.0,observed,,3
Grok 4.3,TG,game_log2,RQ1_result/result/trust_game/072601_grok-4.3/data/game_log2.json,5,sender,12.5,12,12.5,observed,,12
Grok 4.3,TG,game_log2,RQ1_result/result/trust_game/072601_grok-4.3/data/game_log2.json,5,receiver,0.0,3,0.0,observed,,3
Grok 4.3,TG,game_log2,RQ1_result/result/trust_game/072601_grok-4.3/data/game_log2.json,6,sender,0.0,12,0.0,observed,,12
Grok 4.3,TG,game_log2,RQ1_result/result/trust_game/072601_grok-4.3/data/game_log2.json,6,receiver,,0,,observed,,0
Grok 4.3,TG,game_log2,RQ1_result/result/trust_game/072601_grok-4.3/data/game_log2.json,7,sender,20.0,12,20.0,observed,,12
Grok 4.3,TG,game_log2,RQ1_result/result/trust_game/072601_grok-4.3/data/game_log2.json,7,receiver,0.0,5,0.0,observed,,5
Grok 4.3,TG,game_log2,RQ1_result/result/trust_game/072601_grok-4.3/data/game_log2.json,8,sender,4.166666666666666,12,4.166666666666666,observed,,12
Grok 4.3,TG,game_log2,RQ1_result/result/trust_game/072601_grok-4.3/data/game_log2.json,8,receiver,0.0,1,0.0,observed,,1
Grok 4.3,TG,game_log2,RQ1_result/result/trust_game/072601_grok-4.3/data/game_log2.json,9,sender,0.0,12,0.0,observed,,12
Grok 4.3,TG,game_log2,RQ1_result/result/trust_game/072601_grok-4.3/data/game_log2.json,9,receiver,,0,,observed,,0
Grok 4.3,TG,game_log2,RQ1_result/result/trust_game/072601_grok-4.3/data/game_log2.json,10,sender,4.166666666666666,12,4.166666666666666,observed,,12
Grok 4.3,TG,game_log2,RQ1_result/result/trust_game/072601_grok-4.3/data/game_log2.json,10,receiver,0.0,1,0.0,observed,,1
Grok 4.3,TG,game_log2,RQ1_result/result/trust_game/072601_grok-4.3/data/game_log2.json,11,sender,8.333333333333332,12,8.333333333333332,observed,,12
Grok 4.3,TG,game_log2,RQ1_result/result/trust_game/072601_grok-4.3/data/game_log2.json,11,receiver,0.0,2,0.0,observed,,2
Grok 4.3,TG,game_log2,RQ1_result/result/trust_game/072601_grok-4.3/data/game_log2.json,12,sender,8.333333333333332,12,8.333333333333332,observed,,12
Grok 4.3,TG,game_log2,RQ1_result/result/trust_game/072601_grok-4.3/data/game_log2.json,12,receiver,0.0,2,0.0,observed,,2
Grok 4.3,TG,game_log2,RQ1_result/result/trust_game/072601_grok-4.3/data/game_log2.json,13,sender,4.166666666666666,12,4.166666666666666,observed,,12
Grok 4.3,TG,game_log2,RQ1_result/result/trust_game/072601_grok-4.3/data/game_log2.json,13,receiver,0.0,1,0.0,observed,,1
Grok 4.3,TG,game_log2,RQ1_result/result/trust_game/072601_grok-4.3/data/game_log2.json,14,sender,8.333333333333332,12,8.333333333333332,observed,,12
Grok 4.3,TG,game_log2,RQ1_result/result/trust_game/072601_grok-4.3/data/game_log2.json,14,receiver,0.0,2,0.0,observed,,2
Grok 4.3,TG,game_log2,RQ1_result/result/trust_game/072601_grok-4.3/data/game_log2.json,15,sender,6.666666666666667,12,6.666666666666667,observed,,12
Grok 4.3,TG,game_log2,RQ1_result/result/trust_game/072601_grok-4.3/data/game_log2.json,15,receiver,0.0,2,0.0,observed,,2
Grok 4.3,TG,game_log2,RQ1_result/result/trust_game/072601_grok-4.3/data/game_log2.json,16,sender,0.0,12,0.0,observed,,12
Grok 4.3,TG,game_log2,RQ1_result/result/trust_game/072601_grok-4.3/data/game_log2.json,16,receiver,,0,,observed,,0
Grok 4.3,TG,game_log2,RQ1_result/result/trust_game/072601_grok-4.3/data/game_log2.json,17,sender,4.166666666666666,12,4.166666666666666,observed,,12
Grok 4.3,TG,game_log2,RQ1_result/result/trust_game/072601_grok-4.3/data/game_log2.json,17,receiver,0.0,1,0.0,observed,,1
Grok 4.3,TG,game_log2,RQ1_result/result/trust_game/072601_grok-4.3/data/game_log2.json,18,sender,4.166666666666666,12,4.166666666666666,observed,,12
Grok 4.3,TG,game_log2,RQ1_result/result/trust_game/072601_grok-4.3/data/game_log2.json,18,receiver,0.0,1,0.0,observed,,1
Grok 4.3,TG,game_log2,RQ1_result/result/trust_game/072601_grok-4.3/data/game_log2.json,19,sender,10.833333333333334,12,10.833333333333334,observed,,12
Grok 4.3,TG,game_log2,RQ1_result/result/trust_game/072601_grok-4.3/data/game_log2.json,19,receiver,0.0,3,0.0,observed,,3
Grok 4.3,TG,game_log2,RQ1_result/result/trust_game/072601_grok-4.3/data/game_log2.json,20,sender,0.0,12,0.0,observed,,12
Grok 4.3,TG,game_log2,RQ1_result/result/trust_game/072601_grok-4.3/data/game_log2.json,20,receiver,,0,,observed,,0
Grok 4.3,TG,game_log2,RQ1_result/result/trust_game/072601_grok-4.3/data/game_log2.json,21,sender,1.6666666666666667,12,1.6666666666666667,observed,,12
Grok 4.3,TG,game_log2,RQ1_result/result/trust_game/072601_grok-4.3/data/game_log2.json,21,receiver,33.33333333333333,1,33.33333333333333,observed,,1
Grok 4.3,TG,game_log2,RQ1_result/result/trust_game/072601_grok-4.3/data/game_log2.json,22,sender,9.166666666666668,12,9.166666666666668,observed,,12
Grok 4.3,TG,game_log2,RQ1_result/result/trust_game/072601_grok-4.3/data/game_log2.json,22,receiver,16.666666666666664,4,16.666666666666664,observed,,4
Grok 4.3,TG,game_log2,RQ1_result/result/trust_game/072601_grok-4.3/data/game_log2.json,23,sender,8.333333333333332,12,8.333333333333332,observed,,12
Grok 4.3,TG,game_log2,RQ1_result/result/trust_game/072601_grok-4.3/data/game_log2.json,23,receiver,0.0,2,0.0,observed,,2
Grok 4.3,TG,game_log2,RQ1_result/result/trust_game/072601_grok-4.3/data/game_log2.json,24,sender,8.333333333333332,12,8.333333333333332,observed,,12
Grok 4.3,TG,game_log2,RQ1_result/result/trust_game/072601_grok-4.3/data/game_log2.json,24,receiver,0.0,2,0.0,observed,,2
Grok 4.3,TG,game_log2,RQ1_result/result/trust_game/072601_grok-4.3/data/game_log2.json,25,sender,4.166666666666666,12,4.166666666666666,observed,,12
Grok 4.3,TG,game_log2,RQ1_result/result/trust_game/072601_grok-4.3/data/game_log2.json,25,receiver,0.0,1,0.0,observed,,1
Grok 4.3,TG,game_log2,RQ1_result/result/trust_game/072601_grok-4.3/data/game_log2.json,26,sender,8.333333333333332,12,8.333333333333332,observed,,12
Grok 4.3,TG,game_log2,RQ1_result/result/trust_game/072601_grok-4.3/data/game_log2.json,26,receiver,0.0,2,0.0,observed,,2
Grok 4.3,TG,game_log2,RQ1_result/result/trust_game/072601_grok-4.3/data/game_log2.json,27,sender,10.833333333333334,12,10.833333333333334,observed,,12
Grok 4.3,TG,game_log2,RQ1_result/result/trust_game/072601_grok-4.3/data/game_log2.json,27,receiver,0.0,3,0.0,observed,,3
Grok 4.3,TG,game_log2,RQ1_result/result/trust_game/072601_grok-4.3/data/game_log2.json,28,sender,4.166666666666666,12,4.166666666666666,observed,,12
Grok 4.3,TG,game_log2,RQ1_result/result/trust_game/072601_grok-4.3/data/game_log2.json,28,receiver,0.0,1,0.0,observed,,1
Grok 4.3,TG,game_log2,RQ1_result/result/trust_game/072601_grok-4.3/data/game_log2.json,29,sender,5.0,12,5.0,observed,,12
Grok 4.3,TG,game_log2,RQ1_result/result/trust_game/072601_grok-4.3/data/game_log2.json,29,receiver,0.0,1,0.0,observed,,1
Grok 4.3,TG,game_log2,RQ1_result/result/trust_game/072601_grok-4.3/data/game_log2.json,30,sender,12.5,12,12.5,observed,,12
Grok 4.3,TG,game_log2,RQ1_result/result/trust_game/072601_grok-4.3/data/game_log2.json,30,receiver,0.0,3,0.0,observed,,3
Grok 4.3,TG,game_log3,RQ1_result/result/trust_game/072601_grok-4.3/data/game_log3.json,1,sender,19.166666666666664,12,19.166666666666664,observed,,12
Grok 4.3,TG,game_log3,RQ1_result/result/trust_game/072601_grok-4.3/data/game_log3.json,1,receiver,0.0,4,0.0,observed,,4
Grok 4.3,TG,game_log3,RQ1_result/result/trust_game/072601_grok-4.3/data/game_log3.json,2,sender,4.166666666666666,12,4.166666666666666,observed,,12
Grok 4.3,TG,game_log3,RQ1_result/result/trust_game/072601_grok-4.3/data/game_log3.json,2,receiver,0.0,1,0.0,observed,,1
Grok 4.3,TG,game_log3,RQ1_result/result/trust_game/072601_grok-4.3/data/game_log3.json,3,sender,7.5,12,7.5,observed,,12
Grok 4.3,TG,game_log3,RQ1_result/result/trust_game/072601_grok-4.3/data/game_log3.json,3,receiver,0.0,2,0.0,observed,,2
Grok 4.3,TG,game_log3,RQ1_result/result/trust_game/072601_grok-4.3/data/game_log3.json,4,sender,15.833333333333332,12,15.833333333333332,observed,,12
Grok 4.3,TG,game_log3,RQ1_result/result/trust_game/072601_grok-4.3/data/game_log3.json,4,receiver,0.0,4,0.0,observed,,4
Grok 4.3,TG,game_log3,RQ1_result/result/trust_game/072601_grok-4.3/data/game_log3.json,5,sender,15.0,12,15.0,observed,,12
Grok 4.3,TG,game_log3,RQ1_result/result/trust_game/072601_grok-4.3/data/game_log3.json,5,receiver,0.0,4,0.0,observed,,4
Grok 4.3,TG,game_log3,RQ1_result/result/trust_game/072601_grok-4.3/data/game_log3.json,6,sender,8.333333333333332,12,8.333333333333332,observed,,12
Grok 4.3,TG,game_log3,RQ1_result/result/trust_game/072601_grok-4.3/data/game_log3.json,6,receiver,0.0,2,0.0,observed,,2
Grok 4.3,TG,game_log3,RQ1_result/result/trust_game/072601_grok-4.3/data/game_log3.json,7,sender,12.5,12,12.5,observed,,12
Grok 4.3,TG,game_log3,RQ1_result/result/trust_game/072601_grok-4.3/data/game_log3.json,7,receiver,0.0,3,0.0,observed,,3
Grok 4.3,TG,game_log3,RQ1_result/result/trust_game/072601_grok-4.3/data/game_log3.json,8,sender,2.5,12,2.5,observed,,12
Grok 4.3,TG,game_log3,RQ1_result/result/trust_game/072601_grok-4.3/data/game_log3.json,8,receiver,0.0,1,0.0,observed,,1
Grok 4.3,TG,game_log3,RQ1_result/result/trust_game/072601_grok-4.3/data/game_log3.json,9,sender,4.166666666666666,12,4.166666666666666,observed,,12
Grok 4.3,TG,game_log3,RQ1_result/result/trust_game/072601_grok-4.3/data/game_log3.json,9,receiver,0.0,1,0.0,observed,,1
Grok 4.3,TG,game_log3,RQ1_result/result/trust_game/072601_grok-4.3/data/game_log3.json,10,sender,16.666666666666664,12,16.666666666666664,observed,,12
Grok 4.3,TG,game_log3,RQ1_result/result/trust_game/072601_grok-4.3/data/game_log3.json,10,receiver,0.0,4,0.0,observed,,4
Grok 4.3,TG,game_log3,RQ1_result/result/trust_game/072601_grok-4.3/data/game_log3.json,11,sender,16.666666666666664,12,16.666666666666664,observed,,12
Grok 4.3,TG,game_log3,RQ1_result/result/trust_game/072601_grok-4.3/data/game_log3.json,11,receiver,0.0,4,0.0,observed,,4
Grok 4.3,TG,game_log3,RQ1_result/result/trust_game/072601_grok-4.3/data/game_log3.json,12,sender,16.666666666666664,12,16.666666666666664,observed,,12
Grok 4.3,TG,game_log3,RQ1_result/result/trust_game/072601_grok-4.3/data/game_log3.json,12,receiver,0.0,4,0.0,observed,,4
Grok 4.3,TG,game_log3,RQ1_result/result/trust_game/072601_grok-4.3/data/game_log3.json,13,sender,12.5,12,12.5,observed,,12
Grok 4.3,TG,game_log3,RQ1_result/result/trust_game/072601_grok-4.3/data/game_log3.json,13,receiver,0.0,3,0.0,observed,,3
Grok 4.3,TG,game_log3,RQ1_result/result/trust_game/072601_grok-4.3/data/game_log3.json,14,sender,8.333333333333332,12,8.333333333333332,observed,,12
Grok 4.3,TG,game_log3,RQ1_result/result/trust_game/072601_grok-4.3/data/game_log3.json,14,receiver,0.0,2,0.0,observed,,2
Grok 4.3,TG,game_log3,RQ1_result/result/trust_game/072601_grok-4.3/data/game_log3.json,15,sender,4.166666666666666,12,4.166666666666666,observed,,12
Grok 4.3,TG,game_log3,RQ1_result/result/trust_game/072601_grok-4.3/data/game_log3.json,15,receiver,0.0,1,0.0,observed,,1
Grok 4.3,TG,game_log3,RQ1_result/result/trust_game/072601_grok-4.3/data/game_log3.json,16,sender,8.333333333333332,12,8.333333333333332,observed,,12
Grok 4.3,TG,game_log3,RQ1_result/result/trust_game/072601_grok-4.3/data/game_log3.json,16,receiver,16.666666666666664,2,16.666666666666664,observed,,2
Grok 4.3,TG,game_log3,RQ1_result/result/trust_game/072601_grok-4.3/data/game_log3.json,17,sender,8.333333333333332,12,8.333333333333332,observed,,12
Grok 4.3,TG,game_log3,RQ1_result/result/trust_game/072601_grok-4.3/data/game_log3.json,17,receiver,0.0,2,0.0,observed,,2
Grok 4.3,TG,game_log3,RQ1_result/result/trust_game/072601_grok-4.3/data/game_log3.json,18,sender,4.166666666666666,12,4.166666666666666,observed,,12
Grok 4.3,TG,game_log3,RQ1_result/result/trust_game/072601_grok-4.3/data/game_log3.json,18,receiver,0.0,1,0.0,observed,,1
Grok 4.3,TG,game_log3,RQ1_result/result/trust_game/072601_grok-4.3/data/game_log3.json,19,sender,0.0,12,0.0,observed,,12
Grok 4.3,TG,game_log3,RQ1_result/result/trust_game/072601_grok-4.3/data/game_log3.json,19,receiver,,0,,observed,,0
Grok 4.3,TG,game_log3,RQ1_result/result/trust_game/072601_grok-4.3/data/game_log3.json,20,sender,4.166666666666666,12,4.166666666666666,observed,,12
Grok 4.3,TG,game_log3,RQ1_result/result/trust_game/072601_grok-4.3/data/game_log3.json,20,receiver,0.0,1,0.0,observed,,1
Grok 4.3,TG,game_log3,RQ1_result/result/trust_game/072601_grok-4.3/data/game_log3.json,21,sender,12.5,12,12.5,observed,,12
Grok 4.3,TG,game_log3,RQ1_result/result/trust_game/072601_grok-4.3/data/game_log3.json,21,receiver,0.0,3,0.0,observed,,3
Grok 4.3,TG,game_log3,RQ1_result/result/trust_game/072601_grok-4.3/data/game_log3.json,22,sender,12.5,12,12.5,observed,,12
Grok 4.3,TG,game_log3,RQ1_result/result/trust_game/072601_grok-4.3/data/game_log3.json,22,receiver,0.0,3,0.0,observed,,3
Grok 4.3,TG,game_log3,RQ1_result/result/trust_game/072601_grok-4.3/data/game_log3.json,23,sender,0.0,12,0.0,observed,,12
Grok 4.3,TG,game_log3,RQ1_result/result/trust_game/072601_grok-4.3/data/game_log3.json,23,receiver,,0,,observed,,0
Grok 4.3,TG,game_log3,RQ1_result/result/trust_game/072601_grok-4.3/data/game_log3.json,24,sender,0.0,12,0.0,observed,,12
Grok 4.3,TG,game_log3,RQ1_result/result/trust_game/072601_grok-4.3/data/game_log3.json,24,receiver,,0,,observed,,0
Grok 4.3,TG,game_log3,RQ1_result/result/trust_game/072601_grok-4.3/data/game_log3.json,25,sender,4.166666666666666,12,4.166666666666666,observed,,12
Grok 4.3,TG,game_log3,RQ1_result/result/trust_game/072601_grok-4.3/data/game_log3.json,25,receiver,0.0,1,0.0,observed,,1
Grok 4.3,TG,game_log3,RQ1_result/result/trust_game/072601_grok-4.3/data/game_log3.json,26,sender,0.0,12,0.0,observed,,12
Grok 4.3,TG,game_log3,RQ1_result/result/trust_game/072601_grok-4.3/data/game_log3.json,26,receiver,,0,,observed,,0
Grok 4.3,TG,game_log3,RQ1_result/result/trust_game/072601_grok-4.3/data/game_log3.json,27,sender,4.166666666666666,12,4.166666666666666,observed,,12
Grok 4.3,TG,game_log3,RQ1_result/result/trust_game/072601_grok-4.3/data/game_log3.json,27,receiver,0.0,1,0.0,observed,,1
Grok 4.3,TG,game_log3,RQ1_result/result/trust_game/072601_grok-4.3/data/game_log3.json,28,sender,6.666666666666667,12,6.666666666666667,observed,,12
Grok 4.3,TG,game_log3,RQ1_result/result/trust_game/072601_grok-4.3/data/game_log3.json,28,receiver,0.0,2,0.0,observed,,2
Grok 4.3,TG,game_log3,RQ1_result/result/trust_game/072601_grok-4.3/data/game_log3.json,29,sender,4.166666666666666,12,4.166666666666666,observed,,12
Grok 4.3,TG,game_log3,RQ1_result/result/trust_game/072601_grok-4.3/data/game_log3.json,29,receiver,0.0,1,0.0,observed,,1
Grok 4.3,TG,game_log3,RQ1_result/result/trust_game/072601_grok-4.3/data/game_log3.json,30,sender,4.166666666666666,12,4.166666666666666,observed,,12
Grok 4.3,TG,game_log3,RQ1_result/result/trust_game/072601_grok-4.3/data/game_log3.json,30,receiver,0.0,1,0.0,observed,,1
DeepSeek V4 Pro,PD,game_log1,RQ1_result/result/prisoners_dilemma/091501_deepseek-v4-pro/data/game_log1.json,1,cooperation,0.0,24,0.0,observed,,24
DeepSeek V4 Pro,PD,game_log1,RQ1_result/result/prisoners_dilemma/091501_deepseek-v4-pro/data/game_log1.json,2,cooperation,0.0,24,0.0,observed,,24
DeepSeek V4 Pro,PD,game_log1,RQ1_result/result/prisoners_dilemma/091501_deepseek-v4-pro/data/game_log1.json,3,cooperation,0.0,24,0.0,observed,,24
DeepSeek V4 Pro,PD,game_log1,RQ1_result/result/prisoners_dilemma/091501_deepseek-v4-pro/data/game_log1.json,4,cooperation,0.0,24,0.0,observed,,24
DeepSeek V4 Pro,PD,game_log1,RQ1_result/result/prisoners_dilemma/091501_deepseek-v4-pro/data/game_log1.json,5,cooperation,0.0,24,0.0,observed,,24
DeepSeek V4 Pro,PD,game_log1,RQ1_result/result/prisoners_dilemma/091501_deepseek-v4-pro/data/game_log1.json,6,cooperation,0.0,24,0.0,observed,,24
DeepSeek V4 Pro,PD,game_log1,RQ1_result/result/prisoners_dilemma/091501_deepseek-v4-pro/data/game_log1.json,7,cooperation,0.0,24,0.0,observed,,24
DeepSeek V4 Pro,PD,game_log1,RQ1_result/result/prisoners_dilemma/091501_deepseek-v4-pro/data/game_log1.json,8,cooperation,0.0,24,0.0,observed,,24
DeepSeek V4 Pro,PD,game_log1,RQ1_result/result/prisoners_dilemma/091501_deepseek-v4-pro/data/game_log1.json,9,cooperation,0.0,24,0.0,observed,,24
DeepSeek V4 Pro,PD,game_log1,RQ1_result/result/prisoners_dilemma/091501_deepseek-v4-pro/data/game_log1.json,10,cooperation,0.0,24,0.0,observed,,24
DeepSeek V4 Pro,PD,game_log2,RQ1_result/result/prisoners_dilemma/091501_deepseek-v4-pro/data/game_log2.json,1,cooperation,0.0,24,0.0,observed,,24
DeepSeek V4 Pro,PD,game_log2,RQ1_result/result/prisoners_dilemma/091501_deepseek-v4-pro/data/game_log2.json,2,cooperation,0.0,24,0.0,observed,,24
DeepSeek V4 Pro,PD,game_log2,RQ1_result/result/prisoners_dilemma/091501_deepseek-v4-pro/data/game_log2.json,3,cooperation,0.0,24,0.0,observed,,24
DeepSeek V4 Pro,PD,game_log2,RQ1_result/result/prisoners_dilemma/091501_deepseek-v4-pro/data/game_log2.json,4,cooperation,0.0,24,0.0,observed,,24
DeepSeek V4 Pro,PD,game_log2,RQ1_result/result/prisoners_dilemma/091501_deepseek-v4-pro/data/game_log2.json,5,cooperation,0.0,24,0.0,observed,,24
DeepSeek V4 Pro,PD,game_log2,RQ1_result/result/prisoners_dilemma/091501_deepseek-v4-pro/data/game_log2.json,6,cooperation,0.0,24,0.0,observed,,24
DeepSeek V4 Pro,PD,game_log2,RQ1_result/result/prisoners_dilemma/091501_deepseek-v4-pro/data/game_log2.json,7,cooperation,0.0,24,0.0,observed,,24
DeepSeek V4 Pro,PD,game_log2,RQ1_result/result/prisoners_dilemma/091501_deepseek-v4-pro/data/game_log2.json,8,cooperation,0.0,24,0.0,observed,,24
DeepSeek V4 Pro,PD,game_log2,RQ1_result/result/prisoners_dilemma/091501_deepseek-v4-pro/data/game_log2.json,9,cooperation,0.0,24,0.0,observed,,24
DeepSeek V4 Pro,PD,game_log2,RQ1_result/result/prisoners_dilemma/091501_deepseek-v4-pro/data/game_log2.json,10,cooperation,4.166666666666666,24,4.166666666666666,observed,,24
DeepSeek V4 Pro,PD,game_log3,RQ1_result/result/prisoners_dilemma/091501_deepseek-v4-pro/data/game_log3.json,1,cooperation,0.0,24,0.0,observed,,24
DeepSeek V4 Pro,PD,game_log3,RQ1_result/result/prisoners_dilemma/091501_deepseek-v4-pro/data/game_log3.json,2,cooperation,0.0,24,0.0,observed,,24
DeepSeek V4 Pro,PD,game_log3,RQ1_result/result/prisoners_dilemma/091501_deepseek-v4-pro/data/game_log3.json,3,cooperation,0.0,24,0.0,observed,,24
DeepSeek V4 Pro,PD,game_log3,RQ1_result/result/prisoners_dilemma/091501_deepseek-v4-pro/data/game_log3.json,4,cooperation,0.0,24,0.0,observed,,24
DeepSeek V4 Pro,PD,game_log3,RQ1_result/result/prisoners_dilemma/091501_deepseek-v4-pro/data/game_log3.json,5,cooperation,0.0,24,0.0,observed,,24
DeepSeek V4 Pro,PD,game_log3,RQ1_result/result/prisoners_dilemma/091501_deepseek-v4-pro/data/game_log3.json,6,cooperation,0.0,24,0.0,observed,,24
DeepSeek V4 Pro,PD,game_log3,RQ1_result/result/prisoners_dilemma/091501_deepseek-v4-pro/data/game_log3.json,7,cooperation,0.0,24,0.0,observed,,24
DeepSeek V4 Pro,PD,game_log3,RQ1_result/result/prisoners_dilemma/091501_deepseek-v4-pro/data/game_log3.json,8,cooperation,0.0,24,0.0,observed,,24
DeepSeek V4 Pro,PD,game_log3,RQ1_result/result/prisoners_dilemma/091501_deepseek-v4-pro/data/game_log3.json,9,cooperation,0.0,24,0.0,observed,,24
DeepSeek V4 Pro,PD,game_log3,RQ1_result/result/prisoners_dilemma/091501_deepseek-v4-pro/data/game_log3.json,10,cooperation,0.0,24,0.0,observed,,24
DeepSeek V4 Pro,PGG,game_logs1,RQ1_result/result/public_goods/result_063004_deepseek-v4-pro/game_logs1.json,1,contribution,0.0,24,0.0,observed,,24
DeepSeek V4 Pro,PGG,game_logs1,RQ1_result/result/public_goods/result_063004_deepseek-v4-pro/game_logs1.json,2,contribution,0.0,24,0.0,observed,,24
DeepSeek V4 Pro,PGG,game_logs1,RQ1_result/result/public_goods/result_063004_deepseek-v4-pro/game_logs1.json,3,contribution,0.0,24,0.0,observed,,24
DeepSeek V4 Pro,PGG,game_logs1,RQ1_result/result/public_goods/result_063004_deepseek-v4-pro/game_logs1.json,4,contribution,0.0,24,0.0,observed,,24
DeepSeek V4 Pro,PGG,game_logs1,RQ1_result/result/public_goods/result_063004_deepseek-v4-pro/game_logs1.json,5,contribution,0.0,24,0.0,observed,,24
DeepSeek V4 Pro,PGG,game_logs1,RQ1_result/result/public_goods/result_063004_deepseek-v4-pro/game_logs1.json,6,contribution,0.0,24,0.0,observed,,24
DeepSeek V4 Pro,PGG,game_logs1,RQ1_result/result/public_goods/result_063004_deepseek-v4-pro/game_logs1.json,7,contribution,0.0,24,0.0,observed,,24
DeepSeek V4 Pro,PGG,game_logs1,RQ1_result/result/public_goods/result_063004_deepseek-v4-pro/game_logs1.json,8,contribution,0.0,24,0.0,observed,,24
DeepSeek V4 Pro,PGG,game_logs1,RQ1_result/result/public_goods/result_063004_deepseek-v4-pro/game_logs1.json,9,contribution,0.0,24,0.0,observed,,24
DeepSeek V4 Pro,PGG,game_logs1,RQ1_result/result/public_goods/result_063004_deepseek-v4-pro/game_logs1.json,10,contribution,0.0,24,0.0,observed,,24
DeepSeek V4 Pro,PGG,game_logs1,RQ1_result/result/public_goods/result_063004_deepseek-v4-pro/game_logs1.json,11,contribution,0.0,24,0.0,observed,,24
DeepSeek V4 Pro,PGG,game_logs1,RQ1_result/result/public_goods/result_063004_deepseek-v4-pro/game_logs1.json,12,contribution,0.0,24,0.0,observed,,24
DeepSeek V4 Pro,PGG,game_logs1,RQ1_result/result/public_goods/result_063004_deepseek-v4-pro/game_logs1.json,13,contribution,0.0,24,0.0,observed,,24
DeepSeek V4 Pro,PGG,game_logs1,RQ1_result/result/public_goods/result_063004_deepseek-v4-pro/game_logs1.json,14,contribution,0.0,24,0.0,observed,,24
DeepSeek V4 Pro,PGG,game_logs1,RQ1_result/result/public_goods/result_063004_deepseek-v4-pro/game_logs1.json,15,contribution,0.0,24,0.0,observed,,24
DeepSeek V4 Pro,PGG,game_logs1,RQ1_result/result/public_goods/result_063004_deepseek-v4-pro/game_logs1.json,16,contribution,0.0,24,0.0,observed,,24
DeepSeek V4 Pro,PGG,game_logs1,RQ1_result/result/public_goods/result_063004_deepseek-v4-pro/game_logs1.json,17,contribution,0.0,24,0.0,observed,,24
DeepSeek V4 Pro,PGG,game_logs1,RQ1_result/result/public_goods/result_063004_deepseek-v4-pro/game_logs1.json,18,contribution,0.0,24,0.0,observed,,24
DeepSeek V4 Pro,PGG,game_logs1,RQ1_result/result/public_goods/result_063004_deepseek-v4-pro/game_logs1.json,19,contribution,0.0,24,0.0,observed,,24
DeepSeek V4 Pro,PGG,game_logs1,RQ1_result/result/public_goods/result_063004_deepseek-v4-pro/game_logs1.json,20,contribution,0.0,24,0.0,observed,,24
DeepSeek V4 Pro,PGG,game_logs1,RQ1_result/result/public_goods/result_063004_deepseek-v4-pro/game_logs1.json,21,contribution,0.0,24,0.0,observed,,24
DeepSeek V4 Pro,PGG,game_logs1,RQ1_result/result/public_goods/result_063004_deepseek-v4-pro/game_logs1.json,22,contribution,0.0,24,0.0,observed,,24
DeepSeek V4 Pro,PGG,game_logs1,RQ1_result/result/public_goods/result_063004_deepseek-v4-pro/game_logs1.json,23,contribution,0.0,24,0.0,observed,,24
DeepSeek V4 Pro,PGG,game_logs1,RQ1_result/result/public_goods/result_063004_deepseek-v4-pro/game_logs1.json,24,contribution,0.0,24,0.0,observed,,24
DeepSeek V4 Pro,PGG,game_logs1,RQ1_result/result/public_goods/result_063004_deepseek-v4-pro/game_logs1.json,25,contribution,0.0,24,0.0,observed,,24
DeepSeek V4 Pro,PGG,game_logs1,RQ1_result/result/public_goods/result_063004_deepseek-v4-pro/game_logs1.json,26,contribution,0.0,24,0.0,observed,,24
DeepSeek V4 Pro,PGG,game_logs1,RQ1_result/result/public_goods/result_063004_deepseek-v4-pro/game_logs1.json,27,contribution,0.0,24,0.0,observed,,24
DeepSeek V4 Pro,PGG,game_logs1,RQ1_result/result/public_goods/result_063004_deepseek-v4-pro/game_logs1.json,28,contribution,0.0,24,0.0,observed,,24
DeepSeek V4 Pro,PGG,game_logs1,RQ1_result/result/public_goods/result_063004_deepseek-v4-pro/game_logs1.json,29,contribution,0.0,24,0.0,observed,,24
DeepSeek V4 Pro,PGG,game_logs1,RQ1_result/result/public_goods/result_063004_deepseek-v4-pro/game_logs1.json,30,contribution,0.0,24,0.0,observed,,24
DeepSeek V4 Pro,PGG,game_logs2,RQ1_result/result/public_goods/result_063004_deepseek-v4-pro/game_logs2.json,1,contribution,0.0,24,0.0,observed,,24
DeepSeek V4 Pro,PGG,game_logs2,RQ1_result/result/public_goods/result_063004_deepseek-v4-pro/game_logs2.json,2,contribution,0.0,24,0.0,observed,,24
DeepSeek V4 Pro,PGG,game_logs2,RQ1_result/result/public_goods/result_063004_deepseek-v4-pro/game_logs2.json,3,contribution,0.0,24,0.0,observed,,24
DeepSeek V4 Pro,PGG,game_logs2,RQ1_result/result/public_goods/result_063004_deepseek-v4-pro/game_logs2.json,4,contribution,0.0,24,0.0,observed,,24
DeepSeek V4 Pro,PGG,game_logs2,RQ1_result/result/public_goods/result_063004_deepseek-v4-pro/game_logs2.json,5,contribution,0.0,24,0.0,observed,,24
DeepSeek V4 Pro,PGG,game_logs2,RQ1_result/result/public_goods/result_063004_deepseek-v4-pro/game_logs2.json,6,contribution,0.0,24,0.0,observed,,24
DeepSeek V4 Pro,PGG,game_logs2,RQ1_result/result/public_goods/result_063004_deepseek-v4-pro/game_logs2.json,7,contribution,0.0,24,0.0,observed,,24
DeepSeek V4 Pro,PGG,game_logs2,RQ1_result/result/public_goods/result_063004_deepseek-v4-pro/game_logs2.json,8,contribution,0.0,24,0.0,observed,,24
DeepSeek V4 Pro,PGG,game_logs2,RQ1_result/result/public_goods/result_063004_deepseek-v4-pro/game_logs2.json,9,contribution,0.0,24,0.0,observed,,24
DeepSeek V4 Pro,PGG,game_logs2,RQ1_result/result/public_goods/result_063004_deepseek-v4-pro/game_logs2.json,10,contribution,0.0,24,0.0,observed,,24
DeepSeek V4 Pro,PGG,game_logs2,RQ1_result/result/public_goods/result_063004_deepseek-v4-pro/game_logs2.json,11,contribution,0.0,24,0.0,observed,,24
DeepSeek V4 Pro,PGG,game_logs2,RQ1_result/result/public_goods/result_063004_deepseek-v4-pro/game_logs2.json,12,contribution,0.0,24,0.0,observed,,24
DeepSeek V4 Pro,PGG,game_logs2,RQ1_result/result/public_goods/result_063004_deepseek-v4-pro/game_logs2.json,13,contribution,0.0,24,0.0,observed,,24
DeepSeek V4 Pro,PGG,game_logs2,RQ1_result/result/public_goods/result_063004_deepseek-v4-pro/game_logs2.json,14,contribution,0.0,24,0.0,observed,,24
DeepSeek V4 Pro,PGG,game_logs2,RQ1_result/result/public_goods/result_063004_deepseek-v4-pro/game_logs2.json,15,contribution,0.0,24,0.0,observed,,24
DeepSeek V4 Pro,PGG,game_logs2,RQ1_result/result/public_goods/result_063004_deepseek-v4-pro/game_logs2.json,16,contribution,0.0,24,0.0,observed,,24
DeepSeek V4 Pro,PGG,game_logs2,RQ1_result/result/public_goods/result_063004_deepseek-v4-pro/game_logs2.json,17,contribution,0.0,24,0.0,observed,,24
DeepSeek V4 Pro,PGG,game_logs2,RQ1_result/result/public_goods/result_063004_deepseek-v4-pro/game_logs2.json,18,contribution,0.0,24,0.0,observed,,24
DeepSeek V4 Pro,PGG,game_logs2,RQ1_result/result/public_goods/result_063004_deepseek-v4-pro/game_logs2.json,19,contribution,0.0,24,0.0,observed,,24
DeepSeek V4 Pro,PGG,game_logs2,RQ1_result/result/public_goods/result_063004_deepseek-v4-pro/game_logs2.json,20,contribution,0.0,24,0.0,observed,,24
DeepSeek V4 Pro,PGG,game_logs2,RQ1_result/result/public_goods/result_063004_deepseek-v4-pro/game_logs2.json,21,contribution,0.0,24,0.0,observed,,24
DeepSeek V4 Pro,PGG,game_logs2,RQ1_result/result/public_goods/result_063004_deepseek-v4-pro/game_logs2.json,22,contribution,0.0,24,0.0,observed,,24
DeepSeek V4 Pro,PGG,game_logs2,RQ1_result/result/public_goods/result_063004_deepseek-v4-pro/game_logs2.json,23,contribution,0.0,24,0.0,observed,,24
DeepSeek V4 Pro,PGG,game_logs2,RQ1_result/result/public_goods/result_063004_deepseek-v4-pro/game_logs2.json,24,contribution,0.0,24,0.0,observed,,24
DeepSeek V4 Pro,PGG,game_logs2,RQ1_result/result/public_goods/result_063004_deepseek-v4-pro/game_logs2.json,25,contribution,0.0,24,0.0,observed,,24
DeepSeek V4 Pro,PGG,game_logs2,RQ1_result/result/public_goods/result_063004_deepseek-v4-pro/game_logs2.json,26,contribution,0.0,24,0.0,observed,,24
DeepSeek V4 Pro,PGG,game_logs2,RQ1_result/result/public_goods/result_063004_deepseek-v4-pro/game_logs2.json,27,contribution,0.0,24,0.0,observed,,24
DeepSeek V4 Pro,PGG,game_logs2,RQ1_result/result/public_goods/result_063004_deepseek-v4-pro/game_logs2.json,28,contribution,0.0,24,0.0,observed,,24
DeepSeek V4 Pro,PGG,game_logs2,RQ1_result/result/public_goods/result_063004_deepseek-v4-pro/game_logs2.json,29,contribution,0.0,24,0.0,observed,,24
DeepSeek V4 Pro,PGG,game_logs2,RQ1_result/result/public_goods/result_063004_deepseek-v4-pro/game_logs2.json,30,contribution,0.0,24,0.0,observed,,24
DeepSeek V4 Pro,PGG,game_logs3,RQ1_result/result/public_goods/result_063004_deepseek-v4-pro/game_logs3.json,1,contribution,0.0,24,0.0,observed,,24
DeepSeek V4 Pro,PGG,game_logs3,RQ1_result/result/public_goods/result_063004_deepseek-v4-pro/game_logs3.json,2,contribution,0.0,24,0.0,observed,,24
DeepSeek V4 Pro,PGG,game_logs3,RQ1_result/result/public_goods/result_063004_deepseek-v4-pro/game_logs3.json,3,contribution,0.0,24,0.0,observed,,24
DeepSeek V4 Pro,PGG,game_logs3,RQ1_result/result/public_goods/result_063004_deepseek-v4-pro/game_logs3.json,4,contribution,0.0,24,0.0,observed,,24
DeepSeek V4 Pro,PGG,game_logs3,RQ1_result/result/public_goods/result_063004_deepseek-v4-pro/game_logs3.json,5,contribution,0.0,24,0.0,observed,,24
DeepSeek V4 Pro,PGG,game_logs3,RQ1_result/result/public_goods/result_063004_deepseek-v4-pro/game_logs3.json,6,contribution,0.0,24,0.0,observed,,24
DeepSeek V4 Pro,PGG,game_logs3,RQ1_result/result/public_goods/result_063004_deepseek-v4-pro/game_logs3.json,7,contribution,0.0,24,0.0,observed,,24
DeepSeek V4 Pro,PGG,game_logs3,RQ1_result/result/public_goods/result_063004_deepseek-v4-pro/game_logs3.json,8,contribution,0.0,24,0.0,observed,,24
DeepSeek V4 Pro,PGG,game_logs3,RQ1_result/result/public_goods/result_063004_deepseek-v4-pro/game_logs3.json,9,contribution,0.0,24,0.0,observed,,24
DeepSeek V4 Pro,PGG,game_logs3,RQ1_result/result/public_goods/result_063004_deepseek-v4-pro/game_logs3.json,10,contribution,0.0,24,0.0,observed,,24
DeepSeek V4 Pro,PGG,game_logs3,RQ1_result/result/public_goods/result_063004_deepseek-v4-pro/game_logs3.json,11,contribution,0.0,24,0.0,observed,,24
DeepSeek V4 Pro,PGG,game_logs3,RQ1_result/result/public_goods/result_063004_deepseek-v4-pro/game_logs3.json,12,contribution,0.0,24,0.0,observed,,24
DeepSeek V4 Pro,PGG,game_logs3,RQ1_result/result/public_goods/result_063004_deepseek-v4-pro/game_logs3.json,13,contribution,0.0,24,0.0,observed,,24
DeepSeek V4 Pro,PGG,game_logs3,RQ1_result/result/public_goods/result_063004_deepseek-v4-pro/game_logs3.json,14,contribution,0.0,24,0.0,observed,,24
DeepSeek V4 Pro,PGG,game_logs3,RQ1_result/result/public_goods/result_063004_deepseek-v4-pro/game_logs3.json,15,contribution,0.0,24,0.0,observed,,24
DeepSeek V4 Pro,PGG,game_logs3,RQ1_result/result/public_goods/result_063004_deepseek-v4-pro/game_logs3.json,16,contribution,0.0,24,0.0,observed,,24
DeepSeek V4 Pro,PGG,game_logs3,RQ1_result/result/public_goods/result_063004_deepseek-v4-pro/game_logs3.json,17,contribution,0.0,24,0.0,observed,,24
DeepSeek V4 Pro,PGG,game_logs3,RQ1_result/result/public_goods/result_063004_deepseek-v4-pro/game_logs3.json,18,contribution,0.0,24,0.0,observed,,24
DeepSeek V4 Pro,PGG,game_logs3,RQ1_result/result/public_goods/result_063004_deepseek-v4-pro/game_logs3.json,19,contribution,0.0,24,0.0,observed,,24
DeepSeek V4 Pro,PGG,game_logs3,RQ1_result/result/public_goods/result_063004_deepseek-v4-pro/game_logs3.json,20,contribution,0.0,24,0.0,observed,,24
DeepSeek V4 Pro,PGG,game_logs3,RQ1_result/result/public_goods/result_063004_deepseek-v4-pro/game_logs3.json,21,contribution,0.0,24,0.0,observed,,24
DeepSeek V4 Pro,PGG,game_logs3,RQ1_result/result/public_goods/result_063004_deepseek-v4-pro/game_logs3.json,22,contribution,0.0,24,0.0,observed,,24
DeepSeek V4 Pro,PGG,game_logs3,RQ1_result/result/public_goods/result_063004_deepseek-v4-pro/game_logs3.json,23,contribution,0.0,24,0.0,observed,,24
DeepSeek V4 Pro,PGG,game_logs3,RQ1_result/result/public_goods/result_063004_deepseek-v4-pro/game_logs3.json,24,contribution,0.0,24,0.0,observed,,24
DeepSeek V4 Pro,PGG,game_logs3,RQ1_result/result/public_goods/result_063004_deepseek-v4-pro/game_logs3.json,25,contribution,0.0,24,0.0,observed,,24
DeepSeek V4 Pro,PGG,game_logs3,RQ1_result/result/public_goods/result_063004_deepseek-v4-pro/game_logs3.json,26,contribution,0.0,24,0.0,observed,,24
DeepSeek V4 Pro,PGG,game_logs3,RQ1_result/result/public_goods/result_063004_deepseek-v4-pro/game_logs3.json,27,contribution,0.0,24,0.0,observed,,24
DeepSeek V4 Pro,PGG,game_logs3,RQ1_result/result/public_goods/result_063004_deepseek-v4-pro/game_logs3.json,28,contribution,0.0,24,0.0,observed,,24
DeepSeek V4 Pro,PGG,game_logs3,RQ1_result/result/public_goods/result_063004_deepseek-v4-pro/game_logs3.json,29,contribution,0.0,24,0.0,observed,,24
DeepSeek V4 Pro,PGG,game_logs3,RQ1_result/result/public_goods/result_063004_deepseek-v4-pro/game_logs3.json,30,contribution,0.0,24,0.0,observed,,24
DeepSeek V4 Pro,TG,game_log1,RQ1_result/result/trust_game/091601_deepseek-v4-pro/data/game_log1.json,1,sender,50.0,12,50.0,observed,,12
DeepSeek V4 Pro,TG,game_log1,RQ1_result/result/trust_game/091601_deepseek-v4-pro/data/game_log1.json,1,receiver,0.0,12,0.0,observed,,12
DeepSeek V4 Pro,TG,game_log1,RQ1_result/result/trust_game/091601_deepseek-v4-pro/data/game_log1.json,2,sender,50.0,12,50.0,observed,,12
DeepSeek V4 Pro,TG,game_log1,RQ1_result/result/trust_game/091601_deepseek-v4-pro/data/game_log1.json,2,receiver,0.0,11,0.0,observed,,11
DeepSeek V4 Pro,TG,game_log1,RQ1_result/result/trust_game/091601_deepseek-v4-pro/data/game_log1.json,3,sender,50.0,12,50.0,observed,,12
DeepSeek V4 Pro,TG,game_log1,RQ1_result/result/trust_game/091601_deepseek-v4-pro/data/game_log1.json,3,receiver,0.0,12,0.0,observed,,12
DeepSeek V4 Pro,TG,game_log1,RQ1_result/result/trust_game/091601_deepseek-v4-pro/data/game_log1.json,4,sender,54.166666666666664,12,54.166666666666664,observed,,12
DeepSeek V4 Pro,TG,game_log1,RQ1_result/result/trust_game/091601_deepseek-v4-pro/data/game_log1.json,4,receiver,0.0,12,0.0,observed,,12
DeepSeek V4 Pro,TG,game_log1,RQ1_result/result/trust_game/091601_deepseek-v4-pro/data/game_log1.json,5,sender,54.166666666666664,12,54.166666666666664,observed,,12
DeepSeek V4 Pro,TG,game_log1,RQ1_result/result/trust_game/091601_deepseek-v4-pro/data/game_log1.json,5,receiver,10.0,10,10.0,observed,,10
DeepSeek V4 Pro,TG,game_log1,RQ1_result/result/trust_game/091601_deepseek-v4-pro/data/game_log1.json,6,sender,59.166666666666664,12,59.166666666666664,observed,,12
DeepSeek V4 Pro,TG,game_log1,RQ1_result/result/trust_game/091601_deepseek-v4-pro/data/game_log1.json,6,receiver,0.0,11,0.0,observed,,11
DeepSeek V4 Pro,TG,game_log1,RQ1_result/result/trust_game/091601_deepseek-v4-pro/data/game_log1.json,7,sender,45.83333333333333,12,45.83333333333333,observed,,12
DeepSeek V4 Pro,TG,game_log1,RQ1_result/result/trust_game/091601_deepseek-v4-pro/data/game_log1.json,7,receiver,0.0,10,0.0,observed,,10
DeepSeek V4 Pro,TG,game_log1,RQ1_result/result/trust_game/091601_deepseek-v4-pro/data/game_log1.json,8,sender,54.166666666666664,12,54.166666666666664,observed,,12
DeepSeek V4 Pro,TG,game_log1,RQ1_result/result/trust_game/091601_deepseek-v4-pro/data/game_log1.json,8,receiver,0.0,11,0.0,observed,,11
DeepSeek V4 Pro,TG,game_log1,RQ1_result/result/trust_game/091601_deepseek-v4-pro/data/game_log1.json,9,sender,62.5,12,62.5,observed,,12
DeepSeek V4 Pro,TG,game_log1,RQ1_result/result/trust_game/091601_deepseek-v4-pro/data/game_log1.json,9,receiver,8.333333333333332,12,8.333333333333332,observed,,12
DeepSeek V4 Pro,TG,game_log1,RQ1_result/result/trust_game/091601_deepseek-v4-pro/data/game_log1.json,10,sender,50.0,12,50.0,observed,,12
DeepSeek V4 Pro,TG,game_log1,RQ1_result/result/trust_game/091601_deepseek-v4-pro/data/game_log1.json,10,receiver,0.0,11,0.0,observed,,11
DeepSeek V4 Pro,TG,game_log1,RQ1_result/result/trust_game/091601_deepseek-v4-pro/data/game_log1.json,11,sender,45.83333333333333,12,45.83333333333333,observed,,12
DeepSeek V4 Pro,TG,game_log1,RQ1_result/result/trust_game/091601_deepseek-v4-pro/data/game_log1.json,11,receiver,0.0,9,0.0,observed,,9
DeepSeek V4 Pro,TG,game_log1,RQ1_result/result/trust_game/091601_deepseek-v4-pro/data/game_log1.json,12,sender,48.333333333333336,12,48.333333333333336,observed,,12
DeepSeek V4 Pro,TG,game_log1,RQ1_result/result/trust_game/091601_deepseek-v4-pro/data/game_log1.json,12,receiver,0.0,10,0.0,observed,,10
DeepSeek V4 Pro,TG,game_log1,RQ1_result/result/trust_game/091601_deepseek-v4-pro/data/game_log1.json,13,sender,50.0,12,50.0,observed,,12
DeepSeek V4 Pro,TG,game_log1,RQ1_result/result/trust_game/091601_deepseek-v4-pro/data/game_log1.json,13,receiver,0.0,11,0.0,observed,,11
DeepSeek V4 Pro,TG,game_log1,RQ1_result/result/trust_game/091601_deepseek-v4-pro/data/game_log1.json,14,sender,29.166666666666668,12,29.166666666666668,observed,,12
DeepSeek V4 Pro,TG,game_log1,RQ1_result/result/trust_game/091601_deepseek-v4-pro/data/game_log1.json,14,receiver,0.0,6,0.0,observed,,6
DeepSeek V4 Pro,TG,game_log1,RQ1_result/result/trust_game/091601_deepseek-v4-pro/data/game_log1.json,15,sender,33.33333333333333,12,33.33333333333333,observed,,12
DeepSeek V4 Pro,TG,game_log1,RQ1_result/result/trust_game/091601_deepseek-v4-pro/data/game_log1.json,15,receiver,0.0,7,0.0,observed,,7
DeepSeek V4 Pro,TG,game_log1,RQ1_result/result/trust_game/091601_deepseek-v4-pro/data/game_log1.json,16,sender,45.83333333333333,12,45.83333333333333,observed,,12
DeepSeek V4 Pro,TG,game_log1,RQ1_result/result/trust_game/091601_deepseek-v4-pro/data/game_log1.json,16,receiver,10.0,10,10.0,observed,,10
DeepSeek V4 Pro,TG,game_log1,RQ1_result/result/trust_game/091601_deepseek-v4-pro/data/game_log1.json,17,sender,54.166666666666664,12,54.166666666666664,observed,,12
DeepSeek V4 Pro,TG,game_log1,RQ1_result/result/trust_game/091601_deepseek-v4-pro/data/game_log1.json,17,receiver,12.5,8,12.5,observed,,8
DeepSeek V4 Pro,TG,game_log1,RQ1_result/result/trust_game/091601_deepseek-v4-pro/data/game_log1.json,18,sender,37.5,12,37.5,observed,,12
DeepSeek V4 Pro,TG,game_log1,RQ1_result/result/trust_game/091601_deepseek-v4-pro/data/game_log1.json,18,receiver,16.666666666666664,6,16.666666666666664,observed,,6
DeepSeek V4 Pro,TG,game_log1,RQ1_result/result/trust_game/091601_deepseek-v4-pro/data/game_log1.json,19,sender,41.66666666666667,12,41.66666666666667,observed,,12
DeepSeek V4 Pro,TG,game_log1,RQ1_result/result/trust_game/091601_deepseek-v4-pro/data/game_log1.json,19,receiver,12.5,8,12.5,observed,,8
DeepSeek V4 Pro,TG,game_log1,RQ1_result/result/trust_game/091601_deepseek-v4-pro/data/game_log1.json,20,sender,37.5,12,37.5,observed,,12
DeepSeek V4 Pro,TG,game_log1,RQ1_result/result/trust_game/091601_deepseek-v4-pro/data/game_log1.json,20,receiver,0.0,7,0.0,observed,,7
DeepSeek V4 Pro,TG,game_log1,RQ1_result/result/trust_game/091601_deepseek-v4-pro/data/game_log1.json,21,sender,45.83333333333333,12,45.83333333333333,observed,,12
DeepSeek V4 Pro,TG,game_log1,RQ1_result/result/trust_game/091601_deepseek-v4-pro/data/game_log1.json,21,receiver,0.0,8,0.0,observed,,8
DeepSeek V4 Pro,TG,game_log1,RQ1_result/result/trust_game/091601_deepseek-v4-pro/data/game_log1.json,22,sender,50.0,12,50.0,observed,,12
DeepSeek V4 Pro,TG,game_log1,RQ1_result/result/trust_game/091601_deepseek-v4-pro/data/game_log1.json,22,receiver,11.11111111111111,9,11.11111111111111,observed,,9
DeepSeek V4 Pro,TG,game_log1,RQ1_result/result/trust_game/091601_deepseek-v4-pro/data/game_log1.json,23,sender,29.166666666666668,12,29.166666666666668,observed,,12
DeepSeek V4 Pro,TG,game_log1,RQ1_result/result/trust_game/091601_deepseek-v4-pro/data/game_log1.json,23,receiver,0.0,5,0.0,observed,,5
DeepSeek V4 Pro,TG,game_log1,RQ1_result/result/trust_game/091601_deepseek-v4-pro/data/game_log1.json,24,sender,33.33333333333333,12,33.33333333333333,observed,,12
DeepSeek V4 Pro,TG,game_log1,RQ1_result/result/trust_game/091601_deepseek-v4-pro/data/game_log1.json,24,receiver,0.0,6,0.0,observed,,6
DeepSeek V4 Pro,TG,game_log1,RQ1_result/result/trust_game/091601_deepseek-v4-pro/data/game_log1.json,25,sender,33.33333333333333,12,33.33333333333333,observed,,12
DeepSeek V4 Pro,TG,game_log1,RQ1_result/result/trust_game/091601_deepseek-v4-pro/data/game_log1.json,25,receiver,0.0,8,0.0,observed,,8
DeepSeek V4 Pro,TG,game_log1,RQ1_result/result/trust_game/091601_deepseek-v4-pro/data/game_log1.json,26,sender,16.666666666666664,12,16.666666666666664,observed,,12
DeepSeek V4 Pro,TG,game_log1,RQ1_result/result/trust_game/091601_deepseek-v4-pro/data/game_log1.json,26,receiver,0.0,3,0.0,observed,,3
DeepSeek V4 Pro,TG,game_log1,RQ1_result/result/trust_game/091601_deepseek-v4-pro/data/game_log1.json,27,sender,33.33333333333333,12,33.33333333333333,observed,,12
DeepSeek V4 Pro,TG,game_log1,RQ1_result/result/trust_game/091601_deepseek-v4-pro/data/game_log1.json,27,receiver,0.0,5,0.0,observed,,5
DeepSeek V4 Pro,TG,game_log1,RQ1_result/result/trust_game/091601_deepseek-v4-pro/data/game_log1.json,28,sender,34.166666666666664,12,34.166666666666664,observed,,12
DeepSeek V4 Pro,TG,game_log1,RQ1_result/result/trust_game/091601_deepseek-v4-pro/data/game_log1.json,28,receiver,0.0,7,0.0,observed,,7
DeepSeek V4 Pro,TG,game_log1,RQ1_result/result/trust_game/091601_deepseek-v4-pro/data/game_log1.json,29,sender,33.33333333333333,12,33.33333333333333,observed,,12
DeepSeek V4 Pro,TG,game_log1,RQ1_result/result/trust_game/091601_deepseek-v4-pro/data/game_log1.json,29,receiver,0.0,5,0.0,observed,,5
DeepSeek V4 Pro,TG,game_log1,RQ1_result/result/trust_game/091601_deepseek-v4-pro/data/game_log1.json,30,sender,19.166666666666664,12,19.166666666666664,observed,,12
DeepSeek V4 Pro,TG,game_log1,RQ1_result/result/trust_game/091601_deepseek-v4-pro/data/game_log1.json,30,receiver,0.0,4,0.0,observed,,4
DeepSeek V4 Pro,TG,game_log2,RQ1_result/result/trust_game/091601_deepseek-v4-pro/data/game_log2.json,1,sender,50.0,12,50.0,observed,,12
DeepSeek V4 Pro,TG,game_log2,RQ1_result/result/trust_game/091601_deepseek-v4-pro/data/game_log2.json,1,receiver,0.0,12,0.0,observed,,12
DeepSeek V4 Pro,TG,game_log2,RQ1_result/result/trust_game/091601_deepseek-v4-pro/data/game_log2.json,2,sender,50.0,12,50.0,observed,,12
DeepSeek V4 Pro,TG,game_log2,RQ1_result/result/trust_game/091601_deepseek-v4-pro/data/game_log2.json,2,receiver,0.0,12,0.0,observed,,12
DeepSeek V4 Pro,TG,game_log2,RQ1_result/result/trust_game/091601_deepseek-v4-pro/data/game_log2.json,3,sender,45.83333333333333,12,45.83333333333333,observed,,12
DeepSeek V4 Pro,TG,game_log2,RQ1_result/result/trust_game/091601_deepseek-v4-pro/data/game_log2.json,3,receiver,0.0,10,0.0,observed,,10
DeepSeek V4 Pro,TG,game_log2,RQ1_result/result/trust_game/091601_deepseek-v4-pro/data/game_log2.json,4,sender,40.0,12,40.0,observed,,12
DeepSeek V4 Pro,TG,game_log2,RQ1_result/result/trust_game/091601_deepseek-v4-pro/data/game_log2.json,4,receiver,0.0,9,0.0,observed,,9
DeepSeek V4 Pro,TG,game_log2,RQ1_result/result/trust_game/091601_deepseek-v4-pro/data/game_log2.json,5,sender,42.5,12,42.5,observed,,12
DeepSeek V4 Pro,TG,game_log2,RQ1_result/result/trust_game/091601_deepseek-v4-pro/data/game_log2.json,5,receiver,0.0,10,0.0,observed,,10
DeepSeek V4 Pro,TG,game_log2,RQ1_result/result/trust_game/091601_deepseek-v4-pro/data/game_log2.json,6,sender,54.166666666666664,12,54.166666666666664,observed,,12
DeepSeek V4 Pro,TG,game_log2,RQ1_result/result/trust_game/091601_deepseek-v4-pro/data/game_log2.json,6,receiver,0.0,11,0.0,observed,,11
DeepSeek V4 Pro,TG,game_log2,RQ1_result/result/trust_game/091601_deepseek-v4-pro/data/game_log2.json,7,sender,37.5,12,37.5,observed,,12
DeepSeek V4 Pro,TG,game_log2,RQ1_result/result/trust_game/091601_deepseek-v4-pro/data/game_log2.json,7,receiver,0.0,9,0.0,observed,,9
DeepSeek V4 Pro,TG,game_log2,RQ1_result/result/trust_game/091601_deepseek-v4-pro/data/game_log2.json,8,sender,37.5,12,37.5,observed,,12
DeepSeek V4 Pro,TG,game_log2,RQ1_result/result/trust_game/091601_deepseek-v4-pro/data/game_log2.json,8,receiver,0.0,9,0.0,observed,,9
DeepSeek V4 Pro,TG,game_log2,RQ1_result/result/trust_game/091601_deepseek-v4-pro/data/game_log2.json,9,sender,58.333333333333336,12,58.333333333333336,observed,,12
DeepSeek V4 Pro,TG,game_log2,RQ1_result/result/trust_game/091601_deepseek-v4-pro/data/game_log2.json,9,receiver,0.0,11,0.0,observed,,11
DeepSeek V4 Pro,TG,game_log2,RQ1_result/result/trust_game/091601_deepseek-v4-pro/data/game_log2.json,10,sender,33.33333333333333,12,33.33333333333333,observed,,12
DeepSeek V4 Pro,TG,game_log2,RQ1_result/result/trust_game/091601_deepseek-v4-pro/data/game_log2.json,10,receiver,0.0,7,0.0,observed,,7
DeepSeek V4 Pro,TG,game_log2,RQ1_result/result/trust_game/091601_deepseek-v4-pro/data/game_log2.json,11,sender,50.83333333333333,12,50.83333333333333,observed,,12
DeepSeek V4 Pro,TG,game_log2,RQ1_result/result/trust_game/091601_deepseek-v4-pro/data/game_log2.json,11,receiver,0.0,10,0.0,observed,,10
DeepSeek V4 Pro,TG,game_log2,RQ1_result/result/trust_game/091601_deepseek-v4-pro/data/game_log2.json,12,sender,33.33333333333333,12,33.33333333333333,observed,,12
DeepSeek V4 Pro,TG,game_log2,RQ1_result/result/trust_game/091601_deepseek-v4-pro/data/game_log2.json,12,receiver,0.0,8,0.0,observed,,8
DeepSeek V4 Pro,TG,game_log2,RQ1_result/result/trust_game/091601_deepseek-v4-pro/data/game_log2.json,13,sender,29.166666666666668,12,29.166666666666668,observed,,12
DeepSeek V4 Pro,TG,game_log2,RQ1_result/result/trust_game/091601_deepseek-v4-pro/data/game_log2.json,13,receiver,0.0,7,0.0,observed,,7
DeepSeek V4 Pro,TG,game_log2,RQ1_result/result/trust_game/091601_deepseek-v4-pro/data/game_log2.json,14,sender,29.166666666666668,12,29.166666666666668,observed,,12
DeepSeek V4 Pro,TG,game_log2,RQ1_result/result/trust_game/091601_deepseek-v4-pro/data/game_log2.json,14,receiver,0.0,7,0.0,observed,,7
DeepSeek V4 Pro,TG,game_log2,RQ1_result/result/trust_game/091601_deepseek-v4-pro/data/game_log2.json,15,sender,35.833333333333336,12,35.833333333333336,observed,,12
DeepSeek V4 Pro,TG,game_log2,RQ1_result/result/trust_game/091601_deepseek-v4-pro/data/game_log2.json,15,receiver,0.0,8,0.0,observed,,8
DeepSeek V4 Pro,TG,game_log2,RQ1_result/result/trust_game/091601_deepseek-v4-pro/data/game_log2.json,16,sender,50.0,12,50.0,observed,,12
DeepSeek V4 Pro,TG,game_log2,RQ1_result/result/trust_game/091601_deepseek-v4-pro/data/game_log2.json,16,receiver,0.0,8,0.0,observed,,8
DeepSeek V4 Pro,TG,game_log2,RQ1_result/result/trust_game/091601_deepseek-v4-pro/data/game_log2.json,17,sender,58.333333333333336,12,58.333333333333336,observed,,12
DeepSeek V4 Pro,TG,game_log2,RQ1_result/result/trust_game/091601_deepseek-v4-pro/data/game_log2.json,17,receiver,0.0,9,0.0,observed,,9
DeepSeek V4 Pro,TG,game_log2,RQ1_result/result/trust_game/091601_deepseek-v4-pro/data/game_log2.json,18,sender,37.5,12,37.5,observed,,12
DeepSeek V4 Pro,TG,game_log2,RQ1_result/result/trust_game/091601_deepseek-v4-pro/data/game_log2.json,18,receiver,0.0,8,0.0,observed,,8
DeepSeek V4 Pro,TG,game_log2,RQ1_result/result/trust_game/091601_deepseek-v4-pro/data/game_log2.json,19,sender,29.166666666666668,12,29.166666666666668,observed,,12
DeepSeek V4 Pro,TG,game_log2,RQ1_result/result/trust_game/091601_deepseek-v4-pro/data/game_log2.json,19,receiver,0.0,7,0.0,observed,,7
DeepSeek V4 Pro,TG,game_log2,RQ1_result/result/trust_game/091601_deepseek-v4-pro/data/game_log2.json,20,sender,51.66666666666667,12,51.66666666666667,observed,,12
DeepSeek V4 Pro,TG,game_log2,RQ1_result/result/trust_game/091601_deepseek-v4-pro/data/game_log2.json,20,receiver,10.0,10,10.0,observed,,10
DeepSeek V4 Pro,TG,game_log2,RQ1_result/result/trust_game/091601_deepseek-v4-pro/data/game_log2.json,21,sender,45.83333333333333,12,45.83333333333333,observed,,12
DeepSeek V4 Pro,TG,game_log2,RQ1_result/result/trust_game/091601_deepseek-v4-pro/data/game_log2.json,21,receiver,0.0,8,0.0,observed,,8
DeepSeek V4 Pro,TG,game_log2,RQ1_result/result/trust_game/091601_deepseek-v4-pro/data/game_log2.json,22,sender,33.33333333333333,12,33.33333333333333,observed,,12
DeepSeek V4 Pro,TG,game_log2,RQ1_result/result/trust_game/091601_deepseek-v4-pro/data/game_log2.json,22,receiver,0.0,6,0.0,observed,,6
DeepSeek V4 Pro,TG,game_log2,RQ1_result/result/trust_game/091601_deepseek-v4-pro/data/game_log2.json,23,sender,20.833333333333336,12,20.833333333333336,observed,,12
DeepSeek V4 Pro,TG,game_log2,RQ1_result/result/trust_game/091601_deepseek-v4-pro/data/game_log2.json,23,receiver,0.0,5,0.0,observed,,5
DeepSeek V4 Pro,TG,game_log2,RQ1_result/result/trust_game/091601_deepseek-v4-pro/data/game_log2.json,24,sender,33.33333333333333,12,33.33333333333333,observed,,12
DeepSeek V4 Pro,TG,game_log2,RQ1_result/result/trust_game/091601_deepseek-v4-pro/data/game_log2.json,24,receiver,0.0,5,0.0,observed,,5
DeepSeek V4 Pro,TG,game_log2,RQ1_result/result/trust_game/091601_deepseek-v4-pro/data/game_log2.json,25,sender,24.166666666666668,12,24.166666666666668,observed,,12
DeepSeek V4 Pro,TG,game_log2,RQ1_result/result/trust_game/091601_deepseek-v4-pro/data/game_log2.json,25,receiver,0.0,4,0.0,observed,,4
DeepSeek V4 Pro,TG,game_log2,RQ1_result/result/trust_game/091601_deepseek-v4-pro/data/game_log2.json,26,sender,20.833333333333336,12,20.833333333333336,observed,,12
DeepSeek V4 Pro,TG,game_log2,RQ1_result/result/trust_game/091601_deepseek-v4-pro/data/game_log2.json,26,receiver,0.0,4,0.0,observed,,4
DeepSeek V4 Pro,TG,game_log2,RQ1_result/result/trust_game/091601_deepseek-v4-pro/data/game_log2.json,27,sender,29.166666666666668,12,29.166666666666668,observed,,12
DeepSeek V4 Pro,TG,game_log2,RQ1_result/result/trust_game/091601_deepseek-v4-pro/data/game_log2.json,27,receiver,0.0,5,0.0,observed,,5
DeepSeek V4 Pro,TG,game_log2,RQ1_result/result/trust_game/091601_deepseek-v4-pro/data/game_log2.json,28,sender,20.833333333333336,12,20.833333333333336,observed,,12
DeepSeek V4 Pro,TG,game_log2,RQ1_result/result/trust_game/091601_deepseek-v4-pro/data/game_log2.json,28,receiver,0.0,4,0.0,observed,,4
DeepSeek V4 Pro,TG,game_log2,RQ1_result/result/trust_game/091601_deepseek-v4-pro/data/game_log2.json,29,sender,48.333333333333336,12,48.333333333333336,observed,,12
DeepSeek V4 Pro,TG,game_log2,RQ1_result/result/trust_game/091601_deepseek-v4-pro/data/game_log2.json,29,receiver,0.0,8,0.0,observed,,8
DeepSeek V4 Pro,TG,game_log2,RQ1_result/result/trust_game/091601_deepseek-v4-pro/data/game_log2.json,30,sender,29.166666666666668,12,29.166666666666668,observed,,12
DeepSeek V4 Pro,TG,game_log2,RQ1_result/result/trust_game/091601_deepseek-v4-pro/data/game_log2.json,30,receiver,0.0,6,0.0,observed,,6
DeepSeek V4 Pro,TG,game_log3,RQ1_result/result/trust_game/091601_deepseek-v4-pro/data/game_log3.json,1,sender,50.0,12,50.0,observed,,12
DeepSeek V4 Pro,TG,game_log3,RQ1_result/result/trust_game/091601_deepseek-v4-pro/data/game_log3.json,1,receiver,0.0,12,0.0,observed,,12
DeepSeek V4 Pro,TG,game_log3,RQ1_result/result/trust_game/091601_deepseek-v4-pro/data/game_log3.json,2,sender,45.83333333333333,12,45.83333333333333,observed,,12
DeepSeek V4 Pro,TG,game_log3,RQ1_result/result/trust_game/091601_deepseek-v4-pro/data/game_log3.json,2,receiver,0.0,11,0.0,observed,,11
DeepSeek V4 Pro,TG,game_log3,RQ1_result/result/trust_game/091601_deepseek-v4-pro/data/game_log3.json,3,sender,48.333333333333336,12,48.333333333333336,observed,,12
DeepSeek V4 Pro,TG,game_log3,RQ1_result/result/trust_game/091601_deepseek-v4-pro/data/game_log3.json,3,receiver,0.0,12,0.0,observed,,12
DeepSeek V4 Pro,TG,game_log3,RQ1_result/result/trust_game/091601_deepseek-v4-pro/data/game_log3.json,4,sender,49.16666666666667,12,49.16666666666667,observed,,12
DeepSeek V4 Pro,TG,game_log3,RQ1_result/result/trust_game/091601_deepseek-v4-pro/data/game_log3.json,4,receiver,0.0,12,0.0,observed,,12
DeepSeek V4 Pro,TG,game_log3,RQ1_result/result/trust_game/091601_deepseek-v4-pro/data/game_log3.json,5,sender,45.83333333333333,12,45.83333333333333,observed,,12
DeepSeek V4 Pro,TG,game_log3,RQ1_result/result/trust_game/091601_deepseek-v4-pro/data/game_log3.json,5,receiver,0.0,9,0.0,observed,,9
DeepSeek V4 Pro,TG,game_log3,RQ1_result/result/trust_game/091601_deepseek-v4-pro/data/game_log3.json,6,sender,41.66666666666667,12,41.66666666666667,observed,,12
DeepSeek V4 Pro,TG,game_log3,RQ1_result/result/trust_game/091601_deepseek-v4-pro/data/game_log3.json,6,receiver,10.0,10,10.0,observed,,10
DeepSeek V4 Pro,TG,game_log3,RQ1_result/result/trust_game/091601_deepseek-v4-pro/data/game_log3.json,7,sender,45.83333333333333,12,45.83333333333333,observed,,12
DeepSeek V4 Pro,TG,game_log3,RQ1_result/result/trust_game/091601_deepseek-v4-pro/data/game_log3.json,7,receiver,0.0,11,0.0,observed,,11
DeepSeek V4 Pro,TG,game_log3,RQ1_result/result/trust_game/091601_deepseek-v4-pro/data/game_log3.json,8,sender,45.83333333333333,12,45.83333333333333,observed,,12
DeepSeek V4 Pro,TG,game_log3,RQ1_result/result/trust_game/091601_deepseek-v4-pro/data/game_log3.json,8,receiver,0.0,8,0.0,observed,,8
DeepSeek V4 Pro,TG,game_log3,RQ1_result/result/trust_game/091601_deepseek-v4-pro/data/game_log3.json,9,sender,41.66666666666667,12,41.66666666666667,observed,,12
DeepSeek V4 Pro,TG,game_log3,RQ1_result/result/trust_game/091601_deepseek-v4-pro/data/game_log3.json,9,receiver,0.0,9,0.0,observed,,9
DeepSeek V4 Pro,TG,game_log3,RQ1_result/result/trust_game/091601_deepseek-v4-pro/data/game_log3.json,10,sender,48.333333333333336,12,48.333333333333336,observed,,12
DeepSeek V4 Pro,TG,game_log3,RQ1_result/result/trust_game/091601_deepseek-v4-pro/data/game_log3.json,10,receiver,0.0,11,0.0,observed,,11
DeepSeek V4 Pro,TG,game_log3,RQ1_result/result/trust_game/091601_deepseek-v4-pro/data/game_log3.json,11,sender,37.5,12,37.5,observed,,12
DeepSeek V4 Pro,TG,game_log3,RQ1_result/result/trust_game/091601_deepseek-v4-pro/data/game_log3.json,11,receiver,0.0,8,0.0,observed,,8
DeepSeek V4 Pro,TG,game_log3,RQ1_result/result/trust_game/091601_deepseek-v4-pro/data/game_log3.json,12,sender,45.83333333333333,12,45.83333333333333,observed,,12
DeepSeek V4 Pro,TG,game_log3,RQ1_result/result/trust_game/091601_deepseek-v4-pro/data/game_log3.json,12,receiver,10.0,10,10.0,observed,,10
DeepSeek V4 Pro,TG,game_log3,RQ1_result/result/trust_game/091601_deepseek-v4-pro/data/game_log3.json,13,sender,48.333333333333336,12,48.333333333333336,observed,,12
DeepSeek V4 Pro,TG,game_log3,RQ1_result/result/trust_game/091601_deepseek-v4-pro/data/game_log3.json,13,receiver,0.0,11,0.0,observed,,11
DeepSeek V4 Pro,TG,game_log3,RQ1_result/result/trust_game/091601_deepseek-v4-pro/data/game_log3.json,14,sender,48.333333333333336,12,48.333333333333336,observed,,12
DeepSeek V4 Pro,TG,game_log3,RQ1_result/result/trust_game/091601_deepseek-v4-pro/data/game_log3.json,14,receiver,0.0,11,0.0,observed,,11
DeepSeek V4 Pro,TG,game_log3,RQ1_result/result/trust_game/091601_deepseek-v4-pro/data/game_log3.json,15,sender,25.0,12,25.0,observed,,12
DeepSeek V4 Pro,TG,game_log3,RQ1_result/result/trust_game/091601_deepseek-v4-pro/data/game_log3.json,15,receiver,0.0,5,0.0,observed,,5
DeepSeek V4 Pro,TG,game_log3,RQ1_result/result/trust_game/091601_deepseek-v4-pro/data/game_log3.json,16,sender,50.0,12,50.0,observed,,12
DeepSeek V4 Pro,TG,game_log3,RQ1_result/result/trust_game/091601_deepseek-v4-pro/data/game_log3.json,16,receiver,0.0,10,0.0,observed,,10
DeepSeek V4 Pro,TG,game_log3,RQ1_result/result/trust_game/091601_deepseek-v4-pro/data/game_log3.json,17,sender,33.33333333333333,12,33.33333333333333,observed,,12
DeepSeek V4 Pro,TG,game_log3,RQ1_result/result/trust_game/091601_deepseek-v4-pro/data/game_log3.json,17,receiver,0.0,7,0.0,observed,,7
DeepSeek V4 Pro,TG,game_log3,RQ1_result/result/trust_game/091601_deepseek-v4-pro/data/game_log3.json,18,sender,50.0,12,50.0,observed,,12
DeepSeek V4 Pro,TG,game_log3,RQ1_result/result/trust_game/091601_deepseek-v4-pro/data/game_log3.json,18,receiver,0.0,9,0.0,observed,,9
DeepSeek V4 Pro,TG,game_log3,RQ1_result/result/trust_game/091601_deepseek-v4-pro/data/game_log3.json,19,sender,37.5,12,37.5,observed,,12
DeepSeek V4 Pro,TG,game_log3,RQ1_result/result/trust_game/091601_deepseek-v4-pro/data/game_log3.json,19,receiver,14.285714285714285,7,14.285714285714285,observed,,7
DeepSeek V4 Pro,TG,game_log3,RQ1_result/result/trust_game/091601_deepseek-v4-pro/data/game_log3.json,20,sender,41.66666666666667,12,41.66666666666667,observed,,12
DeepSeek V4 Pro,TG,game_log3,RQ1_result/result/trust_game/091601_deepseek-v4-pro/data/game_log3.json,20,receiver,0.0,8,0.0,observed,,8
DeepSeek V4 Pro,TG,game_log3,RQ1_result/result/trust_game/091601_deepseek-v4-pro/data/game_log3.json,21,sender,20.833333333333336,12,20.833333333333336,observed,,12
DeepSeek V4 Pro,TG,game_log3,RQ1_result/result/trust_game/091601_deepseek-v4-pro/data/game_log3.json,21,receiver,0.0,4,0.0,observed,,4
DeepSeek V4 Pro,TG,game_log3,RQ1_result/result/trust_game/091601_deepseek-v4-pro/data/game_log3.json,22,sender,33.33333333333333,12,33.33333333333333,observed,,12
DeepSeek V4 Pro,TG,game_log3,RQ1_result/result/trust_game/091601_deepseek-v4-pro/data/game_log3.json,22,receiver,0.0,6,0.0,observed,,6
DeepSeek V4 Pro,TG,game_log3,RQ1_result/result/trust_game/091601_deepseek-v4-pro/data/game_log3.json,23,sender,50.0,12,50.0,observed,,12
DeepSeek V4 Pro,TG,game_log3,RQ1_result/result/trust_game/091601_deepseek-v4-pro/data/game_log3.json,23,receiver,0.0,7,0.0,observed,,7
DeepSeek V4 Pro,TG,game_log3,RQ1_result/result/trust_game/091601_deepseek-v4-pro/data/game_log3.json,24,sender,33.33333333333333,12,33.33333333333333,observed,,12
DeepSeek V4 Pro,TG,game_log3,RQ1_result/result/trust_game/091601_deepseek-v4-pro/data/game_log3.json,24,receiver,0.0,6,0.0,observed,,6
DeepSeek V4 Pro,TG,game_log3,RQ1_result/result/trust_game/091601_deepseek-v4-pro/data/game_log3.json,25,sender,25.0,12,25.0,observed,,12
DeepSeek V4 Pro,TG,game_log3,RQ1_result/result/trust_game/091601_deepseek-v4-pro/data/game_log3.json,25,receiver,16.666666666666664,6,16.666666666666664,observed,,6
DeepSeek V4 Pro,TG,game_log3,RQ1_result/result/trust_game/091601_deepseek-v4-pro/data/game_log3.json,26,sender,37.5,12,37.5,observed,,12
DeepSeek V4 Pro,TG,game_log3,RQ1_result/result/trust_game/091601_deepseek-v4-pro/data/game_log3.json,26,receiver,0.0,6,0.0,observed,,6
DeepSeek V4 Pro,TG,game_log3,RQ1_result/result/trust_game/091601_deepseek-v4-pro/data/game_log3.json,27,sender,20.833333333333336,12,20.833333333333336,observed,,12
DeepSeek V4 Pro,TG,game_log3,RQ1_result/result/trust_game/091601_deepseek-v4-pro/data/game_log3.json,27,receiver,0.0,4,0.0,observed,,4
DeepSeek V4 Pro,TG,game_log3,RQ1_result/result/trust_game/091601_deepseek-v4-pro/data/game_log3.json,28,sender,50.0,12,50.0,observed,,12
DeepSeek V4 Pro,TG,game_log3,RQ1_result/result/trust_game/091601_deepseek-v4-pro/data/game_log3.json,28,receiver,0.0,7,0.0,observed,,7
DeepSeek V4 Pro,TG,game_log3,RQ1_result/result/trust_game/091601_deepseek-v4-pro/data/game_log3.json,29,sender,29.166666666666668,12,29.166666666666668,observed,,12
DeepSeek V4 Pro,TG,game_log3,RQ1_result/result/trust_game/091601_deepseek-v4-pro/data/game_log3.json,29,receiver,0.0,5,0.0,observed,,5
DeepSeek V4 Pro,TG,game_log3,RQ1_result/result/trust_game/091601_deepseek-v4-pro/data/game_log3.json,30,sender,25.0,12,25.0,observed,,12
DeepSeek V4 Pro,TG,game_log3,RQ1_result/result/trust_game/091601_deepseek-v4-pro/data/game_log3.json,30,receiver,25.0,4,25.0,observed,,4
